ply
format ascii 1.0
element vertex 15088
property float x
property float y
property float z
property uchar red
property uchar green
property uchar blue
end_header
188.093 0 148.234 255 0 0
164.242 0 192.549 255 0 0
193.378 0 154.386 255 0 0
174.025 8.88178e-16 161.676 255 0 0
186.907 0 153.262 0 255 255
271.435 183.925 319.015 255 0 0
162.849 0 163.886 255 0 0
190.01 0 149.982 255 0 0
179.712 0 188.35 0 255 255
158.229 0 169.574 255 0 255
271.58 555 142.886 255 255 0
171.893 0 187.926 255 0 0
174.945 0 145.063 255 0 0
156.037 0 190.221 255 255 0
203.517 4.44089e-16 169.807 255 0 0
359.538 555 166.107 0 255 255
192.6 0 160.977 255 0 255
164.919 0 198.909 255 0 0
179.561 0 181.007 255 0 255
180.973 0 153.584 0 0 255
164.916 0 174.054 255 0 0
159.458 0 172.546 255 0 0
169.412 0 178.218 255 0 0
317.395 123.328 280.961 255 255 255
179.886 0 183.27 255 0 0
175.851 0 181.923 255 0 0
153.47 0 173.987 0 255 0
57.9479 0 70.3806 255 255 255
179.741 0 188.431 255 255 0
169.778 0 185.82 0 255 0
179.631 8.88178e-16 164.346 255 0 255
210.777 0 183.889 255 0 0
164.179 1.77636e-15 154.941 0 255 255
204.736 0 167.939 0 255 255
66.7736 -1.42109e-14 256.443 255 255 255
190.832 0 168.012 255 0 0
196.202 0 154.578 255 0 0
198.114 0 163.465 255 0 0
161.79 0 175.268 255 255 0
246.204 0 359.404 255 255 255
181.427 0 159.422 255 0 255
169.227 0 159.022 0 255 0
178.289 0 157.542 255 0 255
171.519 0 192.924 0 255 0
181.329 0 173.649 255 255 0
158.924 -8.88178e-16 162.377 0 255 255
176.263 0 163.349 255 255 0
179.273 0 155.577 255 0 0
151.357 0 176.931 255 0 0
155.659 0 174.102 255 255 0
192.878 0 160.372 0 255 255
154.303 0 185.551 255 0 0
174.377 0 149.139 255 0 0
155.702 0 166.793 255 0 255
180.875 0 196.004 255 0 0
192.805 0 172.898 255 0 0
232.612 0 256.659 255 255 255
227.3 132.762 555 255 255 255
171.038 0 166.79 0 255 0
161.05 0 179.551 255 0 0
267.089 49.2793 294.44 255 255 255
175.691 0 152.588 255 0 0
190.067 0 159.302 255 0 0
170.281 0 157.351 0 255 255
181.784 0 155.521 255 0 255
160.907 0 180.52 0 255 0
289.415 555 414.743 0 255 255
182.171 0 182.517 255 0 0
171.736 0 153.382 255 0 255
191.146 0 195.748 0 255 0
188.613 0 188.599 255 0 0
186.56 0 166.792 255 0 0
147.661 0 173.484 255 0 0
170.654 0 154.018 0 0 255
154.265 0 158.062 255 0 0
208.709 0 184.089 255 0 0
300.34 -1.42109e-14 90.1583 255 255 255
185.246 0 177.513 255 255 0
193.186 0 175.991 255 0 0
194.742 -8.88178e-16 155.754 255 0 0
194.836 4.44089e-16 164.204 0 255 0
176.215 0 155.126 255 0 0
166.965 0 159.794 255 255 0
188.026 0 162.143 0 255 0
196.505 0 198.429 255 255 0
207.732 555 87.6632 255 0 0
171.344 0 180.224 255 0 255
160.227 0 191.047 0 0 255
159.365 0 184.436 255 0 0
178.656 -1.11022e-16 182.407 255 0 0
291.402 0 141.279 255 255 255
218.874 555 171.502 255 0 0
190.887 0 189.038 0 255 255
189.016 0 197.425 255 0 255
199.322 0 171.766 255 0 255
204.322 0 165.514 255 0 0
186.083 -2.22045e-16 206.671 255 0 0
151.942 0 169.198 0 255 0
200.766 0 154.31 255 0 255
194.941 0 176.498 255 255 0
200.477 0 171.55 255 0 0
166.022 -8.88178e-16 170.057 255 0 0
179.975 5.55112e-17 191.377 255 255 0
161.755 -4.44089e-16 182.741 0 255 255
191.602 0 148.531 255 0 0
198.232 0 178.468 255 0 0
162.861 0 160.891 0 255 0
176.82 0 175.114 255 0 255
185.656 0 203.294 255 255 0
192.729 0 183.965 255 0 255
343.531 166.747 273.958 255 255 255
194.566 0 171.902 255 0 255
174.486 0 173.973 255 0 0
163.597 0 173.414 0 255 255
198.094 0 171.384 255 0 0
169.706 0 186.659 255 0 0
173.274 0 176.54 0 255 0
175.247 0 170.359 0 255 0
163.17 0 173.28 255 0 0
174.934 555 173.674 0 255 0
215.615 555 515.88 255 0 0
0 217.925 172.007 255 255 255
179.296 0 151.675 255 0 255
254.821 0 274.879 255 255 255
169.382 0 177.364 255 0 0
176.368 0 171.584 0 255 0
172.657 0 183.699 255 0 0
187.091 0 162.333 0 255 255
186.674 0 199.361 255 0 0
167.859 0 165.938 255 0 255
75.1801 555 112.044 255 255 255
176.329 0 152.385 255 0 0
184.206 2.22045e-16 175.353 255 0 0
296.652 319.148 286.519 255 0 0
42.7045 0 64.8579 255 255 255
187.117 0 177.896 255 0 0
168.432 0 191.515 0 0 255
168.641 0 179.958 255 0 0
175.827 0 160.527 255 0 0
160.179 0 148.973 255 255 0
172.443 0 180.703 255 0 0
165.839 0 158.731 255 0 0
178.578 0 184.838 255 0 0
159.007 0 171.587 255 0 0
194.637 0 155.01 255 0 0
201.586 0 195.91 255 255 0
166.853 0 174.161 255 0 0
184.911 0 181.924 255 0 255
200.886 5.63046 555 255 255 255
185.27 0 160.175 0 255 0
240.586 0 160.823 255 0 0
185.709 0 161.121 255 255 0
151.146 0 167.344 0 255 255
175.495 0 176.392 255 255 0
292.678 555 112.169 255 255 255
190.004 0 185.678 255 0 0
155.263 0 177.13 255 255 0
159.137 0 183.703 255 0 255
184.451 0 175.541 0 255 0
151.061 0 168.295 255 0 0
152.702 0 182.836 255 0 255
0 434.449 28.0677 255 255 255
180.532 0 156.835 255 0 0
177.309 0 185.381 255 0 0
190.175 0 168.27 0 0 255
323.838 555 104.761 255 0 0
0 125.295 294.028 255 255 255
177.454 0 185.834 255 0 255
285.585 0 135.631 255 255 255
414.181 555 309.006 255 255 0
0 34.5591 89.1521 255 255 255
175.409 0 183.851 255 0 0
269.49 555 173.979 0 255 255
178.395 0 168.891 255 0 255
168.254 0 160.995 255 0 0
170.445 0 166.47 0 255 255
194.243 0 160.784 0 255 0
210.043 4.44089e-16 176.282 255 255 0
185.946 0 187.493 255 0 0
177.626 1.11022e-16 189.746 255 0 0
198.988 0 165.298 255 0 255
188.276 0 163.372 255 0 0
203.97 0 186.6 255 0 0
173.278 0 173.375 0 255 255
153.699 0 190.352 255 0 0
194.698 0 151.433 255 0 0
157.838 0 163.528 255 0 255
158.904 0 164.803 255 0 0
163.207 0 199.882 255 0 0
191.455 0 180.291 255 255 0
157.059 0 156.655 255 0 0
176.77 0 175.922 255 0 0
194.847 0 199.942 255 0 255
416.824 0 237.991 255 255 255
148.637 0 184.778 0 255 255
81.2599 201.386 555 255 255 255
304.373 0 139.309 255 255 255
152.351 -8.88178e-16 190.47 255 255 0
368.365 133.021 267.303 255 255 255
175.371 0 174.155 255 0 0
162.558 0 160.36 0 255 0
161.636 0 188.466 255 0 255
205.689 0 147.907 255 0 0
176.236 0 162.304 255 0 255
151.307 0 163.543 255 0 255
163.205 0 150.483 255 0 255
180.627 0 170.06 0 255 255
181.969 0 174.893 255 255 0
183.817 0 101.828 0 255 255
168.477 0 202.004 255 0 0
179.064 8.88178e-16 154.684 255 0 255
152.798 0 166.286 255 0 255
174.554 0 160.661 255 0 0
159.652 0 186.633 255 0 0
166.017 0 200.483 255 0 0
174.795 0 198.939 255 0 0
196.295 0 150.348 255 0 0
204.319 0 200.909 255 0 0
108.865 0 238.594 0 255 255
160.704 0 159.849 255 255 0
148.009 0 192.303 0 255 0
150.551 0 199.929 0 255 0
197.357 0 190.669 255 255 0
193.684 0 181.06 255 0 0
190.078 0 181.766 255 255 0
162.885 0 165.075 255 255 0
0 38.1982 92.5376 0 255 0
201.319 0 170.931 255 0 255
186.12 0 176.391 255 255 0
0 501.251 298.646 255 255 0
197.117 0 168.298 0 255 255
180.822 0 205.225 255 0 0
555 246.846 212.853 255 255 255
0 75.4932 251.921 255 255 255
84.1498 98.0122 555 255 255 255
143.95 0 175.046 255 0 0
172.024 0 181.794 255 255 0
292.975 555 109.535 255 0 0
189.754 0 152.946 255 0 255
166.968 0 176.167 255 0 0
287.292 159.43 289.027 255 255 255
269.241 24.2877 310.828 255 255 255
192.136 0 165.091 255 0 255
165.11 0 173.443 255 0 0
170.819 0 159.104 0 255 255
155.493 0 179.974 255 0 255
142.503 0 191.611 255 0 0
178.042 0 187.096 255 0 0
203.624 8.88178e-16 153.507 255 0 0
184.55 0 174.93 255 255 0
251.937 55.0488 555 255 255 255
166.613 0 158.564 255 0 0
194.7 0 176.298 255 0 0
154.223 0 171.686 255 0 0
170.673 0 165.686 255 0 0
147.422 0 291.246 255 255 255
185.647 0 153.865 255 0 0
166.783 4.44089e-16 186.74 255 0 0
158.789 0 163.98 0 255 0
305.365 555 394.599 255 0 0
139.488 0 411.516 255 255 255
174.64 0 163.849 255 0 0
179.194 0 159.497 255 255 0
149.733 0 151.336 255 255 0
173.953 0 162.608 255 255 0
158.142 0 192.899 255 0 0
143.388 0 187.567 255 0 0
171.991 0 174.397 0 255 0
319.474 236.947 280.404 255 0 0
178.342 0 185.616 0 255 0
142.806 0 167.717 255 0 0
181.634 0 175.06 255 0 0
152.924 0 168.312 0 255 255
148.172 0 180.615 0 255 0
167.382 0 170.673 255 0 0
160.401 0 178.344 255 0 0
173.863 0 151.632 255 0 0
193.259 0 158.295 255 0 0
191.654 0 148.558 255 0 255
163.592 0 174.668 0 255 255
177.36 0 188.003 0 255 0
205.446 555 404.941 255 0 0
200.343 0 155.519 0 255 255
186.078 0 201.972 0 0 255
202.605 0 193.558 255 0 0
171.964 0 182.317 255 0 255
162.681 0 156.615 255 0 0
191.715 -8.88178e-16 164.037 255 0 255
157.782 0 172.032 0 255 255
181.069 0 171.373 0 255 255
193.62 0 200.795 0 255 255
179.641 0 169.071 0 255 0
419.759 555 256.703 255 0 255
182.257 0 180.652 255 255 0
179.4 0 171.446 0 255 255
301.11 141.388 285.324 255 255 255
158.469 0 149.385 255 255 0
152.577 0 188.077 255 0 0
160.942 0 182.499 255 0 0
179.413 0 166.914 0 255 0
184.669 0 175.731 255 255 0
184.764 0 185.21 255 0 0
192.118 0 165.874 0 255 255
180.103 0 151.224 255 0 0
179.763 0 175.097 255 255 0
162.647 0 159.921 255 0 0
182.286 0 180.019 255 0 0
150.531 0 181.991 255 255 0
202.777 0 166.222 255 0 255
147.939 0 182.006 255 255 0
192.911 -1.11022e-16 175.789 255 0 0
186.798 0 203.83 255 0 0
263.998 555 457.874 255 0 255
179.553 0 186.104 255 0 255
177.716 0 174.047 255 0 0
159.333 0 172.268 255 0 255
0 101.638 203.352 255 255 255
121.464 555 230.373 255 255 255
202.479 0 174.188 255 255 0
179.881 0 196.309 255 0 255
174.913 0 205.908 255 0 0
147.538 0 189.792 255 0 0
199.142 0 185.294 255 255 0
160.629 0 181.134 255 0 0
184.383 1.11022e-16 201.239 0 255 255
555 257.736 244.747 255 255 255
153.623 0 170.413 255 255 0
124.362 0 319.857 255 255 255
191.381 0 177.934 255 0 0
180.749 0 167.58 255 0 0
189.907 0 169.259 255 0 255
148.018 0 166.702 0 255 255
181.687 0 168.55 255 0 0
162.272 0 192.294 255 0 0
555 244.979 142.936 255 255 255
270.6 555 163.073 255 0 0
185.376 0 175.28 0 255 255
156.413 0 183.475 255 0 0
177.057 -2.22045e-16 173.375 255 0 255
0 25.6012 227.942 0 255 0
172.601 0 158.616 255 0 0
168.255 0 165.042 255 0 255
160.896 0 189.296 255 0 255
75.6502 555 265.336 255 255 0
182.565 0 167.494 255 0 0
178.345 0 172.472 0 255 0
154.691 0 194.941 255 0 0
205.383 0 190.236 0 255 255
180.749 0 179.312 255 0 0
178.721 0 162.457 0 255 0
166.234 8.88178e-16 168.019 255 0 255
147.429 0 180.022 255 0 255
175.103 0 178.564 255 0 0
181.32 0 178.118 0 255 0
169.09 0 167.917 255 0 0
174.458 0 169.611 255 0 0
179.031 0 188.269 0 255 0
187.225 0 181.553 255 0 0
191.973 0 182.326 255 0 255
156.165 0 187.817 0 255 255
161.816 0 184.333 0 255 255
145.459 0 157.32 255 0 0
150.352 0 187.205 255 0 0
98.2382 555 252.048 255 255 0
161.899 0 199.505 255 0 0
194.693 0 177.696 255 0 0
184.592 0 171.909 255 255 0
197.408 0 158.072 255 255 0
183.655 0 178.218 255 0 0
189.901 0 175.78 0 0 255
181.502 0 200.402 255 0 0
185.446 0 191.915 255 0 255
20.8714 555 231.119 255 0 0
172.97 0 195.271 255 0 0
155.034 0 171.513 255 0 255
189.459 0 183.012 255 0 0
164.49 0 161.258 255 255 0
170.243 0 183.593 0 255 255
-1.42109e-14 57.8261 247.125 255 255 255
177.53 -4.44089e-16 166.723 0 0 255
179.998 0 168.97 255 0 0
321.429 70.9376 279.88 255 255 255
184.154 0 190.904 255 0 255
178.208 0 198.091 255 255 0
190.446 0 180.468 255 0 255
170.4 0 191.261 255 0 0
157.297 0 170.604 255 0 0
180.675 0 163.503 255 255 0
207.415 0 188.907 255 0 0
195.3 0 178.599 255 0 255
144.967 -1.77636e-15 158.604 255 0 0
194.982 0 155.46 255 0 0
276.439 191.804 337.689 255 255 255
188.336 0 186.696 255 0 0
192.416 0 168.409 255 0 0
149.562 0 169.167 255 255 0
163.579 -4.44089e-16 177.655 255 0 255
271.547 555 477.136 255 0 0
175.817 0 177.435 255 0 255
165.455 0 162.411 255 0 0
186.036 0 162.173 255 0 255
181.951 0 161.233 255 0 0
191.13 0 169.434 255 0 0
160.15 0 181.454 255 0 0
161.517 4.44089e-16 196.33 255 0 0
35.2658 555 197.215 255 255 255
187.882 0 196.828 0 255 255
151.627 0 163.043 255 0 0
177.428 -8.88178e-16 166.375 255 0 0
203.216 0 171.384 255 255 0
182.649 0 173.788 255 0 0
150.563 0 168.885 255 0 255
76.0087 1.42109e-14 305.143 255 255 255
170.943 0 172.993 255 0 0
168.299 0 202.018 255 0 0
195.364 0 184.628 255 0 255
166.727 0 185.891 255 0 0
184.449 0 173.945 255 0 0
177.124 -8.88178e-16 154.486 255 255 0
188.013 0 168.665 255 0 255
159.672 0 172.881 255 255 0
203.984 0 164.547 0 255 0
189.678 0 188.144 255 255 0
172.279 0 187.539 255 255 0
171.616 0 198.189 255 0 255
171.862 0 171.866 0 255 255
150.937 0 173.706 255 0 0
174.685 0 192.567 255 0 0
171.296 0 165.191 255 0 0
162.659 0 146.907 255 0 0
176.668 0 155.702 255 0 255
173.707 0 158.41 0 255 0
151.703 0 169.061 255 0 0
163.177 0 166.465 255 0 0
181.479 0 174.22 255 0 0
158.899 -8.88178e-16 171.902 0 255 255
172.906 0 161.793 255 0 0
203.587 0 173.398 0 255 255
169.448 -8.88178e-16 163.772 255 0 0
205.56 0 179.461 255 0 0
165.458 0 185.893 255 255 0
169.045 0 176.965 255 0 0
170.371 0 171.904 255 0 0
160.212 0 171.958 0 255 255
178.092 0 172.658 255 255 0
316.537 234.93 281.191 255 0 0
162.575 0 197.059 255 0 0
157.438 0 161.31 0 0 255
238.717 555 546.797 255 0 0
164.692 0 177.223 0 255 255
168.46 0 172.373 255 0 255
172.48 8.88178e-16 163.136 255 0 0
164.961 0 188.867 255 255 0
186.955 0 185.074 255 0 0
199.55 0 150.587 0 255 0
160.292 0 187.233 0 0 255
180.246 0 176.92 255 0 255
152.209 -8.88178e-16 180.081 255 0 0
183.956 0 170.699 255 0 0
152.477 0 181.067 255 0 0
187.504 0 189.497 255 0 0
181.074 0 166.871 255 0 255
164.735 0 173.801 255 0 0
179.475 0 194.368 255 0 0
140.393 0 192.528 255 0 0
179.659 0 203.036 0 255 255
174.811 0 185.036 255 255 0
163.16 0 174.376 255 0 0
194.101 -2.77556e-17 193.706 255 0 0
320.162 0 32.1989 255 255 255
143.195 0 183.894 255 0 0
186.468 0 183.488 255 0 0
173.724 0 170.548 255 0 0
183.927 0 328.035 255 255 255
161.197 0 181.848 255 0 255
182.702 0 190.961 255 0 0
184.888 0 175.118 255 0 0
202.184 0 182.18 255 0 255
186.677 0 167.56 255 0 0
0 19.2261 164.56 255 0 255
199.389 0 193.894 255 0 0
194.001 0 184.836 255 0 0
175.479 0 188.406 255 255 0
357.66 15.8975 270.172 255 255 255
147.985 0 184.807 0 255 255
155.383 -8.88178e-16 179.606 0 255 255
555 174.826 105.475 255 255 255
178.045 0 155.897 255 255 0
181.776 0 164.855 0 255 0
192.494 5.55112e-17 172.884 255 0 0
145.105 0 170.603 255 255 0
162.287 0 170.13 255 255 0
206.806 0 200.653 255 255 0
163.11 0 178.013 0 255 0
194.821 0 157.041 255 255 0
153.97 0 202.842 255 0 0
189.552 0 147.273 255 0 0
158.068 0 164.175 255 0 0
152.833 0 190.331 255 255 0
198.445 0 155.943 255 0 0
183.249 -1.11022e-16 176.706 255 255 0
172.394 0 167.086 255 255 0
161.598 0 177.886 255 0 0
173.196 0 167.116 255 0 0
172.559 0 173.66 255 0 0
0 105.05 453.879 0 255 0
152.686 0 168.399 255 0 0
201.936 0 177.538 255 255 0
197.45 0 167.186 0 255 255
165.454 8.88178e-16 173.743 255 0 255
187.934 0 177.987 255 255 0
190.594 0 171.811 255 0 0
196.275 0 164.94 0 255 255
272.146 0 390.541 255 0 255
193.68 0 159.482 255 0 0
177.712 0 170.323 255 0 0
203.483 0 181.866 255 0 0
189.907 0 175.892 0 0 255
7.58939 0 181.884 255 255 255
170.36 0 198.054 255 255 0
185.534 0 157.5 255 0 0
314.37 0 544.148 255 255 255
162.648 0 147.003 255 255 0
179.265 0 190.446 255 0 0
153.081 0 161.448 255 255 0
202.287 0 160.769 255 0 0
150.062 0 163.946 255 0 0
182.205 -5.55112e-17 184.682 255 0 0
155.655 0 149.102 255 0 0
172.014 0 168.172 255 255 0
193.138 0 178.653 255 255 0
176.798 0 201.077 255 0 255
177.391 0 168.561 255 255 0
183.255 0 152.19 255 0 255
187.759 0 148.295 255 0 0
170.425 0 175.348 0 255 255
164.913 0 167.775 255 0 0
170.72 0 174.04 255 0 255
190.028 0 175.478 255 0 0
159.761 0 196.643 0 255 255
166.542 0 202.19 255 0 0
159.91 0 160.681 0 255 255
193.657 0 166.831 255 0 0
153.158 0 158.751 255 255 0
191.178 0 166.817 0 255 255
89.3054 0 183.775 0 255 0
190.713 0 174.398 255 0 0
263.102 555 28.1004 255 255 255
180.403 0 165.496 255 0 0
186.087 0 199.032 255 0 0
171.618 0 152.849 255 0 0
150.308 0 159.083 255 0 0
175.376 0 184.496 255 0 0
60.4504 1.42109e-14 274.571 255 255 255
192.549 0 165.74 255 255 0
185.396 0 167.245 255 0 0
178.155 0 165.806 255 0 255
156.812 0 181.568 255 0 0
78.77 1.42109e-14 296.009 255 255 255
197.945 0 200.169 255 255 0
169.11 0 481.391 255 255 255
172.235 0 167.682 255 0 0
266.779 98.2506 294.523 255 255 255
223.308 0 375.565 255 255 255
160.192 0 189.853 255 0 0
148.627 0 166.055 255 255 0
152.251 0 168.086 0 255 0
181.22 0 158.345 255 0 0
151.956 298.435 555 255 255 255
190.634 -8.88178e-16 162.185 255 0 255
170.376 0 169.905 255 0 0
191.231 0 166.775 255 0 0
147.866 0 182.687 255 0 0
163.229 1.77636e-15 170.937 255 0 0
155.082 0 163.835 0 0 255
180.313 0 172.837 255 0 255
179.859 0 182.132 255 0 0
176.636 0 152.056 0 0 255
189.574 0 180.037 255 0 0
184.361 0 158.957 255 0 0
180.174 0 165.243 0 255 0
176.034 0 155.42 255 0 255
162.218 0 171.583 255 0 0
144.233 0 175.377 0 255 0
158.044 -8.88178e-16 171.066 0 255 255
0 150.459 10.6937 255 255 255
189.661 0 185.946 255 255 0
149.285 0 180.412 255 0 0
175.597 0 170.445 255 0 0
193.013 0 178.369 255 0 0
150.815 0 186.465 0 255 255
171.033 0 154.499 255 0 255
187.975 0 185.805 255 0 255
555 237.323 70.2489 255 255 255
202.966 0 198.532 255 0 255
161.142 8.88178e-16 173.926 255 0 0
166.931 0 170.505 255 0 0
178.403 0 176.509 255 0 0
163.831 0 155.896 255 0 255
170.418 0 200.141 255 255 0
153.027 8.88178e-16 177.658 255 0 0
159.53 0 191.223 255 0 0
197.559 0 168.098 255 0 0
184.136 0 178.261 255 255 0
152.432 0 195.12 255 0 0
181.407 0 166.372 255 0 0
179.031 0 185.929 255 0 255
187.9 0 174.602 0 0 255
179.192 0 176.437 255 255 0
182.389 0 179.625 0 255 0
183.704 2.22045e-16 171.496 0 255 0
182.706 0 168.811 255 0 0
200.699 0 148.501 255 0 0
0 358.912 149.038 255 255 255
70.1034 0 320.788 255 255 255
177.918 -2.22045e-16 176.613 255 0 0
184.8 0 162.814 255 0 0
162.472 0 196.955 0 255 255
172.723 -4.44089e-16 168.507 255 0 0
174.084 0 191.983 255 255 0
168.66 0 173.259 255 0 0
289.329 72.005 385.796 255 255 255
193.797 0 184.826 255 0 255
188.122 0 154.27 255 0 255
153.721 0 154.567 255 0 255
161.664 0 191.627 255 0 0
0 129.692 192.828 255 255 255
189.287 0 186.027 255 0 255
152.477 0 164.787 255 255 0
192.242 0 152.066 255 0 0
163.496 0 171.895 255 0 0
178.846 0 169.595 255 0 255
182.943 0 173.319 255 0 0
555 526.706 248.662 255 0 0
190.1 0 172.159 255 0 0
147.709 0 154.813 255 0 0
200.28 0 172.51 255 255 0
183.017 0 185.754 0 255 255
160.913 0 177.579 0 255 255
180.339 0 178.215 255 0 0
170.19 0 193.382 255 0 0
194.929 0 189.489 255 0 0
166.58 0 158.476 255 255 0
158.052 0 193.119 255 0 255
208.597 0 166.202 255 0 0
177.054 0 162.497 0 255 255
163.307 0 185.366 255 0 0
154.943 0 176.451 0 255 255
202.537 0 161.282 0 255 0
188.062 0 163.08 255 0 0
173.563 0 195.65 0 255 0
279.571 82.7136 291.096 255 255 255
204.924 0 187.446 255 0 0
164.997 -8.88178e-16 164.102 255 0 0
161.78 0 150.929 255 0 0
164.909 -8.88178e-16 172.452 255 0 0
194.266 0 200.65 255 255 0
178.021 0 194.753 255 0 0
176.941 0 140.202 255 0 255
187.306 0 155.839 255 0 255
555 12.4981 0.859445 255 255 255
177.699 0 159.255 255 0 0
165.13 0 190.591 255 0 0
163.007 0 199.082 255 0 0
188.452 0 174.466 255 0 0
194.525 0 185.614 255 0 255
188.435 0 182.484 255 0 0
180.163 0 182.268 255 0 0
208.319 0 171.459 255 0 0
195.201 0 165.594 255 0 0
173.727 0 182.269 255 0 0
159.083 0 194.347 255 0 0
170.869 0 163.703 0 255 255
178.892 0 165.763 255 255 0
150.004 0 191.866 0 0 255
163.365 0 166.34 255 255 0
158.908 0 158.114 255 0 0
172.288 0 183.517 255 255 0
168.783 0 199.629 255 0 0
198.458 0 167.938 255 0 0
555 232.251 190.087 255 255 255
170.698 0 192.535 255 255 0
163.267 0 190.462 255 0 255
73.6388 555 456.129 255 255 0
154.977 0 157.702 0 255 255
182.42 0 163.709 0 255 255
169.979 0 168.416 255 0 0
153.534 8.88178e-16 186.248 255 0 0
157.905 0 181.408 255 0 0
171.176 0 169.651 255 255 0
27.9318 0 533.296 255 255 255
185.028 0 198.893 255 0 255
182.701 0 181.886 0 255 255
166.907 0 169.312 255 0 0
155.909 0 164.88 255 0 0
198.913 0 159.547 0 0 255
181.708 0 161.559 0 255 255
325.64 0 207.662 255 255 255
181.043 0 159.174 255 0 255
174.87 0 173.229 0 255 0
183.594 0 207.112 255 0 0
191.456 0 169.288 0 255 0
153.844 -8.88178e-16 176.109 255 0 0
191.546 0 192.324 255 0 0
169.795 0 165.827 0 255 255
179.064 0 161.063 255 0 0
174.914 0 160.896 255 255 0
188.419 5.55112e-17 180.904 255 0 0
203.239 0 186.186 255 0 255
184.678 0 190.231 255 0 0
162.798 0 179.513 255 0 0
190.903 0 182.542 255 0 255
170.447 0 178.216 255 0 0
174.554 0 461.285 255 255 255
190.453 0 174.12 255 0 0
208.224 0 160.724 255 0 255
194.135 0 197.589 255 0 0
176.323 0 194.187 255 255 0
175.013 0 171.187 255 0 0
0 104.301 166.694 255 255 255
143.42 0 155.855 255 0 0
185.15 0 170.392 255 255 0
170.087 0 166.897 255 0 0
354.749 0 134.345 255 0 255
341.638 63.7661 274.465 255 255 255
164.958 0 169.04 255 0 0
190.518 0 194.115 0 255 255
555 51.2034 55.8387 0 255 0
199.391 0 158.854 255 255 0
149.013 0 177.68 255 255 0
127.705 0 330.183 255 255 255
165.909 0 178.075 255 0 0
177.749 0 173.872 255 0 255
151.541 0 170.63 255 0 255
182.35 0 157.479 0 0 255
180.259 0 197.513 255 0 0
180.955 0 164.804 255 0 0
171.733 0 174.248 255 255 0
35.9298 8.88178e-16 171.297 255 0 255
184.995 4.44089e-16 164.983 255 255 0
153.64 0 162.66 0 255 255
165.391 8.88178e-16 165.831 255 0 0
177.984 0 162.452 255 255 0
172.243 0 182.338 255 0 255
188.352 0 145.603 255 0 255
163.5 0 176.549 0 255 0
171.153 0 171.321 255 0 0
198.029 0 152.027 255 0 0
160.722 0 173.672 255 0 0
144.815 0 163.98 0 255 255
185.79 0 208.362 255 0 0
145.315 0 177.543 255 0 255
196.158 -2.22045e-16 173.051 255 0 255
180.772 0 178.226 255 0 0
170.025 0 174.394 0 255 255
195.278 0 171.22 0 255 0
170.127 0 168.98 0 0 255
154.968 0 169.043 255 0 0
196.676 0 158.987 0 255 0
0 51.2612 383.996 255 255 255
194.248 0 166.499 255 0 0
323.09 159.297 279.435 255 255 255
187.679 5.55112e-17 181.048 255 0 0
189.278 0 170.467 255 255 0
178.223 0 160.272 255 0 0
171.809 0 163.07 255 0 0
176.103 0 159.327 255 0 0
184.958 0 188.879 255 0 0
193.746 0 158.322 255 0 255
173.98 0 165.468 255 0 0
156.377 0 174.314 255 0 0
157.666 0 189.007 0 255 255
175.025 0 155.86 255 0 0
149.878 0 174.484 0 255 255
176.522 0 168.736 0 255 255
198.228 0 170.516 255 0 0
201.762 0 178.996 255 255 0
269.009 555 136.817 255 0 0
180.45 0 184.043 255 0 255
356.083 172.005 270.594 255 255 255
142.583 0 202.266 255 255 0
122.587 555 161.857 255 255 255
303.384 209.932 284.715 255 255 255
191.364 -2.22045e-16 173.522 0 0 255
172.276 0 179.656 255 0 0
194.623 0 166.412 0 255 0
170.537 0 175.496 255 0 0
188.916 0 174.37 255 0 0
172.119 0 160.553 0 255 0
199.715 0 169.557 255 0 0
178.118 0 177.232 0 255 255
277.088 555 73.2859 255 0 0
174.007 0 164.079 0 255 0
172.254 0 188.483 255 0 0
167.659 0 161.047 0 255 255
206.304 0 177.916 255 255 0
181.313 0 152.168 255 0 0
209.959 0 180.283 255 255 0
191.622 -5.55112e-17 197.93 0 255 255
159.044 0 156.815 0 255 0
158.401 0 189.27 255 0 0
196.994 0 159.884 0 255 255
180.027 0 194.565 255 0 0
217.105 0 277.045 255 255 255
161.083 0 194.271 0 255 0
169.935 0 176.515 0 255 0
173.956 0 196.368 255 0 0
169.487 0 175.44 255 0 0
174.153 0 155.859 255 0 255
157.586 -8.88178e-16 178.193 255 0 0
163.688 0 186.45 255 255 0
166.368 0 170.256 255 0 0
332.787 555 92.7108 255 0 255
418.493 555 348.572 255 0 255
263.799 0 274.416 255 255 255
166.874 0 155.41 0 255 0
219.404 0 78.5505 255 255 255
142.484 0 180.552 255 0 0
174.174 0 174.395 255 0 0
188.361 0 168.152 255 0 0
195.077 -2.22045e-16 173.794 0 255 255
158.259 0 159.588 255 0 0
331.141 555 155.335 255 0 0
202.074 0 162.653 255 0 255
171.925 0 154.242 255 255 0
176.395 0 177.614 255 0 255
155.085 0 181.352 255 0 0
173.423 8.88178e-16 164.015 255 0 0
178.463 0 164.711 0 255 0
183.292 0 202.708 255 0 0
159.18 0 178.019 0 255 0
197.289 0 184.369 255 0 0
196.233 2.77556e-17 190.427 255 0 255
150.563 0 17.688 255 255 255
176.657 0 154.632 255 0 0
153.224 0 169.682 255 0 0
173.246 0 169.148 255 0 255
164.249 0 164.099 255 0 0
195.994 0 176.318 255 255 0
166.314 0 178.24 255 0 0
153.809 0 194.194 255 0 0
148.368 0 188.076 255 0 0
183.888 0 165.021 255 0 0
182.336 0 158.958 255 0 255
197.958 0 171.908 255 0 0
158.304 0 184.245 255 0 0
175.753 0 180.735 255 0 0
184.497 0 162.002 255 0 0
157.234 0 171.895 255 0 0
187.186 0 180.078 255 0 0
152.688 8.88178e-16 189.906 255 255 0
192.097 0 162.35 0 255 255
183.835 0 157.134 255 0 0
170.448 0 191.715 0 255 255
199.508 4.44089e-16 167.689 0 255 255
192.054 0 180.314 0 255 255
156.528 0 164.089 255 0 0
201.473 0 176.996 255 0 0
161.178 -1.77636e-15 160.22 255 0 0
101.056 555 202.548 0 255 255
0 185.763 118.769 255 255 255
158.272 0 173.613 255 0 0
172.469 0 174.772 0 255 0
184.703 0 191.007 255 255 0
348.01 0 62.7459 255 255 255
187.132 0 152.606 255 0 0
195.984 0 163.337 255 0 0
0 95.3753 423.76 255 255 255
0 222.715 227.811 255 255 255
50.1132 1.42109e-14 312.959 255 255 255
194.697 0 187.442 255 255 0
202.095 0 175.698 255 0 0
179.145 0 155.478 255 0 0
204.986 0 185.501 255 0 0
426 555 328.995 255 255 0
150.272 0 186.433 255 255 0
81.4128 0 330.542 255 255 255
171.286 0 202.99 0 255 0
190.222 0 178.313 255 0 0
175.013 0 175.604 255 255 0
155.279 0 165.323 255 255 0
184.765 0 177.45 255 0 0
50.7473 555 433.255 255 0 0
199.379 0 192.576 255 255 0
177.735 0 177.285 255 255 0
309.656 0 86.8196 255 0 0
273.129 242.257 292.822 0 255 255
161.959 0 162.874 255 0 255
179.376 0 185.845 0 255 255
172.813 0 156.299 255 0 255
193.139 0 203.918 255 0 0
204.605 0 175.213 255 0 0
191.633 -4.44089e-16 165.884 255 0 0
189.464 8.88178e-16 152.005 255 0 0
184.123 0 172.575 0 255 0
174.295 0 155.882 255 0 0
338.415 0 146.177 255 255 255
160.42 0 161.349 255 0 0
206.528 0 185.128 255 0 0
164.809 0 188.21 255 255 0
152.652 1.77636e-15 167.969 255 0 255
155.749 0 159.078 255 0 255
194.544 0 182.997 255 0 0
160.622 0 202.598 255 0 0
199.741 0 180.942 255 0 0
191.263 0 194.83 0 255 0
158.139 0 182.659 255 255 0
290.044 -1.42109e-14 422.461 255 0 0
163.983 0 170.473 255 0 255
169.037 0 156.509 255 0 0
191.775 8.88178e-16 154.314 255 0 0
180.25 8.88178e-16 158.783 255 0 255
161.703 0 155.839 255 0 0
166.257 0 174.749 255 0 0
200.542 0 150.857 0 255 255
184.095 0 178.388 255 0 0
166.603 0 190.885 255 0 255
187.244 0 201.522 255 0 0
202.415 0 182.904 255 0 0
198.194 0 168.693 255 255 0
203.417 0 165.517 255 0 0
0 52.871 272.78 255 255 255
124.001 0 170.034 0 255 255
178.794 0 169.921 255 0 255
196.376 0 167.233 255 0 0
172.499 0 158.577 255 0 0
174.873 4.44089e-16 172.578 255 0 0
196.93 0 177.111 255 0 0
186.55 0 176.742 255 0 0
153.774 0 164.913 0 255 255
186.337 0 166.11 255 255 0
205.426 0 192.909 255 0 0
189.364 0 198.047 255 0 0
147.722 0 179.012 255 0 255
172.003 0 188.899 255 0 0
172.956 0 195.193 255 0 0
155.806 0 181.133 255 0 0
179.693 0 160.095 0 255 0
348.52 555 397.583 255 0 0
159.371 -8.88178e-16 174.187 255 0 0
173.06 0 162.466 0 255 0
320.205 54.0784 555 255 255 255
0 207.822 122.38 255 255 255
145.43 1.77636e-15 164.249 0 255 255
189.923 0 163.804 255 0 0
158.005 0 167.168 0 255 0
160.187 0 196.505 0 255 255
164.729 0 165.902 255 0 0
160.141 0 195.265 255 0 0
199.648 0 187.882 255 0 0
175.358 0 161.586 255 0 0
182.902 0 151.285 255 0 0
364.14 1.42109e-14 192.822 255 255 255
172.414 0 167.355 255 0 0
195.315 0 170.488 255 0 0
164.977 0 155.706 255 0 0
189.531 0 161.742 0 255 0
159.226 0 157.148 0 255 255
0 12.5007 217.726 255 0 0
188.895 0 190.43 0 0 255
163.277 0 188.149 255 0 0
150.596 8.88178e-16 179.846 255 0 0
64.8333 0 156.544 255 255 255
153.047 0 191.948 255 0 0
150.477 -8.88178e-16 190.388 0 255 0
182.18 0 198.948 255 0 255
173.945 0 166.284 255 0 0
555 316.106 130.119 255 255 255
336.736 1.42109e-14 213.034 255 255 255
191.914 0 158.08 255 0 0
187.191 0 163.683 255 0 0
196.166 0 194.161 255 0 0
59.6253 110.065 555 255 255 255
200.08 0 193.947 255 0 0
46.6353 0 311.369 255 255 255
190.083 0 157.238 0 255 0
153.307 0 158.679 255 0 0
190.221 0 174.641 255 0 0
168.63 0 181.549 255 255 0
32.8979 0 37.8841 255 255 255
332.168 205.586 277.002 255 255 255
209.085 0 188.329 0 255 0
174.83 0 159.509 255 0 0
301.93 314.754 285.105 255 255 0
181.486 0 201.53 255 255 0
180.726 0 162.105 255 255 0
148.679 0 181.964 255 0 0
163.561 0 184.653 0 255 255
194.155 0 202.993 255 255 0
168.371 0 198.21 255 0 255
179.246 0 160.686 0 0 255
178.633 0 170.732 0 255 0
188.737 0 181.598 255 255 0
301.069 0 140.137 255 255 255
164.849 0 171.382 255 255 0
177.568 0 184.053 255 0 0
291.878 0 164.356 255 255 255
192.313 0 192.918 255 0 0
169.684 0 188.314 255 0 0
158.746 0 200.145 255 255 0
555 142.505 16.087 255 255 255
176.589 0 149.537 255 0 0
166.854 4.44089e-16 182.089 255 0 255
166.684 0 190.174 255 0 255
174.335 -2.22045e-16 179.021 255 0 255
173.778 0 198.928 255 0 0
150.095 0 162.89 255 0 0
149.383 0 185.192 255 255 0
172.448 0 197.002 255 255 0
160.582 0 185.493 0 255 0
156.73 0 164.845 255 0 0
162.47 0 176.019 0 255 0
180.515 0 192.204 255 0 0
158.082 0 166.781 255 0 255
203.887 0 172.432 0 255 255
150.365 -8.88178e-16 179.522 255 0 255
119.369 555 330.44 0 255 255
194.656 0 175.409 0 255 255
140.818 0 191.493 255 0 0
184.638 0 303.667 255 255 255
184.384 0 176.968 0 255 255
157.462 0 192.794 0 255 255
165.943 0 185.405 0 255 0
151.517 0 185.418 255 0 0
147.825 555 248.69 255 0 0
161.011 0 191.975 255 0 0
171.857 0 156.377 255 255 0
166.268 8.88178e-16 158.782 255 255 0
167.297 0 172.113 255 255 0
173.056 0 195.712 255 0 0
192.022 0 158.605 0 255 255
180.314 0 181.647 255 0 0
63.347 555 212.315 255 0 0
2.84217e-14 417.022 323.58 255 255 255
184.823 0 157.067 0 255 255
174.381 0 189.874 255 255 0
175.746 0 184.095 255 255 0
158.196 0 174.076 255 0 0
183.898 0 164.932 0 255 0
279.776 228.25 291.041 0 255 0
412.149 0 132.171 255 255 255
156.167 0 154.178 255 0 255
193.49 0 155.364 255 0 0
164.674 4.44089e-16 189.418 255 0 0
183.952 0 160.357 255 255 0
180.597 0 186.358 255 0 0
161.067 -4.44089e-16 179.928 255 0 255
192.728 0 166.551 0 255 255
201.79 0 174.375 255 0 255
178.099 0 151.475 0 255 0
162.982 0 164.641 255 0 0
158.785 0 166.897 0 255 0
183.647 0 145.502 255 0 0
170.54 0 194.046 255 255 0
203.112 0 169.661 0 255 0
191.13 0 162.438 0 255 255
166.007 0 161.103 0 255 255
185.477 0 165.327 255 255 0
162.353 0 193.255 255 0 0
153.292 0 180.578 255 0 0
0 80.5134 77.4494 255 255 255
166.815 0 149.488 0 255 0
188.703 0 183.188 255 0 0
255.899 555 399.632 255 0 0
175.64 0 187.333 255 0 0
166.572 0 184.495 0 255 0
154.793 0 158.835 255 0 0
163.054 0 178.972 255 0 0
160.585 0 175.772 0 255 0
174.696 2.22045e-16 179.21 255 0 0
204.898 0 150.541 255 0 0
194.723 0 175.591 255 0 255
193.379 0 149.701 0 0 255
163.928 0 179.887 0 255 255
206.087 0 191.642 0 255 0
166.518 0 184.774 0 255 255
203.167 0 190.599 0 255 0
161.96 8.88178e-16 173.599 0 255 255
170.568 0 166.367 255 0 0
153.984 0 165.755 255 0 0
173.279 0 147.527 255 0 0
174.177 0 185.023 255 0 255
163.304 0 161.358 255 255 0
185.523 -1.38778e-17 189 255 0 0
152.301 0 179.376 255 0 0
273.679 124.803 292.674 255 255 255
183.478 0 177.395 255 0 255
39.5352 0 238.688 255 0 255
173.45 0 176.375 255 0 0
283.377 0 170.98 255 255 255
284.812 232.879 289.691 255 0 0
185.461 0 178.876 255 255 0
147.632 0 184.135 255 0 0
167.385 -4.44089e-16 190.425 0 255 0
158.611 0 151.905 0 255 255
175.894 0 169.014 255 0 0
166.319 0 175.303 255 0 0
174.613 -2.22045e-16 185.5 255 0 0
192.504 0 173.116 255 0 0
174.245 0 176.697 255 0 0
148.009 1.77636e-15 152.576 255 0 0
162.37 0 162.602 0 255 0
192.211 0 166.613 255 0 255
162.975 0 152.513 255 0 0
164.663 0 164.006 0 255 0
193.678 0 168.926 255 0 0
204.636 0 175.969 255 0 0
177.654 0 159.85 255 0 0
185.358 0 185.101 0 0 255
185.321 0 193.887 255 0 255
183.515 0 168.081 255 255 0
146.025 0 166.694 255 0 0
180.41 0 165.366 255 255 0
173.716 0 174.299 255 255 0
97.3118 0 376.048 255 255 255
281.868 0 115.799 255 255 255
185.406 0 155.297 255 0 255
156.05 0 175.945 255 0 0
76.6509 0 196.104 255 255 255
101.323 142.85 555 255 255 255
178.829 0 154.897 0 255 0
202.409 0 184.875 255 0 255
167.985 0 192.324 255 0 0
555 158.814 243.728 255 255 255
178.336 0 187.153 255 255 0
160.794 -8.88178e-16 169.869 255 0 255
181.91 -5.55112e-17 189.802 255 0 0
291.626 324.026 287.866 255 0 0
170.053 0 177.962 255 0 0
178.323 0 189.479 0 255 0
165.605 0 172.389 0 255 255
115.623 0 450.22 255 255 255
162.175 0 179.96 255 255 0
191.494 0 202.951 255 255 0
158.63 0 188.259 255 0 0
173.033 0 166.991 255 255 0
195.594 0 158.087 255 0 0
181.412 0 200.765 0 255 0
175.929 0 158.063 0 255 255
203.919 0 192.596 255 0 255
174.195 0 184.626 255 0 0
187.696 0 204.205 0 255 0
185.143 0 185.931 255 0 255
179.5 0 199.257 255 0 0
183.472 0 183.242 255 0 0
179.347 0 157.719 0 0 255
151.077 0 179.23 255 255 0
196.402 0 183.161 255 0 0
158.668 0 163.963 255 0 255
176.136 0 167.19 255 0 0
168.955 0 160.35 255 0 255
187.295 0 198.158 0 255 0
400.991 555 120.972 255 0 0
147.793 0 178.648 255 255 0
160.615 0 184.029 255 0 0
89.3091 202.01 555 255 255 255
156.691 0 175.278 0 255 255
188.6 555 44.1115 255 255 255
190.745 0 189.877 0 255 255
170.863 -4.44089e-16 170.66 0 0 255
311.929 0 223.857 255 255 255
284.984 106.365 289.645 255 255 255
188.974 0 200.765 255 0 0
174.66 0 179.858 255 0 0
158.738 0 177.563 255 0 255
198.534 555 548.78 255 255 255
152.217 0 184.862 255 0 0
163.411 0 158.813 255 0 255
168.85 0 167.563 255 0 255
173.192 0 190.599 255 0 0
152.662 0 173.284 255 0 0
179.928 0 158.52 255 0 0
94.4544 1.42109e-14 86.0863 255 255 255
190.66 0 145.251 0 0 255
164.677 0 186.107 255 0 0
257.048 1.42109e-14 60.2874 255 255 255
202.534 0 185.32 255 0 0
167.894 0 168.783 255 0 0
179.533 0 199.055 255 0 0
207.776 0 396.268 255 255 255
196.049 0 162.871 255 0 0
161.596 0 161.985 255 0 255
158.499 0 177.065 255 0 0
198.133 0 176.403 255 0 0
182.546 4.44089e-16 164.964 0 255 0
164.356 0 188.596 255 0 0
177.799 0 180.042 0 255 0
152.24 0 190.156 255 0 0
161.226 0 165.355 255 0 0
178.339 0 174.461 255 255 0
0 25.6427 147.339 255 255 0
165.22 0 174.036 255 0 0
176.279 0 173.383 255 255 0
148.782 0 189.99 255 0 0
0 273.832 77.4997 255 255 255
181.803 0 182.494 0 255 0
153.347 0 175.637 0 255 0
153.274 0 164.581 0 255 255
171.257 0 194.722 255 0 255
169.77 0 169.992 255 0 0
184.717 0 175.793 255 0 255
158.327 -4.44089e-16 138.697 255 0 0
185.072 0 178.037 255 0 0
234.269 0 298.197 255 255 255
0 496.997 150.431 255 255 255
154.659 0 162.329 255 0 0
46.9089 0 5.49543 255 255 255
186.028 0 176.361 255 0 0
181.273 0 188.34 255 0 255
150.362 0 155.944 255 255 0
170.439 0 177.641 255 0 255
161.051 555 87.5553 255 255 0
152.146 -8.88178e-16 188.615 255 0 0
154.178 0 175.701 255 0 0
159.225 0 186.959 255 0 0
187.886 0 182.874 255 255 0
187.959 0 165.465 255 0 0
200.371 8.88178e-16 154.587 255 0 0
421.36 555 120.738 0 255 0
176.796 0 163.783 255 0 0
197.416 0 158.36 255 255 0
198.074 0 150.169 255 255 0
185.453 0 157.946 255 0 0
184.408 0 192.955 255 0 0
186.964 0 189.219 255 0 255
161.465 -8.88178e-16 177.296 255 0 0
188.883 0 171.971 255 0 255
169.531 -4.44089e-16 172.974 0 255 0
162.676 0 173.433 255 0 255
170.211 0 172.344 255 0 0
153.497 0 169.25 255 0 0
178.443 0 194.073 255 0 0
182.603 0 175.417 0 255 0
175.9 0 168.79 255 0 0
193.085 0 184.524 255 0 255
0 302.803 164.759 255 255 255
0 302.152 290.87 255 255 255
165.513 0 163.837 255 255 0
323.13 555 150.03 255 255 255
178.568 -1.11022e-16 192.651 255 0 0
302.105 127.935 285.058 255 255 255
191.475 0 193.69 255 255 0
185.487 0 198.903 0 255 255
141.849 0 170.314 0 255 0
282.815 48.7761 290.227 255 255 255
0 5.40139 62.3198 255 255 0
151.414 0 178.683 255 0 255
154.708 0 163.131 255 0 0
167.13 0 168.896 255 0 0
168.264 0 155.885 0 255 255
160.063 8.88178e-16 177.403 0 255 0
186.04 0 175.009 255 255 0
166.556 0 166.793 255 0 0
159.179 0 199.748 255 255 0
204.183 0 147.195 255 0 0
161.588 0 162.324 0 0 255
187.044 0 185.63 0 255 0
271.93 151.528 293.143 255 255 255
169.481 0 158.042 255 0 0
188.916 0 154.351 0 255 0
157.557 0 179.42 255 0 0
266.145 214.078 294.693 255 255 255
157.579 0 180.978 255 0 0
190.604 6.93889e-18 186.891 0 255 255
197.574 0 169.279 255 0 0
222.766 0 175.66 255 0 0
196.351 0 164.786 255 0 255
165.688 0 173.141 255 0 255
125.368 555 462.055 255 0 0
191.197 0 180.166 255 0 0
153.298 0 109.121 255 0 0
179.145 8.88178e-16 152.387 255 0 0
153.454 0 179.348 255 0 0
180.942 0 194.708 255 0 0
176.127 2.22045e-16 186.28 255 0 0
171.24 0 161.271 255 0 0
161.106 0 154.725 0 255 0
184.279 0 163.134 255 255 0
293.423 0 202.026 255 255 255
172.417 0 177.937 255 0 0
146.091 555 181.263 255 0 0
186.893 0 175.617 255 0 0
169.639 -2.22045e-16 176.495 255 255 0
171.037 0 163.732 255 255 0
199.63 0 185.608 255 0 255
171.711 -4.44089e-16 203.634 255 0 0
474.977 555 169.596 0 255 255
176.581 0 159.136 255 0 0
159.326 0 196.516 0 255 0
177.653 1.11022e-16 194.276 0 255 255
193.859 0 175.019 255 0 0
0 33.1052 201.189 255 255 255
180.9 0 166.048 255 0 255
172.6 0 176.89 255 0 0
297.783 181.19 286.216 255 255 255
184.301 -1.11022e-16 179.791 255 0 0
170.393 0 191.237 0 255 255
166.248 0 163.241 0 255 255
99.2966 0 218.554 255 0 0
173.952 4.44089e-16 174.266 0 255 0
0 469.346 305.233 255 255 255
200.248 0 179.129 255 0 0
176.533 0 207.048 255 0 0
162.819 0 177.294 255 0 0
264.621 1.42109e-14 324.817 255 255 255
158.734 0 197.99 0 255 0
181.995 0 168.19 255 0 0
165.18 0 163.835 255 255 0
186.986 4.44089e-16 162.618 255 0 0
179.051 0 201.77 255 0 0
184.918 0 178.018 0 255 0
180.783 0 172.128 0 255 0
172.728 0 178.897 255 0 0
153.145 0 154.58 0 255 255
195.69 0 168.278 255 0 255
151.696 0 197.45 0 0 255
147.502 0 167.053 255 0 255
178.948 0 196.086 255 0 255
132.537 0 52.5708 255 255 255
152.418 0 189.517 255 255 0
181.487 0 171.487 255 0 255
182.571 0 189.861 255 0 0
175.995 0 179.037 255 255 0
183.022 0 184.982 0 255 255
182.827 0 156.949 255 0 0
162.236 0 200.42 255 0 0
169.792 -2.22045e-16 180.067 0 255 255
158.937 0 171.951 255 0 255
210.228 0 191.153 0 0 255
2.84217e-14 372.257 78.5569 255 255 255
182.048 0 163.007 255 0 0
173.141 0 153.843 255 0 255
180.11 0 185.373 0 255 255
192.953 0 172.456 255 0 0
157.122 0 167.727 255 0 0
189.232 0 150.877 255 0 0
189.335 2.77556e-17 183.313 255 0 0
187.899 0 188.955 255 0 0
170.102 0 163.919 0 255 255
171.271 -4.44089e-16 177.063 0 255 0
176.03 0 168.011 255 0 0
165.526 0 194.524 255 0 0
179.289 0 158.681 255 0 0
191.675 0 202.141 255 255 0
169.131 0 164.509 0 255 0
176.439 0 194.869 0 255 255
68.6684 0 227.338 255 255 255
161.179 0 160.048 255 0 255
168.714 0 185.597 255 0 0
188.715 0 158.931 255 0 0
169.474 0 161.554 255 0 0
203.174 0 165.254 255 255 0
164.336 0 195.303 255 0 0
193.204 0 195.521 255 0 0
157.049 0 165.361 255 255 0
178.451 0 191.746 255 0 0
146.861 0 172.253 255 0 0
173.517 0 151.457 255 0 0
170.703 0 194.227 255 0 0
176.6 0 166.191 0 255 255
195.973 0 166.941 0 255 0
187.686 0 156.122 255 0 0
0 115.5 41.9443 255 255 255
199.186 0 156.768 255 0 0
163.773 0 180.558 0 255 0
191.034 0 193.388 255 0 0
168.703 -8.88178e-16 166.831 255 0 0
171.315 0 187.923 0 255 0
165.343 0 152.328 255 0 0
186.944 0 158.882 255 0 0
182.769 0 206.825 255 0 0
188.564 0 172.376 255 255 0
191 0 179.926 255 0 255
169.912 555 508.919 0 255 255
155.389 0 187.677 255 255 0
154.346 0 188.923 255 0 0
147.561 0 183.261 255 0 0
157.266 0 172.701 0 255 255
174.061 0 173.944 255 0 0
555 132.713 145.444 255 255 255
169.131 0 199.489 255 0 0
155.894 0 193.939 255 0 0
171.04 0 162.319 255 0 0
163.77 0 164.092 255 0 0
175.125 0 176.405 255 0 255
153.771 0 172.54 255 0 0
0 451.626 73.9694 255 255 255
176.375 0 195.823 255 0 0
175.275 0 169.45 255 0 0
166.51 0 161.213 255 0 0
171.437 0 163.363 0 255 255
194.441 0 168.364 255 0 0
185.744 0 161.563 255 0 0
181.643 0 163.47 255 0 0
167.878 555 430.643 0 255 0
172.11 0 153.784 255 0 0
0 176.938 20.3365 255 255 255
165.281 0 174.597 0 255 255
173.359 0 176.145 255 0 0
194.269 1.38778e-17 189.053 0 0 255
177.996 0 165.258 255 255 0
166.104 0 191.884 255 0 0
183.408 0 157.223 255 0 0
181.887 -4.44089e-16 165.17 255 0 0
165.614 0 185.067 0 255 255
121.925 555 399.27 255 0 0
153.886 0 174.605 255 255 0
284.887 95.6766 289.671 255 255 255
187.73 0 179.556 0 255 255
155.424 0 168.035 255 255 0
199.144 0 180.305 255 0 0
167.984 0 188.069 255 0 255
186.167 0 177.876 255 0 0
206.181 0 361.261 255 255 255
171.051 0 166.844 255 0 0
190.042 0 163.531 255 0 0
153.749 0 179.654 0 255 255
177.292 0 180.4 255 0 0
166.632 0 172.853 0 255 255
181.695 0 169.784 255 0 0
160.305 0 176.769 0 255 0
156.162 0 199.478 0 255 255
154.093 0 155.661 255 255 0
172.097 0 196.708 0 255 0
165.52 -1.77636e-15 155.027 255 0 0
144.284 0 156.651 255 0 0
197.547 0 150.002 0 255 255
176.811 0 165.466 255 0 0
173.097 0 144.773 255 0 0
142.107 0 174.809 255 0 0
182.658 0 153.366 255 0 0
193.934 0 164.279 0 255 255
151.834 0 194.317 0 255 255
183.134 0 175.611 255 255 0
202.34 0 189.382 255 0 0
180.469 0 170.035 255 0 0
198.603 0 170.318 255 255 0
203.278 0 189.409 255 0 0
184 0 170.418 0 255 255
159.169 0 168.835 0 255 0
200.048 0 192.969 255 0 0
194.806 0 177.194 255 0 255
178.392 0 149.078 255 0 0
452.178 555 287.441 255 255 255
189.623 0 161.502 255 0 0
187.551 0 168.439 255 0 0
163.247 0 182.648 255 0 0
195.05 0 196.921 255 255 0
172.128 0 177.565 0 255 255
163.383 0 162.498 255 0 0
209.076 0 173.897 0 255 255
203.84 0 165.61 255 0 0
555 313.251 126.283 255 255 255
174.508 0 163.424 255 0 255
0 145.862 294.969 255 255 255
156.377 0 156.609 255 0 0
160.824 0 161.925 255 0 0
180.69 5.55112e-17 188.927 255 255 0
196.964 0 176.49 0 255 0
186.228 0 184.979 255 0 0
168.464 4.44089e-16 174.259 255 0 0
198.116 0 172.871 255 0 0
177.975 0 148.509 255 0 0
178.215 0 167.224 255 0 0
179.378 0 182.788 255 0 255
187.759 0 178.568 255 0 255
153.68 0 170.277 255 0 0
178.102 0 163.978 255 255 0
152.076 0 155.616 255 0 0
178.207 0 176.344 255 0 0
163.574 0 154.466 0 255 255
193.73 0 174.988 255 0 0
178.334 0 156.443 255 0 0
159.695 -8.88178e-16 195.599 0 255 255
167.464 8.88178e-16 173.447 0 0 255
189.55 0 164.035 0 255 0
204.019 0 187.427 255 0 0
167.095 -4.44089e-16 173.939 255 0 0
162.438 0 181.159 0 255 0
198.02 0 157.244 255 0 0
0 330.74 303.501 255 255 255
158.28 0 177.481 255 0 0
167.546 0 183.601 255 255 0
199.073 -2.22045e-16 175.87 255 0 0
174.887 -4.44089e-16 168.075 255 0 0
177.711 0 180.804 255 0 0
187.838 0 180.747 0 255 255
195.284 0 133.456 255 0 0
186.26 0 173.698 255 0 0
186.518 0 191.051 0 255 0
172.112 -2.22045e-16 184.139 255 0 0
388.888 326.166 261.804 255 0 255
159.753 0 176.763 255 0 0
195.347 0 168.785 255 0 0
197.711 0 160.254 255 0 0
0 305.178 169.055 255 255 255
555 461.849 11.5712 255 255 255
178.523 0 174.296 255 0 0
455.721 555 247.838 255 0 0
157.376 1.77636e-15 167.421 255 0 0
191.827 0 189.291 255 255 0
11.911 555 241.32 255 0 255
170.24 0 159.023 255 0 0
140.713 0 174.304 255 0 0
170.907 0 161.828 255 0 255
203.949 0 184.704 255 0 0
185.765 150.476 555 255 255 255
168.757 0 156.929 255 0 0
270.954 0 530.424 255 255 255
179.015 8.88178e-16 159.409 255 0 0
173.908 0 188.238 255 0 0
176.266 -1.11022e-16 187.826 255 0 0
183.139 0 199.524 0 255 255
189.887 0 150.949 0 255 255
163.587 0 183.977 255 0 0
170.816 0 162.647 255 0 0
181.013 0 166.194 255 0 0
207.445 0 182.31 255 0 0
196.401 0 154.005 0 255 0
159.39 0 186.895 0 255 0
163.638 0 192.098 255 0 0
171.62 0 166.261 255 0 0
190.474 0 169.354 255 0 0
175.391 0 174.473 255 0 255
193.262 0 169.891 255 0 0
162.842 0 171.08 255 0 0
146.468 -1.77636e-15 166.503 255 0 0
112.843 -3.55271e-15 141.677 255 0 0
194.041 0 178.428 255 0 255
139.48 555 399.89 255 255 255
170.681 0 167.831 0 255 255
185.94 0 163.7 255 0 0
183.722 0 167.617 255 0 0
196.596 0 191.21 255 0 0
172.587 0 181.112 255 0 255
177.529 0 199.941 255 255 0
179.636 0 188.667 255 0 0
181.511 0 155.067 0 255 255
182.838 2.22045e-16 171.521 255 0 0
172.759 0 157.207 255 0 0
184.41 0 162.9 0 255 255
169.403 -8.88178e-16 154.466 255 0 255
192.717 0 175.784 0 255 0
432.787 555 215.598 255 0 255
159.066 0 165.029 0 0 255
165.793 0 171.987 0 255 0
156.797 0 190.105 0 255 255
175.687 0 184.838 255 0 0
192.98 0 163.617 255 0 255
191.982 0 186.253 255 0 0
186.451 0 179.85 0 255 0
189.33 -2.77556e-17 183.599 255 0 0
0 60.0069 288.053 255 255 255
192.203 0 162.086 255 0 0
179.321 0 154.669 255 0 0
187.316 0 187.646 255 0 255
186.125 0 160.705 255 255 0
192.42 2.22045e-16 172.332 255 0 0
187.443 0 194.382 255 0 0
176.266 0 190.814 255 0 0
172.841 -8.88178e-16 165.895 255 0 0
195.227 4.44089e-16 168.515 255 255 0
161.025 0 153.593 255 255 0
293.453 555 511.546 255 0 0
188.709 0 197.716 255 0 0
148.285 0 154.706 255 255 0
162.605 0 188.48 255 0 255
190.008 0 157.963 0 255 0
77.1989 1.42109e-14 350.988 255 255 255
192.862 0 163.578 255 0 0
183.245 0 150.771 255 0 0
178.78 0 177.614 255 0 255
178.404 0 167.073 0 255 255
226.142 555 30.4213 255 255 0
555 298.661 179.675 255 255 255
0 245.437 222.153 255 255 255
0 13.4085 384.179 255 255 255
162.719 0 190.66 255 0 0
188.501 0 164.587 0 255 255
152.683 -8.88178e-16 184.905 255 0 0
0 369.92 115.818 255 255 255
200.998 0 27.1302 255 255 255
193.714 1.11022e-16 176.89 255 0 0
181.624 2.22045e-16 174.973 255 255 0
166.148 0 177.334 255 255 0
165.732 0 175.91 255 0 0
184.277 0 159.661 255 0 255
214.705 555 418.812 255 255 0
159.133 0 181.957 0 255 255
0 53.7993 229.775 255 255 0
161.667 0 158.698 0 255 255
289.181 100.658 288.521 255 255 255
154.058 0 177.374 255 0 0
169.725 0 170.168 255 0 0
183.966 0 176.045 255 0 0
203.004 0 196.071 255 0 0
56.7317 -1.42109e-14 267.461 255 255 255
65.993 555 143.18 255 255 255
153.266 0 179.629 255 0 0
32.3414 555 257.171 255 0 255
169.134 0 165.659 0 255 255
167.904 0 177.777 255 0 0
171.829 0 158.792 255 0 255
29.6977 0 345.944 255 255 255
170.153 0 201.836 255 0 255
162.89 0 162.388 0 255 255
167.363 0 166.439 255 255 0
177.828 0 155.576 0 255 255
162.036 0 149.542 255 0 0
0 11.9346 25.8552 255 255 255
198.334 0 175.25 255 255 0
175.84 0 195.96 255 0 0
207.616 0 172.879 0 255 0
172.639 0 147.304 255 0 255
146.035 0 161.133 255 0 0
132.291 555 546.359 255 255 255
174.733 0 157.203 255 0 0
161.73 0 160.457 255 0 0
176.218 0 165.984 255 0 0
173.21 0 152.03 255 0 0
147.671 0 187.599 255 0 0
384.116 156.25 263.083 255 255 255
198.66 0 179.619 255 0 0
332.867 0 243.735 255 255 255
183.585 0 185.217 0 255 255
0 150.837 209.034 255 0 0
197.821 0 151.44 255 0 255
155.419 0 173.504 255 0 0
201.903 0 178.124 0 255 0
187.018 0 156.841 255 0 255
187.512 0 160.697 255 0 0
168.2 0 193.39 255 0 0
195.383 0 186.552 255 0 255
183.18 0 190.098 0 255 255
146.964 0 180.846 0 255 255
200.88 0 174.947 255 255 0
199.811 0 180.753 255 255 0
60.3717 555 280.137 255 0 0
166.104 0 165.416 255 0 0
192.107 0 184.312 255 0 0
164.585 4.44089e-16 180.052 255 0 0
159.78 0 156.963 255 255 0
159.91 8.88178e-16 164.863 255 0 0
170.321 4.44089e-16 204.67 255 0 0
177.341 0 202.674 255 0 255
170.098 0 119.745 255 0 0
160.994 0 173.395 255 255 0
165.165 0 180.72 255 0 0
407.217 555 137.778 255 0 0
168.568 0 147.194 255 0 0
177.338 0 157.844 255 0 0
314.54 0 192.335 255 255 255
301.156 258.306 285.312 255 0 0
185.617 0 174.615 255 0 255
184.279 1.11022e-16 181.942 0 255 255
185.478 0 162.414 255 0 0
178.556 0 176.143 255 0 0
167.602 0 182.317 255 0 0
191.159 -4.44089e-16 163.812 255 0 0
150.447 0 224.916 0 255 0
147.811 0 177.569 0 255 0
161.251 0 204.177 255 255 0
168.942 0 197.444 255 0 0
170.606 0 175.501 0 255 255
272.716 25.7916 323.798 255 255 255
146.331 0 170.884 0 255 0
184.314 0 159.046 255 0 0
181.603 0 166.259 255 255 0
165.682 0 155.701 255 0 0
161.077 0 177.735 0 255 255
156.25 0 182.941 255 255 0
184.881 0 183.823 255 255 0
183.479 0 188.238 0 255 255
184.148 0 168.946 255 0 0
555 425.341 46.6299 255 255 255
193.901 4.44089e-16 165.923 255 0 255
166.352 0 178.572 255 0 255
273.98 0 355.354 255 255 255
149.493 0 178.361 255 0 0
193.411 0 183.956 255 0 255
202.996 0 71.0058 0 0 255
173.863 0 158.73 0 255 255
173.176 0 168.068 0 255 255
167.929 0 184.455 255 0 0
170.227 0 160.074 0 255 255
169.231 0 185.065 0 255 255
168.05 -8.88178e-16 155.675 0 255 0
176.109 0 175.858 255 0 0
159.639 0 174.058 255 0 0
188.908 0 184.796 0 255 255
181.559 0 179.158 255 0 0
196.418 0 171.061 0 255 0
173.931 4.44089e-16 173.012 255 0 255
156.817 0 190.191 255 0 0
0 497.455 224.998 255 255 0
155.139 0 163.452 255 255 0
183.243 0 186.429 255 255 0
189.728 0 172.379 255 0 0
202.03 0 159.256 255 0 0
169.396 4.44089e-16 193.06 255 0 0
184.258 5.55112e-17 182.917 255 0 255
150.461 0 154.041 0 255 255
193.081 6.93889e-18 189.053 0 255 255
184.206 0 166.331 0 255 0
198.352 0 169.812 255 0 0
142.404 555 291.146 255 255 0
151.173 -1.77636e-15 169.522 255 0 0
187.498 0 182.004 255 0 0
223.811 555 142.796 255 0 0
177.339 0 147.419 255 0 0
164.049 -4.44089e-16 199.781 255 0 0
169.246 4.44089e-16 170.351 255 0 0
149.183 0 191.462 255 0 0
197.149 -2.22045e-16 176.527 255 0 255
190.2 0 194.548 0 255 255
152.711 0 185.854 0 255 255
1.42109e-14 98.405 188.041 255 255 255
176.723 0 159.195 0 255 255
190.126 0 173.05 255 0 0
149.442 0 183.022 0 255 255
196.682 0 155.687 255 255 0
182.439 0 149.477 255 0 0
178.858 0 163.179 255 0 0
149.725 0 152.419 255 0 255
146.766 0 315.577 255 255 255
188.194 0 188.01 255 0 0
151.658 0 158.4 255 0 0
184.829 0 189.222 255 0 255
153.689 0 159.044 255 0 0
172.248 0 188.383 255 0 0
189.779 0 167.354 255 0 0
173.167 0 185.364 255 0 255
153.975 0 181.104 255 255 0
157.705 0 186.834 255 0 0
184.886 0 188.724 255 255 0
182.274 0 182.948 0 255 255
185.263 -1.11022e-16 201.989 0 255 0
187.499 0 175.731 0 255 255
555 114.78 229.746 255 255 255
146.129 0 155.248 255 0 255
169.105 0 162.952 0 255 0
180.816 0 169.213 255 0 0
164.988 0 187.135 255 0 0
174.781 0 190.759 255 0 0
184.949 0 167.334 0 255 0
165.729 0 178.352 255 0 0
164.511 0 178.105 255 0 0
139.895 0 170.813 0 255 255
186.991 0 191.593 255 0 255
182.063 0 159.407 255 0 0
196.921 0 155.866 255 0 0
555 333.336 128.821 255 255 255
186.938 0 184.261 255 0 0
49.6585 0 44.9131 255 255 255
173.084 0 157.109 255 0 0
170.021 0 163.241 255 0 0
182.905 0 172.782 255 255 0
193.407 0 164.63 255 0 0
166.977 0 173.462 255 0 0
188.427 0 183.097 255 0 0
173.063 0 187.048 255 0 0
174.959 0 162.196 0 255 255
154.441 0 188.816 255 0 255
152.056 -8.88178e-16 190.248 255 0 0
185.019 0 179.677 255 0 0
182.738 0 180.816 255 255 0
173.903 0 158.414 255 255 0
176.852 0 188.214 0 255 0
161.395 0 165.75 255 0 0
178.441 0 175.08 255 0 0
187.116 0 170.904 255 0 0
171.253 0 192.814 255 0 0
180.883 0 163.537 255 0 0
154.634 0 170.885 255 0 0
193.387 0 172.073 255 0 0
392.541 555 64.7744 0 255 0
149.545 0 177.606 255 0 0
175.313 0 165.377 0 0 255
168.551 0 190.778 0 255 0
154.993 0 166.596 255 0 0
190.776 0 193.353 255 0 0
0 4.25279 285.893 255 255 255
159.468 -4.44089e-16 183.878 255 0 0
152.679 0 195.277 255 0 0
163.509 0 195.026 0 255 255
147.814 0 167.509 0 255 255
363.684 71.834 268.558 255 255 255
178.842 0 166.88 255 255 0
335.297 555 541.409 255 255 255
182.594 0 168.905 255 0 0
175.506 0 178.999 255 0 0
160.019 -8.88178e-16 173.338 255 0 0
302.117 190.961 285.054 0 255 0
160.015 0 182.842 255 0 255
176.133 2.22045e-16 194.514 255 0 0
149.686 0 181.766 255 0 0
164.826 -4.44089e-16 169.074 0 255 0
186.929 0 175.223 255 255 0
206.816 0 183.293 255 0 0
189.686 0 176.147 255 0 255
198.823 0 175.108 255 0 255
158.12 0 172.949 0 255 255
198.934 0 145.941 255 0 0
155.844 0 186.715 0 255 0
167.248 8.88178e-16 174.712 255 0 0
151.793 0 183.982 0 255 0
175.735 0 159.83 255 0 0
171.749 0 153.949 255 0 0
181.221 -4.44089e-16 169.451 255 0 0
204.055 0 162.697 255 0 0
166.423 0 177.874 255 0 255
180.539 0 156.097 0 255 0
198.052 0 178.104 255 0 0
555 241.975 223.074 255 255 255
187.577 0 186.764 255 0 255
170.519 0 153.767 255 255 0
177.217 0 185.832 255 0 0
150.76 0 166.698 255 0 0
189.285 0 180.576 255 0 0
199.71 0 157.801 255 255 0
180.388 0 152.136 255 255 0
176.471 0 176.389 255 0 0
179.049 0 173.564 0 255 255
0 552.332 308.789 255 255 0
504.539 555 336.074 255 0 0
149.141 0 188.167 255 0 0
200.834 0 151.342 255 0 0
198.319 0 176.636 255 255 0
162.072 0 179.643 0 255 0
173.233 0 174.845 255 255 0
171.299 0 160.421 255 0 0
168.642 0 151.382 255 0 0
193.59 0 157.465 255 0 0
195.564 0 170.185 255 0 0
153.47 0 184.935 255 255 0
190.168 0 163.395 255 0 0
0 7.3546 198.479 255 0 255
313.078 0 251.997 255 255 255
222.027 294.284 555 255 255 255
195.109 -2.77556e-17 192.064 255 255 0
180.355 0 172.806 255 0 255
178.558 0 161.969 255 0 0
176.08 0 193.866 255 0 0
154.822 -8.88178e-16 182.984 0 255 0
185.305 0 136.061 0 255 255
163.726 0 179.201 255 0 0
81.8992 0 84.8469 255 255 255
184.426 1.11022e-16 177.933 255 0 0
175.624 0 181.141 0 255 0
166.991 0 147.632 255 0 255
208.253 0 165.11 255 0 0
191.361 0 194.246 255 0 255
146.726 0 168.358 0 255 0
186.837 0 180.745 255 0 255
183.144 0 167.278 255 0 0
195.122 0 179.807 255 0 0
198.511 -5.55112e-17 190.366 255 0 0
157.69 0 182.777 255 0 0
172.845 0 178.463 255 0 0
160.693 0 155.973 255 0 0
202.251 0 175.563 255 0 0
180.534 0 169.86 255 255 0
183.495 0 169.698 0 255 0
190.314 0 172.659 255 0 0
182.903 0 176.79 255 0 0
200.699 0 186.163 255 0 255
193.153 0 165.591 255 0 0
196.64 0 167.438 255 0 0
402.004 0 158.289 255 0 0
141.878 0 187.808 0 255 255
141.822 0 178.997 255 0 255
186.134 0 176.38 0 0 255
188.941 0 192.599 0 255 0
143.952 0 191.729 0 255 0
154.493 8.88178e-16 188.709 255 0 0
178.302 0 170.533 255 0 0
185.978 8.88178e-16 152.729 0 255 255
161.871 0 181.835 255 0 0
181.568 0 175.168 255 0 0
194.921 0 156.638 255 0 0
1.42109e-14 24.2639 265.362 255 255 255
182.401 0 157.013 255 0 0
333.142 0 157.17 255 255 255
200.872 0 154.946 0 255 0
183.882 0 197.141 255 0 0
182.657 0 165.386 0 255 0
194.376 0 186.68 255 0 0
162.576 -4.44089e-16 188.489 255 0 0
196.853 0 187.144 255 0 255
194.166 0 187.149 255 0 255
188.45 0 177.909 255 0 255
165.039 0 189.019 255 0 0
167.705 0 176.189 0 255 255
187.034 0 152.661 255 0 0
179.377 0 188.804 255 0 255
350.914 555 172.534 255 0 255
158.856 0 190.617 255 0 0
217.946 555 168.046 255 0 255
145.671 0 196.321 255 0 0
192.045 0 150.505 255 0 0
187.184 0 175.722 255 0 0
177.591 0 192.769 255 0 0
180.677 0 174.601 0 255 0
166.583 0 165.296 255 0 0
195.285 0 178.225 0 255 0
198.335 0 176.199 255 0 0
164.198 0 159.393 255 0 0
185.254 0 168.51 255 0 0
80.8425 0 10.6375 255 255 255
156.533 0 149.696 0 255 255
161.071 0 175.931 255 0 0
295.927 204.803 286.713 255 0 255
0 69.7312 67.959 255 0 0
166.186 0 159.899 255 255 0
0 5.3392 121.901 255 255 0
191.496 0 151.207 255 255 0
169.526 0 175.937 255 0 255
181.557 0 155.183 255 0 255
202.786 0 167.809 255 0 0
198.445 0 192.682 255 0 255
176.859 0 175.185 255 0 0
176.973 0 167.025 255 0 0
130.198 555 266.404 255 255 0
168.335 0 186.045 255 0 0
175.367 0 176.479 255 0 0
189.469 0 196.815 0 255 255
173.945 0 184.825 255 0 0
155.152 0 161.622 255 0 0
178.301 0 167.064 255 255 0
204.452 0 178.808 255 0 0
186.159 2.22045e-16 171.49 255 0 255
184.356 0 188.976 255 0 0
191.889 0 165.35 0 255 255
192.472 0 194.251 0 255 255
154.437 0 170.251 255 0 0
200.039 0 175.169 255 0 0
189.862 0 163.355 255 0 0
0 192.961 123.383 255 255 255
190.167 0 184.715 255 0 0
171.683 0 174.109 0 255 255
171.813 -4.44089e-16 188.495 255 255 0
197.402 0 153.148 255 0 255
146.121 1.77636e-15 180.523 255 0 0
177.941 0 200.517 255 0 0
194.122 0 148.688 255 255 0
171.514 0 188.649 255 0 0
251.212 555 404.501 255 0 255
172.06 0 181.133 0 255 255
171.078 4.44089e-16 174.504 0 255 0
165.617 0 164.374 255 0 0
186.659 0 166.031 255 0 0
171.573 -2.22045e-16 189.353 0 255 255
0 218.904 196.085 255 255 255
168.635 0 161.211 255 0 0
201.916 0 169.72 255 0 0
167.373 0 161.272 255 0 0
163.368 0 161.536 255 0 0
465.35 555 255.791 0 255 255
148.357 0 166.573 255 0 0
196.925 0 172.771 255 0 255
187.241 0 157.038 255 0 0
157.284 0 168.514 0 255 255
156.608 0 171.958 255 0 0
177.429 0 161.817 255 0 0
168.822 0 198.231 255 0 255
173.763 0 161.809 255 0 0
144.365 0 183.374 255 0 0
133.588 0 195.073 0 255 0
132.054 0 295.899 255 255 255
193.352 0 176.964 0 255 0
174.179 0 171.616 255 0 255
484.707 555 181.025 255 0 0
156.883 0 164.543 255 0 255
178.997 0 162.15 255 0 0
171.491 0 169.197 0 255 0
208.346 0 181.034 255 0 0
148.635 0 153.418 255 0 0
300.533 127.786 555 255 255 255
174.83 0 157.853 255 0 0
163.23 0 181.841 255 255 0
171.785 0 186.138 255 255 0
187.263 0 190.808 0 255 255
157.791 0 154.035 255 0 0
174.484 0 172.658 255 0 0
153.492 0 204.083 255 255 0
0 25.3129 174.068 0 255 255
170.229 4.44089e-16 196.34 0 255 255
159.698 0 197.749 255 0 0
170.102 0 186.654 255 0 0
202.718 0 172.667 0 255 255
203.116 0 167.544 255 255 0
171.341 0 181.802 255 255 0
200.674 0 151.41 255 0 255
154.173 0 156.459 255 0 255
174.639 0 153.087 255 0 0
177.631 0 182.697 255 0 0
76.3607 23.4571 555 255 255 255
178.18 0 162.228 255 0 255
194.472 0 160.853 255 0 0
186.314 0 177.668 255 0 0
199.194 -4.44089e-16 167.813 0 255 255
177.031 0 154.826 255 255 0
162.287 0 181.675 255 0 0
0 0.541451 205.015 0 255 255
187.517 1.38778e-17 186.288 255 0 255
94.3932 0 70.3011 255 255 255
178.682 0 160.96 255 0 255
192.322 0 159.321 255 0 255
168.51 0 196.02 0 255 0
192.5 0 159.461 255 0 0
163.719 0 184.028 255 255 0
152.759 0 159.324 255 0 0
191.267 0 184.333 255 0 0
162.843 -8.88178e-16 173.28 255 0 0
0 418.086 51.7346 255 255 255
173.408 0 162.88 255 255 0
176.685 0 182.981 255 0 0
174.703 0 160.758 255 0 255
182.252 0 165.037 255 0 0
0 82.6858 83.5812 255 0 0
144.178 0 155.112 255 0 0
151.558 0 177.027 255 0 0
0 259.895 90.5333 255 255 255
169.414 0 167.387 0 255 255
156.573 0 166.093 255 0 0
0 23.6837 18.533 255 0 0
183.162 0 177.738 255 0 0
204.432 0 170.437 255 0 0
162.156 0 178.618 255 0 255
174.361 0 186.134 255 0 0
153.359 -8.88178e-16 176.719 0 255 0
164.858 -8.88178e-16 179.893 0 255 255
27.8894 0 308.021 255 255 255
161.984 0 164.782 255 0 0
160.628 1.77636e-15 164.928 255 255 0
160.947 8.88178e-16 160.191 255 0 0
200.432 0 169.14 255 0 0
555 321.773 144.938 255 255 255
177.637 0 179.442 0 255 255
254.887 555 85.1932 255 255 255
184.797 2.22045e-16 173.149 0 255 0
164.551 0 163.861 255 0 255
158.555 0 160.649 0 255 0
159.173 0 186.751 255 0 0
171.581 0 159.879 0 255 255
152.155 -1.77636e-15 176.292 255 0 0
174.279 0 187.836 0 255 0
205.337 0 162.124 255 0 0
183.545 0 173.984 255 255 0
158.997 0 166.646 255 0 255
167.588 0 167.988 255 0 255
190.241 -2.22045e-16 174.528 255 0 255
151.975 0 169.989 255 255 0
176.295 0 157.784 255 255 0
186.898 0 190.026 255 0 0
175.901 0 163.783 255 0 0
153.522 0 163.956 255 0 0
197.715 0 172.334 0 255 0
159.746 0 175.751 255 0 0
155.135 0 165.752 255 0 0
175.728 0 187.776 255 0 0
182.456 0 190.397 255 0 0
190.621 0 198.859 255 0 0
172.673 0 187.561 0 255 255
193.491 0 179.762 0 255 255
234.575 555 445.4 255 0 255
199.434 0 178.527 255 0 0
155.22 0 175.135 255 0 0
151.684 0 170.75 255 0 0
166.372 0 189.534 0 255 255
106.311 82.0613 555 255 255 255
185.689 4.44089e-16 168.567 255 0 0
159.064 0 157.393 255 0 255
177.275 0 166.667 0 255 255
182.342 0 164.832 255 0 0
181.888 0 183.629 0 255 0
191.061 0 168.415 0 255 255
193.486 0 158.449 0 255 255
144.402 0 359.294 255 255 255
165.124 0 247.971 255 0 0
186.564 0 185.884 0 0 255
206.728 0 155.607 255 0 0
199.36 0 174.205 255 0 0
97.7238 0 60.3175 255 255 255
153.257 0 160.661 255 0 0
180.654 0 185.906 0 255 255
168.462 0 161.324 0 255 255
187.679 0 178.672 255 0 0
175.285 0 186.498 255 0 0
171.232 0 159.951 255 255 0
186.601 0 174.609 0 255 255
277.703 0 80.8312 255 0 255
202.285 0 178.345 255 0 0
192.655 0 169.101 0 255 0
183.59 0 154.49 255 0 255
129.945 555 351.309 0 0 255
168.998 0 194.358 255 0 0
180 0 166.215 255 255 0
199.042 0 180.865 255 0 0
184.502 0 176.108 255 0 255
154.397 0 147.394 255 0 0
172.661 0 157.102 255 255 0
232.88 555 387.893 255 255 0
189.758 0 161.345 255 0 255
257.335 555 154.094 0 255 0
165.374 0 180.629 255 0 0
201.493 0 146.539 255 0 0
164.97 0 174.352 255 0 0
181.066 0 186.696 255 0 255
148.108 0 174.046 255 0 0
159.056 0 188.466 255 255 0
164.665 0 150.441 255 255 0
206.999 0 154.18 255 255 0
190.031 0 178.944 0 255 255
184.018 0 164.98 255 0 255
150.944 0 183.879 0 255 255
179.95 0 163.78 255 0 255
384.391 0 180.855 255 255 255
190.216 0 185.607 255 255 0
0 511.564 440.69 0 255 255
160.073 0 193.692 255 0 0
127.027 555 235.709 0 0 255
274.618 242.997 292.423 255 255 255
278.457 0 56.7587 255 255 255
181.984 0 172.695 255 0 0
192.349 0 171.668 255 255 0
174.985 0 176.693 255 0 0
189.447 0 177.049 0 255 0
166.967 0 183.491 255 0 0
157.349 0 168.903 255 0 0
199.217 0 160.742 0 255 255
0 196.171 338.067 255 255 255
174.413 0 155.019 0 255 255
169.888 0 155.952 255 255 0
167.103 0 192.361 255 0 255
186.549 0 160.638 0 0 255
149.69 4.44089e-16 166.916 0 255 0
190.34 0 165.598 255 0 0
185.861 0 199.671 0 255 255
152.431 0 167.979 255 0 255
173.769 0 166.205 255 0 255
194.98 0 164.886 255 0 255
163.111 0 187.255 0 255 0
167.069 0 168.554 0 255 255
188.344 0 157.521 255 0 0
188.864 0 171.72 0 255 255
164.999 8.88178e-16 175.837 0 255 255
146.342 0 183.828 255 0 0
173.387 0 187.347 255 255 0
190.771 0 175.91 0 255 255
187.016 0 202.25 0 255 255
173.63 0 160.775 255 0 0
217.795 0 153.941 255 0 0
306.36 555 426.359 255 0 255
199.89 0 187.179 255 255 0
183.078 -8.88178e-16 139.069 0 0 255
244.643 555 137.281 255 0 0
175.684 0 134.722 0 255 255
175.434 0 161.537 255 0 255
170.267 0 169.637 255 0 0
197.39 0 166.856 255 0 0
171.63 0 174.327 255 0 0
176.945 -2.22045e-16 178.174 255 0 0
185.042 0 170.762 0 0 255
146.667 0 165.682 255 0 0
171.506 0 178.446 255 0 255
162.238 0 180.685 255 255 0
182.926 0 151.543 255 0 0
180.705 0 178.963 255 0 0
204.263 0 181.587 0 255 0
280.681 124.294 353.523 255 255 255
188.972 0 172.13 255 0 0
146.965 0 174.565 255 0 0
153.618 0 173.74 0 255 255
144.679 0 161.946 255 255 0
156.775 0 150.652 255 255 0
196.275 0 195.703 255 0 0
160.705 0 200.125 255 0 0
351.703 555 74.5436 255 0 0
171.936 0 198.946 255 255 0
189.289 0 202.019 255 0 0
178.424 0 157.607 255 255 0
193.221 8.88178e-16 161.73 255 0 0
555 184.589 203.961 255 255 255
164.157 0 201.024 255 0 0
185.414 0 194.126 255 0 0
181.946 555 71.9517 255 0 0
174.119 0 176.076 255 0 0
196.714 0 173.427 255 0 255
180.163 0 171.606 255 0 0
186.814 -8.88178e-16 159.057 255 0 255
306.125 0 176.508 255 255 255
195.256 0 156.286 0 255 255
189.101 0 171.291 255 0 0
180.716 0 193.328 255 0 0
169.9 0 203.394 255 0 0
184.822 0 160.609 255 0 0
155.741 -8.88178e-16 172.87 255 255 0
160.367 0 165.777 255 0 0
185.897 0 173.808 255 0 0
172.383 0 177.373 255 0 0
189.922 0 148.628 255 255 0
191.826 0 190.119 0 255 255
158.694 0 153.351 255 255 0
342.579 555 520.808 255 255 255
166.518 0 176.525 0 255 0
298.907 0 178.238 255 255 255
161.103 0 174.922 255 0 0
185.133 0 170.035 255 0 0
170.059 0 152.215 255 0 0
193.698 0 178.296 255 0 255
194.472 0 191.697 255 255 0
0 13.888 111.858 255 0 0
183.35 0 182.648 255 0 255
163.977 0 173.486 255 0 0
197.306 0 200.4 255 255 0
169.82 4.44089e-16 170.764 255 0 0
182.558 0 146.279 255 0 255
265.092 0 298.286 255 255 255
191.098 0 148.364 255 0 0
74.148 0 300.627 255 255 255
155.542 0 186.563 255 0 0
178.758 0 150.628 0 255 0
155.163 0 172.186 255 255 0
155.085 0 179.652 255 0 0
0 104.732 75.9199 255 255 255
152.866 0 182.007 255 0 0
195.433 0 175.514 255 0 255
159.862 0 191.846 255 0 0
195.017 0 188.09 255 0 0
177.467 0 173.562 0 255 255
174.564 0 191.776 255 0 0
204.077 -4.44089e-16 171.431 255 0 0
193.865 0 167.881 255 0 0
173.95 0 186.649 255 255 0
177.337 0 165.181 255 0 0
191.127 0 175.182 255 0 0
161.874 0 172.368 255 0 255
174.036 0 182.374 255 0 0
159.643 0 183.71 255 0 0
181.025 0 192.364 255 0 0
198.258 0 205.941 0 255 255
181.157 0 165.043 255 0 0
183.83 0 184.51 255 0 0
172.436 0 177.058 255 0 0
167.192 0 177.757 255 0 0
183.402 0 150.923 255 0 0
187.8 0 174.303 255 0 0
150.718 0 162.926 0 255 255
206.737 0 176.311 0 255 255
281.602 225.532 356.96 255 0 0
177.385 0 180.944 255 0 255
161.118 0 189.128 255 255 0
289.967 -1.42109e-14 47.0216 255 255 255
192.789 0 150.733 255 0 0
164.414 0 160.393 255 255 0
165.369 0 177.49 255 0 0
268.24 169.77 294.132 255 0 0
172.791 0 170.385 255 255 0
186.976 0 182.326 255 0 0
172.397 0 288.853 255 255 255
192.857 0 180.502 255 255 0
160.487 0 173.038 255 0 255
170.435 0 167.404 255 0 0
191.462 0 168.962 255 0 0
202.629 0 178.306 0 0 255
555 328.409 121.529 255 255 255
170.954 0 167.151 255 0 0
163.023 0 185.282 255 255 0
165.463 0 166.578 255 0 0
194.655 1.11022e-16 178.554 0 255 0
0 149.801 140.941 255 255 255
173.154 0 191.998 255 0 0
178.423 0 179.933 255 0 0
-1.42109e-14 30.9289 244.913 255 255 255
174.627 0 152.734 255 255 0
160.68 0 154.303 255 0 0
186.881 0 154.209 0 255 0
146.553 0 163.149 255 0 255
174.902 4.44089e-16 175.019 255 0 0
194.773 0 172.144 255 255 0
184.786 0 162.699 0 0 255
160.368 0 191.355 0 255 255
206.634 0 193.607 0 255 0
203.504 0 181.136 0 255 255
187.104 0 170.833 255 0 0
200.416 1.11022e-16 195.716 255 255 0
265.064 82.4351 294.983 255 255 255
179.848 0 182.006 255 0 0
179.803 -8.88178e-16 160.958 255 0 0
320.152 199.568 555 255 255 255
172.913 0 168.773 255 0 0
173.813 0 170.344 0 255 0
192.913 0 182.538 255 0 0
519.193 555 177.739 0 255 255
93.6319 555 322.774 255 0 0
161.392 0 179.924 255 0 0
164.43 0 179.039 255 0 0
168.901 -4.44089e-16 175.486 255 0 0
160.584 0 169.964 255 0 0
240.677 555 149.481 255 0 255
168.537 0 168.661 255 0 255
203.288 0 171.142 255 0 0
193.734 0 166.971 255 0 0
186.331 0 205.158 255 0 0
153.747 0 185.883 255 0 0
157.466 0 177.191 255 0 0
314.787 528.403 555 255 0 0
161.285 0 161.92 255 0 0
182.427 -2.22045e-16 177.122 255 0 0
190.064 0 174.742 255 0 0
181.185 0 170.273 255 0 255
318.483 0 231.507 255 255 255
184.187 0 192.253 0 255 255
153.036 0 178.036 255 0 255
194.733 0 177.234 0 255 0
183.219 0 160.011 255 0 0
112.536 0 115.996 255 0 0
189.059 0 157.799 0 255 0
174.721 0 207.018 255 0 0
156.621 0 186.252 255 0 0
281.862 0 427.501 255 255 255
205.077 0 192.532 255 0 0
177.098 0 175.686 255 255 0
158.119 0 177.232 255 0 0
177.733 0 151.797 255 0 0
168.552 0 156.76 255 0 255
169.35 -4.44089e-16 176.469 255 0 255
215.2 1.42109e-14 36.0497 255 255 255
187.384 0 167.263 255 0 0
183.477 0 171.862 0 255 0
171.913 0 200.719 255 0 0
0 8.91582 254.976 255 0 0
150.168 0 177.73 255 0 0
165.194 0 169.326 255 0 0
522.438 555 137.49 255 0 255
182.368 0 165.369 255 0 0
208.11 0 165.948 0 255 0
0 552.579 304.592 255 255 255
179.441 0 159.839 255 255 0
167.586 0 183.753 255 0 255
191.263 0 160.576 255 0 0
182.459 0 165.663 0 255 255
0 159.594 320.698 255 255 255
134.513 0 187.887 255 0 255
203.77 0 180.659 255 0 0
159.865 0 163.581 0 255 0
151.705 0 161.106 255 0 0
158.863 0 189.307 0 0 255
147.176 0 155.475 0 255 0
147.718 0 191.67 0 255 0
152.837 0 156.235 0 0 255
187.736 0 155.807 0 255 255
247.981 555 169.695 255 0 0
160.025 0 151.252 0 255 255
164.591 0 156.948 255 255 0
204.132 0 181.984 255 255 0
170.374 0 154.693 255 0 255
148.974 0 163.179 0 255 255
155.317 0 150.307 255 0 0
175.387 0 170.989 255 0 0
178.674 0 174.045 255 0 0
157.012 0 161.045 255 0 0
177.803 555 391.995 255 0 0
174.821 0 191.689 255 0 255
197.533 0 153.128 255 0 0
166.831 0 180.964 0 255 0
178.794 0 165.518 255 0 0
162.575 0 175.491 255 0 0
0 33.5837 251.435 0 255 255
201.219 555 138.72 255 255 255
555 94.9423 230.747 255 255 255
299.123 0 211.271 255 255 255
175.702 0 173.443 255 0 0
185.773 2.22045e-16 172.729 0 255 255
181.563 0 177.112 255 0 0
186.78 0 161.361 255 0 255
166.223 0 180.746 255 0 0
437.456 555 189.16 255 0 0
162.96 0 193.568 255 0 255
195.39 0 185.818 255 0 255
164.896 0 193.924 0 255 255
199.157 0 165.793 0 255 0
185.263 0 156.551 255 0 0
184.194 8.88178e-16 158.804 255 0 0
173.488 0 178.697 255 0 0
148.653 0 146.687 255 0 0
207.693 542.365 555 0 255 0
151.702 0 190.868 255 0 0
261.736 -1.42109e-14 341.828 255 255 255
178.176 0 155.758 255 0 0
161.399 4.44089e-16 171.899 255 255 0
176.066 0 157.422 255 0 255
195.271 0 189.969 255 0 0
194.119 0 153.995 0 255 0
190.274 0 203.39 0 0 255
181.142 0 159.75 255 0 0
188.711 0 156.697 255 0 0
196.472 0 174.406 255 0 0
184.494 0 196.264 0 255 255
173.744 0 163.847 255 0 0
176.38 0 189.894 255 0 0
171.918 0 165.585 255 0 0
138.763 555 347.328 0 255 0
2.9013 0 225.259 255 255 255
175.569 8.88178e-16 153.829 0 255 0
175.269 2.22045e-16 189.881 0 255 0
170.976 0 173.971 255 0 0
155.686 0 162.916 255 255 0
180.923 0 167.5 255 255 0
173.871 0 163.183 255 0 255
181.565 0 187.025 255 0 0
204.992 0 183.588 255 0 0
185.407 0 149.961 255 255 0
171.231 0 166.836 0 255 255
177.031 0 178.428 255 0 255
173.503 0 191.377 0 255 255
189.548 0 199.209 255 0 0
54.531 555 3.4143 255 255 255
171.751 0 172.457 255 0 0
180.336 0 157.414 255 0 0
151.315 0 183.77 255 255 0
161.827 0 169.149 255 0 0
149.634 -1.77636e-15 164.425 0 255 255
196.538 0 174.392 255 0 0
195.063 0 188.467 0 255 255
203.143 0 181.496 255 255 0
158.574 0 170.278 255 0 255
158.834 -8.88178e-16 186.187 255 0 0
309.941 555 62.2813 255 0 0
179.015 0 180.601 255 0 255
163.121 0 181.568 255 0 255
172.035 0 182.152 255 0 0
185.176 0 165.546 0 255 255
157.307 0 166.464 255 0 0
197.126 0 191.69 255 0 0
161.892 0 181.624 255 0 0
198.48 0 186.578 255 0 0
188.458 0 171.453 255 0 0
186.356 0 173.335 255 0 255
157.401 0 153.832 255 0 255
138.505 0 11.3023 255 255 255
179.962 0 176.043 0 255 0
184.018 0 160.675 255 0 0
411.955 0 236.861 255 255 255
175.444 0 169.667 255 0 0
208.628 0 59.6355 255 255 255
153.715 0 170.42 255 0 0
174.694 0 182.91 255 0 0
208.283 0 184.337 255 255 0
199.096 0 189.337 255 0 0
172.818 0 164.138 255 0 0
179.167 0 199.816 255 0 0
176.966 4.44089e-16 166.103 0 255 255
185.682 0 171.459 255 0 255
158.532 0 199.401 255 255 0
168.534 0 183.618 255 255 0
156.52 0 162.416 255 0 0
271.266 265.029 318.385 255 0 0
270.066 214.051 313.905 255 255 255
166.78 0 167.209 255 0 255
152.251 8.88178e-16 189.616 255 0 0
185.637 0 154.772 255 0 0
169.689 0 184.503 255 255 0
173.635 0 170.979 255 0 0
205.649 0 161.284 255 0 0
165.772 0 171.637 255 0 0
209.123 0 188.118 255 0 0
174.562 0 188.626 0 255 255
173.267 0 193.665 255 0 0
184.888 0 177.659 255 0 0
0 222.059 85.7277 255 255 255
170.248 0 160.339 255 255 0
175.965 0 164.451 255 0 0
126.498 0 44.9779 255 255 255
0 123.589 515.739 255 255 255
197.124 0 150.907 255 255 0
168.846 0 166.433 0 255 0
166.503 0 188.411 0 255 255
165.58 0 153.89 255 0 0
149.199 0 171.345 0 255 255
0 222.099 157.376 255 255 255
157.448 8.88178e-16 170.976 255 0 0
158.471 0 160.884 0 255 0
305.002 0 114.98 255 255 255
150.959 0 148.631 255 0 0
167.034 0 160.232 255 255 0
175.694 0 161.16 255 0 0
146.33 0 183.264 255 0 255
197.941 0 190.1 255 0 0
172.617 0 149.58 255 0 0
167.733 0 155.89 255 0 0
194.699 0 193.556 255 0 0
170.548 0 160.747 255 0 0
122.882 0 147.847 0 255 0
147.722 0 172.63 0 255 0
175.246 0 168.298 255 0 0
435.922 555 294.488 255 0 0
195.433 -2.22045e-16 172.813 255 255 0
167.01 4.44089e-16 179.167 255 0 0
169.314 0 203.838 255 0 0
168.035 0 171.119 255 0 0
191.639 0 176.231 255 0 255
164.838 0 184.708 255 255 0
2.84217e-14 404.063 5.03865 255 255 255
162.523 0 198.294 0 255 0
150.38 0 152.542 255 0 255
187.041 0 200.733 255 0 255
141.504 0 177.078 255 0 0
181.937 0 154.52 255 0 0
332.118 236.453 277.016 255 255 255
166.717 0 160.339 255 0 255
187.852 0 159.588 255 255 0
170.928 0 179.1 255 255 0
175.63 0 167.354 255 0 0
172.114 0 173.355 255 0 255
182.415 0 155.457 255 0 0
161.944 0 172.496 0 255 0
202.988 0 167.681 0 255 255
182.255 0 160.549 0 255 0
163.205 0 195.034 255 0 255
119.675 555 265.265 0 255 0
187.824 0 156.073 0 255 255
183.228 0 183.409 255 0 0
162.317 0 189.84 0 255 0
190.605 0 183.954 255 0 0
187.045 0 193.063 255 0 0
188.851 0 154.103 255 0 0
248.572 555 400.993 255 0 0
202.575 0 185.784 255 0 0
267.325 3.41969 294.377 255 255 255
201.84 0 196.398 255 0 0
159.271 -8.88178e-16 182.848 255 255 0
168.768 0 179.74 0 255 255
64.7016 555 294.942 255 0 0
166.233 0 176.759 255 0 0
145.142 0 193.087 255 0 255
180.314 0 173.681 255 0 0
173.174 0 173.398 255 0 0
247.42 555 127.487 0 255 0
242.82 555 410.828 255 0 0
179.443 0 157.3 0 0 255
186.523 0 189.105 255 0 255
169.938 0 159.606 255 0 0
162.28 0 195.255 255 255 0
154.657 0 159.718 255 0 0
195.798 0 170.064 255 255 0
162.269 0 172.313 255 0 255
175.08 0 156.239 0 255 255
182.186 0 147.851 255 0 0
179.314 0 173.361 255 0 255
200.336 0 159.863 255 255 0
154.76 -8.88178e-16 171.757 0 0 255
166.501 0 170.717 255 0 0
178.909 0 176.868 255 0 255
148.508 -4.44089e-16 173.662 255 0 0
186.893 0 165.418 255 0 0
183.687 0 167.308 255 0 0
154.647 0 180.291 255 0 0
194.386 0 190.631 255 0 0
197.124 4.44089e-16 168.359 255 255 0
176.485 0 149.841 255 255 0
195.24 0 201.483 255 0 255
555 498.48 283.233 255 0 0
45.8936 0 70.9749 255 255 255
330.394 41.7116 277.478 255 255 255
152.67 0 180.907 255 255 0
210.357 54.1758 555 255 255 255
166.269 0 181.483 255 0 0
165.495 0 165.406 0 255 255
192.284 0 172.655 0 255 0
330.72 0 178.428 255 255 255
171.214 555 534.644 255 255 255
156.137 0 164.065 255 0 0
200.177 0 175.959 255 0 0
189.151 0 179.271 255 0 255
164.79 0 188.723 255 0 255
180.8 0 172.302 255 0 0
180.88 0 169.097 255 255 0
200.071 0 204.97 255 0 0
184.887 0 152.093 255 0 255
189.635 0 154.747 255 0 0
190.719 0 176.292 255 0 255
199.909 0 180.52 0 255 255
153.311 0 167.362 255 0 255
107.482 0 152.428 255 0 0
189.14 4.44089e-16 173.663 255 0 0
163.706 0 178.124 255 0 255
0 60.5108 11.3531 255 0 0
163.139 0 192.108 255 0 0
173.51 0 155.64 255 0 0
55.8395 555 27.713 255 0 0
179.064 0 177.292 255 0 255
184.407 0 169.436 255 0 0
171.223 0 158.229 255 0 0
147.453 0 157.678 255 0 0
149.573 0 183.609 0 255 255
169.795 0 163.636 255 0 0
159.293 0 198.606 255 0 0
301.048 555 11.3725 255 255 255
175.556 0 169.001 255 255 0
198.686 0 155.596 255 0 0
151.719 1.77636e-15 161.765 255 0 0
170.504 0 188.726 255 0 0
188.686 0 202.877 0 255 255
197.45 0 175.725 255 255 0
153.182 0 185.682 0 255 0
265.568 121.308 297.12 255 255 255
193.883 0 181.869 0 255 255
176.154 0 165.09 0 255 0
169.028 0 163.55 255 0 0
153.607 0 173.085 255 0 255
177.063 0 165.155 0 255 255
199.075 0 186.173 255 0 255
180.558 0 179.494 255 0 255
179.17 -1.11022e-16 182.532 0 255 255
175.239 0 172.121 255 0 0
0 195.676 265.385 255 255 255
150.229 0 181.706 255 0 0
153.201 0 164.845 255 0 0
202.733 0 193.324 255 0 0
315.957 555 466.109 255 255 0
30.3026 0 322.346 255 255 255
167.424 -4.44089e-16 182.205 255 0 255
197.853 0 180.105 255 0 0
192.782 0 145.715 255 0 0
183.565 0 168.878 0 255 0
159.477 0 180.572 255 255 0
162.761 0 172.611 255 255 0
165.131 0 148.812 255 255 0
155.947 0 185.04 255 255 0
156.818 0 176.659 255 0 0
196.737 0 174.871 255 0 0
201.285 0 189.8 0 255 0
176.688 0 155.503 255 255 0
156.162 -1.77636e-15 176.264 255 0 0
177.793 0 170.727 255 0 0
198.32 0 147.395 255 0 255
153.395 0 169.162 255 0 0
169.018 0 170.761 255 0 255
192.205 0 197.841 255 255 0
0 477.024 102.118 255 255 255
184.997 0 195.59 255 0 0
178.76 0 171.502 0 255 255
171.466 0 191.492 255 0 0
202.36 0 164.188 255 0 0
176.849 0 183.137 255 0 255
448.484 0 56.1705 255 255 255
164.808 0 155.567 255 0 0
0 71.4741 149.641 255 0 255
186.657 0 158.817 255 0 0
173.357 0 158.388 255 0 0
173.905 0 183.09 255 0 0
176.228 0 165.424 255 0 0
56.234 0 200.303 255 255 255
180.247 0 174.273 0 255 255
170.467 0 203.136 255 0 255
171.284 0 182.479 0 255 255
0 357.758 277.693 255 255 255
180.23 0 166.512 255 0 0
193.598 0 175.186 255 0 0
175.588 0 163.677 255 0 0
169.942 0 158.575 255 0 0
166.157 0 160.885 255 255 0
0 59.4146 31.8081 255 0 255
171.561 0 175.23 0 255 0
152.28 0 175.376 255 0 0
190.833 0 182.191 0 255 0
181.854 0 159.146 0 255 255
180.266 0 176.296 255 0 0
171.465 0 170.617 255 0 0
185.433 0 165.928 255 0 0
190.08 0 166.673 255 0 0
173.504 -2.22045e-16 177.356 0 255 0
173.22 0 163.639 0 255 0
185.406 0 207.933 255 0 0
192.837 0 194.338 255 0 0
183.18 0 178.316 255 255 0
174.951 2.22045e-16 182.306 255 0 0
189.196 0 194.519 255 255 0
165.127 0 164.577 255 0 255
171.286 0 173.937 255 0 255
192.134 0 162.811 0 255 255
156.588 0 201.507 255 0 0
164.625 0 176.215 0 255 255
182.14 0 123.146 255 0 0
168.283 8.88178e-16 176.744 255 0 0
160.681 0 176.938 255 0 0
153.561 0 154.43 0 255 255
164.002 0 150.845 255 0 0
185.739 0 183.595 255 255 0
154.485 -8.88178e-16 181.768 0 255 0
184.036 0 143.945 255 0 0
185.976 0 189.27 255 0 0
123.901 555 85.9144 255 0 0
149.043 0 190.029 255 0 0
192.581 0 190.702 255 0 255
159.478 0 179.152 255 0 255
217.298 1.42109e-14 48.571 255 255 255
180.937 0 184.8 0 255 0
180.512 -8.88178e-16 157.048 255 255 0
168.057 0 168.725 255 0 0
171.905 -2.22045e-16 195.657 255 0 0
91.2189 79.6948 555 255 255 255
190.686 8.67362e-19 189.14 255 0 255
184.893 0 169.739 255 255 0
201.82 0 173.358 255 0 0
168.599 0 185.241 0 255 0
28.4247 555 205.637 255 255 255
188.76 0 199.449 255 255 0
410.997 0 202.737 255 255 255
186.012 -2.22045e-16 171.474 0 255 0
266.658 133.194 294.556 255 255 255
160.437 0 157.496 255 0 0
182.944 0 174.094 255 0 0
191.422 0 143.741 255 0 0
194.291 -1.38778e-17 188.819 255 0 0
177.321 0 169.71 255 0 255
148.091 0 159.82 0 255 0
174.613 0 183.739 255 0 0
171.072 0 173.47 255 0 0
169.015 0 176.308 255 0 255
201.171 0 153.549 0 255 0
190.266 0 196.698 255 0 0
163.555 0 186.33 0 255 0
160.315 0 161.473 255 0 255
200.419 0 186.879 255 255 0
184.536 0 197.965 255 255 0
191.069 0 191.121 255 255 0
187.806 0 154.567 255 0 0
183.546 0 166.503 255 0 0
276.284 46.9994 291.977 255 255 255
177.711 0 179.29 255 0 255
173.544 0 160.099 255 255 0
190.8 0 180.781 255 0 255
182.522 0 176.005 255 0 0
336.569 -1.42109e-14 245.623 255 255 255
170.157 0 153.513 255 0 0
184.506 0 173.901 255 0 0
180.558 0 189.896 255 0 255
155.047 0 176.646 255 0 0
157.673 0 177.889 0 255 255
187.197 0 175.724 0 0 255
173.301 0 167.492 255 0 0
178.52 0 158.291 255 0 0
167.337 0 187.932 255 0 0
185.353 0 195.09 255 0 255
48.606 0 73.648 255 255 255
163.559 0 186.949 255 0 255
171.555 0 155.737 0 255 255
177.26 0 176.35 0 255 255
185.525 0 150.932 255 255 0
200.536 2.22045e-16 177.971 255 0 0
205.42 0 193.604 255 0 0
187.584 0 187.064 255 0 0
203.847 0 166.658 255 0 0
198.158 0 177.596 255 0 0
158.339 0 187.435 255 0 0
155.156 0 161.945 255 255 0
195.418 0 162.631 0 0 255
0 30.4305 55.9817 0 255 255
109.168 555 177.401 255 255 255
160.347 0 195.375 255 0 0
174.529 0 199.752 255 255 0
164.641 0 160.058 255 0 255
172.45 0 163.741 255 0 0
143.531 0 182.099 0 255 0
555 545.506 238.082 255 0 255
206.248 0 193.272 255 0 0
150.023 0 190.742 0 255 0
169.85 0 180.318 255 0 0
179.349 0 172.252 255 0 0
28.651 555 247.232 255 0 255
170.541 0 152.543 255 0 0
175.159 0 186.589 255 255 0
161.814 0 161.594 255 0 0
182.265 0 198.964 255 0 255
172.535 0 169.928 0 255 255
146.161 0 188.021 255 0 0
168.085 0 192.483 255 0 0
156.919 0 174.972 255 0 0
165.107 0 162.246 0 255 0
173.545 0 148.553 255 255 0
37.0075 0 183.258 255 255 255
166.391 -4.44089e-16 174.929 255 0 0
156.339 0 175.323 255 0 255
146.423 0 164.031 0 255 0
147.242 0 191.97 255 0 0
173.174 0 158.104 255 0 0
158.282 0 170.652 255 0 0
183.61 0 175.61 0 255 255
203.415 0 188.176 255 255 0
155.537 0 173.872 255 255 0
167.034 0 162.254 255 0 0
167.839 0 156.388 255 255 0
184.392 0 156.422 255 0 0
208.271 0 178.444 255 0 0
198.343 555 122.028 255 0 0
162.351 0 182.55 255 0 0
181.713 0 178.581 255 0 0
158.709 0 170.938 0 255 0
195.613 0 182.461 0 255 255
148.437 0 172.598 255 0 0
167.117 0 151.467 0 255 255
171.386 4.44089e-16 177.41 0 255 255
175.577 0 169.083 255 0 0
173.391 0 161.127 0 0 255
153.717 0 169.976 0 255 0
165.899 0 172.788 255 0 0
190.056 0 152.861 0 255 0
179.136 0 180.236 255 0 0
110.114 555 250.974 255 0 0
157.709 0 194.09 255 255 0
176.109 0 180.357 0 255 0
176.8 0 191.441 255 0 0
193.331 0 162.724 255 0 0
183.93 0 156.02 255 255 0
191.442 2.22045e-16 172.214 0 255 255
157.555 0 167.564 255 0 0
0 20.8156 335.217 255 255 255
140.942 0 165.928 255 0 0
226.197 555 172.454 255 0 0
363.638 191.811 268.57 255 255 255
147.921 0 202.734 255 0 0
159.129 0 183.721 255 0 0
178.121 0 186.519 255 0 255
147.062 0 181.449 255 0 0
176.758 0 189.956 255 0 0
168.03 0 172.209 255 0 0
166.544 0 193.379 255 0 0
164.575 0 170.18 255 255 0
179.279 0 184.831 255 0 255
180.967 0 185.31 255 0 0
168.054 0 194.405 255 0 255
0 75.5442 45.7737 255 255 255
184.242 0 179.68 255 0 255
179.946 0 173.492 0 255 0
131.714 0 348.324 255 255 255
149.319 0 166.867 255 255 0
197.673 0 172.121 0 255 255
164.081 0 189.572 255 255 0
149.693 0 176.084 255 0 255
162.337 0 195.308 0 255 0
153.537 0 178.028 255 255 0
186.297 0 189.714 255 0 0
162.746 0 162.727 255 0 0
167.633 0 192.601 255 0 255
191.753 0 168.831 255 0 0
170.493 0 177.271 255 255 0
158.361 0 193.198 255 0 0
186.651 0 168.698 255 255 0
147.001 0 187.166 255 0 0
167.651 0 161.677 255 0 0
0 75.7622 437.566 255 0 0
168.592 0 172.85 0 255 0
172.398 2.22045e-16 193.117 0 255 255
143.751 0 181.134 255 0 0
154.824 0 197.106 255 0 0
181.004 0 157.528 0 255 0
176.823 0 164.618 255 0 255
178.604 0 155.534 255 0 255
159.721 -8.88178e-16 184.95 255 0 255
153.94 0 153.359 255 0 255
0 41.8852 181.113 255 255 255
277.859 287.347 342.991 255 0 255
186.033 0 165.354 255 0 0
167.495 0 192.892 255 0 0
19.3118 0 462.665 255 255 0
176.867 0 191.129 255 0 0
149.777 0 166.928 255 0 0
175.32 0 168.386 255 0 0
201.725 0 178.642 0 255 0
209.297 0 308.138 255 255 255
171.594 0 172.964 255 0 255
0 42.719 111.113 255 255 255
195.226 0 159.949 255 0 255
163.598 0 189.167 255 0 0
189.373 0 270.854 255 255 255
175.283 0 192.807 0 255 255
184.253 0 182.332 255 0 0
159.249 -1.42109e-14 369.649 255 255 255
173.693 0 178.982 0 255 0
392.048 555 33.52 255 255 255
173.563 0 186.542 0 255 255
168.445 0 164.073 255 0 0
194.712 555 123.343 0 255 255
194.601 0 187.88 255 0 255
159.17 0 176.032 0 255 0
169.982 0 177.187 0 255 255
173.317 0 194.045 0 255 255
172.355 0 165.358 255 0 0
160.861 0 184.788 255 0 0
141.617 555 379.347 255 0 0
190.229 0 166.615 255 0 0
189.614 0 157.633 255 0 0
168 8.88178e-16 157.538 255 0 255
162.953 0 184.815 255 0 0
279.367 295.199 348.619 255 0 255
474.449 0 114.771 255 255 255
163.57 0 165.298 255 255 0
148.821 0 176.995 255 0 0
0 93.7383 335.867 255 255 255
166.139 0 187.667 255 255 0
205.341 0 165.918 255 0 0
149.067 0 169.794 255 0 0
0 28.731 136.721 255 255 255
176.61 0 165.557 255 0 0
177.996 0 201.368 0 255 255
176.738 0 179.182 255 255 0
164.74 0 166.303 255 0 0
294.395 555 392.911 255 0 0
159.776 0 372.144 255 255 255
92.1365 0 297.255 255 255 255
162.981 0 201.82 0 255 0
184.791 0 179.888 255 255 0
183.274 0 189.608 255 0 0
181.227 0 156.255 255 0 0
64.8149 16.9824 555 255 255 255
167.715 0 188.366 255 255 0
0 189.953 109.534 255 255 255
146.153 555 323.849 0 255 255
148.744 0 184.243 255 0 0
-1.42109e-14 107.119 199.203 255 255 255
187.477 0 161.673 0 255 255
77.5317 555 488.275 255 0 0
163.441 0 156.371 255 0 0
340.252 1.42109e-14 231.836 255 255 255
153.88 0 161.333 255 0 0
170.342 0 157.599 255 0 0
101.545 0 168.568 255 0 0
180.188 4.44089e-16 169.112 255 255 0
203.017 0 186.107 0 255 255
182.654 0 186.911 255 0 0
176.392 0 180.304 255 0 0
143.145 0 161.597 0 255 0
189.591 0 204.565 255 0 0
187.735 0 157.058 255 0 0
173.216 0 166.827 0 255 0
170.9 0 176 255 0 255
157.421 0 168.172 255 0 0
169.88 0 189.345 255 0 0
168.057 0 192.707 255 0 255
192.311 0 168.274 255 0 0
169.154 0 172.506 255 0 255
176.861 0 181.393 255 0 255
209.984 0 178.838 255 0 0
175.024 -4.44089e-16 171.382 255 0 0
174.938 0 177.25 255 0 0
146.085 555 263.089 0 255 255
0 6.73141 86.4545 255 0 255
285.176 -1.42109e-14 41.2932 255 255 255
331.093 555 124.582 0 255 0
176.593 0 175.313 0 255 255
157.249 0 186.806 255 255 0
204.47 0 174.431 255 0 0
168.128 0 158.103 255 0 0
206.151 -2.22045e-16 192.748 255 0 0
170.894 0 185.858 255 255 0
173.077 -2.22045e-16 189.684 255 0 0
186.015 0 161.588 255 255 0
0 173.097 97.0724 255 255 255
159.662 0 190.633 255 0 0
182.229 0 166.64 255 0 0
153.792 -1.77636e-15 157.675 255 0 0
207.079 -4.44089e-16 175.956 255 0 0
163.511 0 178.501 255 0 255
179.851 0 167.751 0 255 0
184.064 0 185.823 255 0 0
286.509 -1.42109e-14 83.6613 255 255 255
179.409 0 145.219 255 0 0
198.627 0 193.517 255 255 0
149.953 0 185.292 255 0 0
187.971 0 185.664 255 255 0
197.352 0 167.174 255 0 0
173.74 0 154.903 0 255 255
167.286 0 204.583 255 0 0
146.518 0 187.159 255 0 0
172.996 0 189.992 255 0 0
146.046 0 162.666 255 0 0
165.456 0 195.505 0 255 0
196.249 1.42109e-14 350.823 255 255 255
170.178 0 152.627 255 0 255
174.068 0 159.649 255 0 0
167.017 0 178.834 255 0 255
22.9905 555 147.489 255 0 0
149.213 1.77636e-15 160.789 255 255 0
240.132 408.956 555 255 255 255
154.664 0 166.02 255 0 255
185.026 0 174.274 255 0 0
158.827 0 176.766 255 255 0
176.444 0 163.955 255 0 0
158.708 0 156.151 255 255 0
193.049 0 157.06 255 0 255
0 16.3309 304.508 255 255 255
181.199 0 176.984 255 0 255
0 50.4448 26.4383 255 255 255
193.32 0 155.853 255 0 0
196.884 -5.55112e-17 185.696 255 0 255
188.806 0 157.074 0 255 0
0 78.7734 422.197 255 255 255
237.96 555 114.125 255 255 0
181.331 0 163.724 255 0 0
181.171 0 201.676 255 0 0
171.894 0 156.757 255 0 0
161.781 0 183.692 255 0 0
184.926 0 150.819 255 0 0
-2.84217e-14 425.939 219.195 255 255 255
0 240.167 498.304 255 255 255
171.497 0 189.492 255 0 0
197.652 131.684 555 255 255 255
195.403 0 145.389 255 0 0
183.067 0 160.068 255 0 0
162.38 -8.88178e-16 182.709 255 0 0
-2.84217e-14 539.297 528.51 255 255 255
164.524 0 186.752 255 0 0
175.66 0 193.854 255 0 255
172.662 0 163.51 255 0 0
181.782 0 177.581 255 0 255
178.962 0 182.133 255 0 255
280.825 270.809 290.76 255 0 0
187.601 0 150.971 255 0 0
169.545 4.44089e-16 177.873 255 255 0
192.855 0 152.348 255 0 0
188.865 555 165.492 255 0 0
184.017 0 173.457 255 0 0
158.995 0 163.174 0 255 255
146.603 0 160.383 255 0 0
165.047 0 185.033 0 255 255
177.448 0 175.236 255 0 0
177.503 0 170.57 255 0 0
196.667 0 172.487 255 0 0
153.148 0 179.606 255 255 0
168.929 0 170.404 255 0 0
166.591 0 168.076 0 255 255
154.75 0 191.476 0 255 255
196.65 0 164.601 255 0 0
158.077 0 163.334 255 0 0
160.429 0 158.156 255 0 0
163.535 0 185.017 0 255 0
162.377 0 167.533 0 255 0
168.573 0 171.326 0 255 255
177.577 0 172.277 255 255 0
177.935 0 154.737 0 255 255
174.637 0 177.805 255 0 0
173.547 0 157.522 255 0 0
184.237 0 157.323 255 0 0
149.827 0 186.626 255 255 0
173.405 0 189.715 255 255 0
183.522 0 166.92 0 255 0
266.282 62.0645 294.656 255 255 255
171.53 0 188.441 255 0 0
165.713 -8.88178e-16 163.771 255 0 0
151.581 -8.88178e-16 180.098 255 255 0
223.131 555 495.757 255 255 0
190.969 0 178.86 255 0 255
207.267 0 191.907 255 0 0
185.716 0 177.52 0 255 0
151.448 0 169.126 0 255 0
143.834 -1.77636e-15 167.218 0 255 0
154.033 0 184.408 255 0 0
0 260.835 320.487 255 255 255
181.638 0 181.121 255 0 255
166.947 0 164.714 255 0 0
199.013 0 168.07 255 0 0
152.272 0 191.242 255 0 0
169.793 0 179.447 255 0 0
198.237 0 185.781 0 255 255
195.499 0 180.702 255 0 255
163.139 0 173.032 0 255 0
183.39 0 152.273 255 0 0
156.536 0 195.998 0 255 0
191.264 0 159.424 255 0 0
389.125 234.029 261.741 255 255 255
185.15 0 171.304 0 255 255
167.682 0 180.784 255 0 0
555 211.841 153.712 255 255 255
180.986 5.55112e-17 192.054 255 0 0
175.548 0 161.098 255 0 0
323.708 0 201.493 255 255 255
149.059 0 185.405 0 255 0
194.506 0 170.391 255 0 0
178.73 0 166.939 255 0 0
184.087 0 163.25 0 255 0
162.474 0 184.86 0 255 255
188.556 0 174.227 255 255 0
185.84 0 149.314 255 0 0
0 99.9151 157.011 255 255 255
174.709 0 188.074 0 255 255
177.068 0 162.79 0 0 255
204.172 -2.22045e-16 195.047 255 255 0
172.708 0 175.608 255 0 0
288.839 555 158.357 255 255 0
186.67 0 187.455 0 255 255
175.328 0 146.129 0 0 255
160.065 0 190.478 255 0 0
197.86 0 190.306 0 255 255
180.111 0 159.321 0 255 255
164.077 0 182.409 255 0 0
152.596 0 165.065 255 0 0
210.855 0 167.486 0 255 0
210.516 0 180.709 255 255 0
155.856 0 154.96 255 255 0
168.893 0 177.846 0 255 0
260.916 555 5.78012 255 0 0
156.877 0 171.214 255 0 0
162.243 0 152.652 255 0 0
180.911 0 173.819 255 255 0
185.369 0 180.664 0 255 255
165.832 0 176.639 255 0 0
161.286 0 194.31 0 255 0
186.5 0 170.539 255 0 255
164.614 1.77636e-15 163.906 255 0 0
170.156 0 146.535 255 255 0
156.749 0 190.268 255 0 0
200.787 0 173.72 0 255 0
126.3 555 382.234 255 0 255
178.697 0 182.106 255 0 255
159.178 0 189.521 255 0 0
200.684 0 168.281 255 0 0
76.7411 206.294 555 255 255 255
0 95.6172 156.502 255 255 255
173.59 0 176.049 255 0 0
163.737 0 175.273 255 0 0
179.434 0 200.608 255 0 0
1.42109e-14 50.6909 232.621 255 255 255
175.05 0 153.909 255 0 0
181.975 0 182.202 0 255 255
143.484 0 183.455 255 0 0
183.142 0 174.139 0 255 0
204.659 -2.22045e-16 192.202 255 0 0
199.7 0 162.139 255 0 0
32.9771 0 49.4763 255 255 255
184.534 0 162.95 255 0 0
149.848 0 162.741 0 255 0
188.064 0 181.607 255 0 255
149.12 0 184.561 255 0 0
174.47 0 186.99 0 0 255
186.438 0 153.355 255 0 255
147.182 0 160.932 255 0 0
170.033 0 149.814 255 0 255
173.763 4.44089e-16 172.196 255 255 0
196.999 0 186.946 255 0 255
169.769 0 180.213 255 0 0
0 143.599 297.51 255 255 255
548.4 555 138.011 255 0 0
168.97 0 186.982 255 255 0
191.13 0 180.299 255 0 0
164.356 0 180.978 255 0 0
190.734 0 191.516 255 0 0
471.511 555 296.157 255 255 255
163.843 0 176.803 255 0 0
367.434 0 140.699 255 255 255
153.546 0 169.04 0 255 255
338.909 218.634 275.196 255 255 255
185.166 0 158.454 255 0 255
240.697 0 117.354 255 0 0
197.991 0 165.961 255 0 0
154.974 0 158.477 255 0 0
491.296 555 224.505 0 255 0
165.07 0 188.652 255 0 255
195.162 0 200.281 255 0 0
184.71 0 175.574 255 0 0
186.194 0 199.197 255 0 0
157.697 0 192.732 255 0 255
194.917 0 167.108 255 0 0
194.405 0 164.975 255 255 0
169.02 0 146.557 255 0 0
173.622 0 149.31 255 0 0
195.424 0 174.223 255 255 0
161.098 0 166.784 0 0 255
150.412 0 175.017 255 0 0
162.08 0 194.188 255 0 0
9.84169 -1.42109e-14 283.303 255 0 0
188.598 0 172.425 255 255 0
142.469 0 183.469 255 0 0
184.149 0 161.399 255 0 0
433.47 555 248.668 255 0 0
95.7271 0 239.226 255 0 0
201.288 0 175.434 255 0 255
184.953 0 166.43 0 255 0
178.865 0 154.169 255 255 0
185.918 0 155.592 255 0 255
199.308 0 184.695 255 0 0
168.732 0 163.737 255 0 0
15.9738 555 257.681 255 255 255
190.747 0 173.656 0 255 255
267.871 555 522.741 255 255 0
165.311 0 165.379 255 0 255
391.177 555 51.7415 255 0 0
181.324 0 202.631 255 0 255
190.235 0 171.843 255 0 255
177.033 0 176.972 255 0 255
198.787 0 161.171 255 0 0
166.74 -4.44089e-16 193.662 0 255 255
168.365 0 174.915 255 0 0
148.624 0 175.605 255 0 255
182.991 0 180.599 255 0 0
260.024 -1.42109e-14 64.5294 255 255 255
173.656 4.44089e-16 174.441 0 255 255
185.922 0 163.133 255 0 255
484.401 555 226.206 255 0 0
171.693 8.88178e-16 152.618 0 255 0
189.393 0 157.288 255 255 0
138.805 555 342.9 255 0 0
302.456 176.194 434.789 255 255 255
273.28 167.363 292.781 255 255 255
183.727 555 414.601 255 255 0
187.886 0 144.473 255 0 0
220.791 555 442.715 255 0 0
195.695 0 198.95 255 0 0
427.06 555 259.319 255 0 0
164.013 0 164.836 255 0 0
172.109 0 186.486 0 255 255
178.618 0 167.114 0 255 255
183.695 0 165.82 255 0 255
153.255 0 165.131 255 0 255
392.261 555 9.47923 255 0 0
199.778 0 181.59 255 0 0
194.899 0 184.83 255 0 255
144.085 0 184.548 0 255 0
163.649 0 158.769 0 255 255
139.339 -1.42109e-14 37.7811 255 255 255
175.62 0 175.595 255 255 0
163.333 0 183.553 255 0 0
172.73 0 171.28 255 0 255
159.597 0 157.072 255 0 0
155.794 0 194.009 0 255 0
161.91 0 197.516 255 255 0
338.367 0 203.593 255 255 255
336.907 555 466.592 255 0 255
173.672 0 190.078 255 0 0
180.283 0 170.211 255 0 0
181.062 0 176.975 255 0 0
179.508 0 161.597 0 255 0
192.406 0 167.549 255 0 255
178.011 0 183.02 255 255 0
279.147 239.479 347.796 255 255 255
161.05 0 188.545 255 0 255
163.38 0 154.8 255 0 0
175.768 0 176.443 0 0 255
174.6 0 169.099 255 0 255
100.249 0 45.2439 255 255 255
264.788 -1.42109e-14 389.419 255 255 255
184.254 0 183.643 0 0 255
178.844 0 185.422 255 0 0
202.077 -2.22045e-16 202.226 255 0 0
157.96 0 156.964 255 0 0
189.898 0 168.321 255 255 0
194.523 0 171.815 255 0 0
187.77 0 174.484 255 0 255
97.4774 555 354.195 255 255 0
192.001 0 176.025 255 0 0
168.379 0 170.723 255 0 0
186.095 0 191.189 0 255 0
193.61 0 183.017 255 255 0
184.833 0 172.532 255 0 0
174.493 -4.44089e-16 174.879 255 0 0
189.407 0 191.011 255 0 0
143.302 0 160.918 255 0 0
157.573 0 191.21 255 0 0
172.484 0 168.523 255 0 255
193.88 0 157.598 255 0 255
179.653 0 195.573 255 255 0
170.506 0 173.696 0 255 255
169.899 0 184.824 255 0 0
184.583 0 149.497 255 0 0
183.271 -8.88178e-16 159.106 255 0 0
181.604 0 163.5 255 0 255
170.494 0 183.386 0 255 255
555 382.743 212.97 255 255 255
178.51 0 167.605 255 0 0
150.655 0 181.654 255 0 0
207.081 0 176.06 255 0 0
181.231 0 171.388 0 255 0
158.641 0 190.171 255 0 0
181.416 0 173.053 255 255 0
242.667 0 321.501 255 255 255
184.109 0 182.284 0 255 0
177.164 2.22045e-16 178.326 255 0 0
173.187 0 184.55 0 0 255
202.819 0 200.026 0 255 0
0 63.9385 174.58 255 255 255
176.269 0 186.292 255 0 255
190.292 0 201.571 255 255 0
163.182 0 168.643 255 0 0
196.394 0 163.589 255 255 0
180.766 0 202.376 0 255 255
232.583 0 86.7803 255 255 255
177.928 0 191.069 255 0 0
180.602 0 161.711 255 0 0
183.778 0 156.834 255 0 0
145.652 0 153.563 255 0 0
164.256 0 164.766 255 0 255
183.267 0 154.783 255 0 255
185.884 0 176.625 255 0 0
137.916 0 149.137 255 0 0
168.286 0 179.068 0 255 255
198.4 0 181.588 255 0 0
175.194 0 164.953 255 0 0
190.503 0 169.656 255 0 0
162.46 0 314.064 255 255 255
156.615 0 179.528 255 0 0
201.746 0 189.325 255 255 0
190.233 0 165.789 255 0 0
165.787 0 203.205 255 0 0
179.036 0 167.309 255 0 0
154.202 0 167.598 255 0 0
195.553 0 174.643 255 255 0
159.968 4.44089e-16 185.685 255 0 255
146.165 0 178.386 255 0 0
152.698 0 178.31 255 0 0
201.494 0 177.036 255 0 0
155.386 0 183.796 255 0 0
153.812 0 153.222 255 255 0
188.872 0 162.424 255 0 0
163.606 0 159.63 0 255 0
177.393 0 170.863 255 0 0
157.908 0 186.55 255 255 0
185.671 0 160.505 255 0 0
177.985 0 195.812 255 0 0
163.664 -4.44089e-16 181.317 255 255 0
167.178 8.88178e-16 171.932 255 0 0
154.496 0 175.3 255 0 0
178.438 0 171.54 0 255 0
189.632 0 181.395 255 0 0
161.841 0 159.173 0 255 0
155.552 0 153.139 255 255 0
166.187 0 185.343 255 0 0
190.897 0 188.52 255 0 0
179.892 0 196.758 255 0 0
176.447 0 164.088 0 255 0
153.965 0 158.098 255 0 0
154.59 0 169.151 255 255 0
157.42 0 176.058 0 255 255
189.482 1.11022e-16 176.446 0 255 255
172.932 0 172.493 255 0 255
162.96 0 195.705 255 0 0
152.862 0 191.163 255 0 0
178.322 -1.11022e-16 193.699 255 0 0
190.489 0 157.463 255 0 0
190.872 0 155.669 255 0 255
174.346 0 166.187 255 0 0
163.171 0 158.324 255 0 0
173.481 0 189.564 255 0 0
166.472 0 160.828 255 0 0
154.158 0 190.474 255 255 0
193.902 0 155.921 0 0 255
200.987 0 176.813 0 255 0
170.859 0 177.472 255 0 0
190.672 0 179.793 255 0 255
151.998 0 176.641 255 0 0
156.27 0 185.347 0 255 255
174.15 0 165.807 0 255 0
344.401 320.346 273.724 0 255 0
151.402 0 191.422 255 0 255
27.4705 555 180.744 0 255 0
151.832 0 175.642 255 0 0
159.152 0 155.761 0 255 255
276.388 555 143.824 255 0 0
175.433 0 192.536 0 255 0
180.97 0 173.073 255 0 0
145.634 161.353 555 255 255 255
185.412 0 181.01 255 0 0
388.392 0 65.156 255 255 255
176.3 0 161.243 255 0 0
186.812 8.88178e-16 154.864 255 0 0
116.614 555 257.515 0 255 255
177.827 0 186.732 255 0 0
206.086 -2.22045e-16 194.065 255 255 0
279.828 300.633 291.027 0 255 255
184.857 0 151.652 255 0 0
555 192.301 99.2071 255 255 255
191.16 0 164.893 0 255 255
170.721 0 180.178 255 0 255
188.84 0 170.563 0 255 0
178.439 2.22045e-16 171.522 255 0 255
198.761 2.22045e-16 178.382 0 255 0
170.303 0 183.683 255 0 255
169.251 0 155.384 0 255 0
172.839 0 183.593 255 0 0
162.422 0 178.651 255 255 0
151.389 0 186.066 255 0 255
196.801 0 157.652 255 255 0
170.096 0 151.846 255 255 0
292.667 555 466.456 255 255 0
160.945 0 172.845 255 0 255
185.125 0 156.315 255 255 0
165.098 0 168.893 255 255 0
124.541 0 178.682 255 0 0
156.591 0 182.21 255 0 255
198.492 0 177.183 0 0 255
181.623 0 172.69 255 0 255
306.688 1.42109e-14 58.1547 255 255 255
186.955 0 156.958 255 0 0
166.106 0 186.105 0 255 0
193.879 0 162.728 0 255 0
174.031 0 170.043 255 0 0
198.584 0 184.857 255 0 0
171.646 0 164.855 255 255 0
0 44.966 270.956 255 0 255
164.164 0 179.235 255 0 0
146.027 0 187.123 255 255 0
197.647 0 152.601 0 255 255
196.391 -4.44089e-16 165.366 0 255 255
164.465 0 169.947 0 255 255
0 547.716 413.029 255 255 255
156.167 0 172.381 255 0 0
173.059 0 190.717 0 255 255
165.197 0 180.768 0 255 255
200.117 0 204.996 255 0 0
185.642 0 188.236 255 0 0
180.047 0 160.008 255 0 0
177.887 0 179.26 255 0 0
0 124.244 432.774 255 255 255
195.858 0 177.819 255 255 0
192.032 0 166.609 255 0 255
183.659 -1.11022e-16 179.464 0 255 0
267.925 -1.42109e-14 35.8768 255 255 255
194.302 0 157.561 255 0 0
198.206 -8.88178e-16 155.413 255 0 255
200.137 0 180.602 0 255 0
27.7942 555 384.258 255 255 255
555 70.0292 93.0092 255 0 0
160.443 0 162.007 255 255 0
161.204 4.44089e-16 193.697 255 0 0
147.135 0 166.938 255 255 0
191.925 0 205.664 255 0 0
162.657 4.44089e-16 173.561 255 0 0
150.979 0 152.427 255 0 0
148.367 0 185.855 255 0 0
162.68 0 192.239 255 255 0
183.027 0 174.665 0 255 0
165.212 0 154.266 255 0 255
166.354 0 184.71 255 0 0
490.56 555 115.201 255 0 0
177.938 2.22045e-16 175.83 255 255 0
186.391 0 160.25 0 255 0
185.564 2.22045e-16 175.388 0 255 255
196.469 0 168.422 255 0 0
147.666 0 154.234 255 0 0
186.922 0 190.605 255 0 0
146.133 0 179.908 0 255 0
0 5.65112 335.586 0 255 0
173.657 0 172.208 0 255 255
155.27 0 168.595 255 0 0
0 100.498 246.298 255 255 255
196.829 0 170.243 0 255 0
168.597 0 159.484 255 255 0
179.383 0 154.528 255 0 0
162.661 0 197.623 255 0 255
200.156 0 158.778 255 0 0
157.081 0 183.442 255 0 0
200.66 0 158.241 255 0 0
439.6 555 250.823 0 255 255
187.002 0 161.448 255 0 0
167.186 0 176.852 0 255 0
188.418 0 174.858 255 0 0
177.34 0 172.133 255 0 0
148.192 0 187.901 255 0 255
157.611 0 173.052 0 255 0
183.244 0 164.906 0 0 255
65.0464 555 107.624 255 255 0
113.901 0 404.939 255 255 255
169.78 0 160.313 0 255 0
145.878 0 168.901 255 255 0
178.15 0 179.777 255 255 0
173.535 0 188.729 255 0 255
155.081 0 155.846 0 255 255
193.192 0 165.107 0 255 0
168.702 0 164.838 255 0 0
170.728 0 196.589 0 255 0
157.045 0 195.462 255 0 0
173.082 0 164.664 0 255 0
165.473 0 173.52 255 0 0
186.382 0 164.46 255 0 0
198.302 0 151.318 255 0 255
188.993 0 180.307 255 0 0
197.503 0 187.425 0 255 0
424.484 555 239.105 255 0 255
58.1612 555 116.356 255 0 0
182.138 0 187.286 255 0 0
177 0 149.952 0 0 255
174.503 0 175.832 255 0 0
180.68 0 176.683 0 255 0
183.232 -2.77556e-17 190.128 255 0 0
200.919 0 173.105 255 0 0
177.437 0 182.153 255 0 0
151.997 0 158.629 255 255 0
181.478 0 155.824 255 0 0
161.26 -8.88178e-16 177.237 255 0 255
167.126 0 180.984 255 0 0
205.984 -4.44089e-16 176.07 0 255 255
102.913 555 242.522 255 0 255
173.194 0 166.027 0 255 255
156.723 0 175.311 255 0 255
157.764 0 157.828 255 255 0
166.395 0 164.011 0 255 255
197.581 0 205.061 255 0 0
280.586 223.151 290.824 255 0 0
159.726 0 153.95 255 0 0
174.707 0 177.214 255 0 0
178.658 0 190.097 255 255 0
172.322 0 190.035 255 255 0
188.01 0 172.571 0 255 0
182.07 0 155.182 255 0 255
191.944 0 181.855 0 255 255
170.399 0 176.847 255 0 0
175.998 8.88178e-16 165.938 255 0 255
189.295 0 187.86 255 0 0
195.218 555 528.526 0 255 255
193.044 0 173.234 0 255 0
188.274 0 183.968 255 255 0
131.594 0 181.745 255 0 0
222.215 10.5841 555 255 255 255
181.116 0 160.839 255 0 0
146.299 0 186.328 255 0 0
185.383 0 162.466 255 255 0
161.158 0 192.102 255 0 0
197.802 0 171.132 255 0 0
163.894 0 169.873 255 0 255
182.797 0 177.81 255 255 0
165.807 0 170.94 255 0 0
178.158 0 192.765 255 0 0
162.08 0 164.451 255 0 0
197.355 0 183.164 0 255 0
173.701 0 184.474 255 0 255
171.701 0 203.428 0 255 255
463.294 555 228.933 0 255 0
350.824 161.527 555 255 255 255
189.713 0 203.255 0 255 0
176.667 0 160.32 255 0 0
152.759 0 166.351 255 255 0
298.336 305.229 286.068 0 255 255
190.921 0 151.146 255 255 0
169.309 0 184.859 255 255 0
164.293 0 180.907 255 255 0
163.611 0 167.997 255 0 0
199.439 1.11022e-16 181.032 255 0 255
193.267 0 164.938 255 0 0
164.028 0 179.53 255 0 0
157.333 0 184.729 255 0 255
181.45 0 170.898 255 0 0
176.197 0 170.727 0 255 255
183.138 0 186.587 255 0 0
184.381 0 188.186 255 0 0
157.497 0 152.595 255 0 0
198.731 0 156.665 255 0 0
161.209 0 182.131 255 0 0
0 75.2144 123.303 255 255 255
278.463 0 123.836 255 255 255
174.778 0 191.906 255 255 0
168.782 0 157.36 255 0 0
555 249.594 156.511 255 255 255
171.151 0 183.682 0 255 0
187.069 0 156.448 255 0 0
182.607 -4.44089e-16 169.447 255 255 0
183.731 0 165.143 0 255 0
186.604 0 196.014 255 255 0
169.135 0 181.177 255 0 0
203.756 -2.22045e-16 188.357 255 0 0
0 140.105 336.045 255 255 255
204.687 0 198.269 255 0 0
144.123 0 183.478 255 0 0
197.873 0 339.201 255 255 255
188.848 0 154.785 255 0 0
34.7825 0 336.874 255 255 255
154.326 0 189.004 255 0 255
204.987 0 186.092 255 0 0
162.026 0 164.605 255 0 0
180.481 0 177.175 255 0 0
164.175 0 170.748 255 255 0
161.692 0 173.163 255 0 0
249.777 555 481.879 255 0 255
173.505 0 189.194 255 0 0
171.093 0 152.235 255 0 0
158.329 0 199.371 255 255 0
75.6156 555 230.148 255 255 0
194.302 0 186.281 255 0 0
183.018 0 176.282 255 0 0
142.195 0 173.323 255 255 0
195.662 0 165.785 0 255 255
188.851 0 178.705 0 255 0
173.171 0 175.595 255 0 0
186.87 0 170.166 255 0 0
143.304 0 186.174 255 255 0
162.982 0 178.791 255 0 0
345.875 301.002 273.33 255 0 0
194.902 0 165.816 0 0 255
165.51 0 171.136 0 255 255
160.699 0 195.784 255 0 0
109.552 555 164.727 255 255 0
252.467 0 116.671 255 255 255
164.846 0 159.644 255 0 0
168.674 0 162.007 255 0 255
308.081 0 109.825 255 0 255
1.42109e-14 73.6978 167.437 255 255 255
167.786 0 154.753 255 255 0
159.261 0 162.917 255 0 255
202.17 0 183.825 0 255 255
204.719 0 171.509 255 0 0
56.3125 0 263.73 255 255 255
274.816 234.324 292.37 255 0 0
170.988 0 162.272 0 255 255
157.164 0 168.62 255 0 255
169.433 0 186.344 255 0 255
174.944 0 196.753 0 255 255
155.385 0 164.149 255 0 255
192.141 0 186.84 0 255 255
177.2 0 176.965 255 255 0
179.014 0 154.394 255 0 0
175.354 0 185.063 0 255 255
199.309 -2.22045e-16 175.828 255 0 0
0 532.155 430.036 255 255 255
167.522 0 161.951 0 255 0
257.227 0 135.865 255 0 0
192.72 0 145.663 255 0 0
291.658 31.1801 287.857 255 255 255
191.972 0 170.375 0 255 0
164.317 0 200.047 255 0 0
183.122 0 172.779 255 0 0
212.033 555 118.064 255 0 255
0 199.85 437.673 255 255 255
161.576 0 171.825 0 255 0
164.256 0 189.028 255 0 0
183.621 0 166.689 255 0 0
97.6497 1.42109e-14 291.397 255 255 255
183.833 0 202.645 255 255 0
168.331 0 178.681 0 255 0
165.714 0 148.967 255 0 255
184.097 0 181.058 255 0 255
167.98 0 166.51 255 0 0
147.448 0 168.899 0 255 255
194.643 0 168.102 255 0 0
186.002 0 181.035 0 255 255
182.649 0 164.448 255 0 0
197.191 0 199.271 255 0 0
210.534 0 298.809 255 255 255
90.0825 555 281.998 255 0 255
183.449 0 149.753 255 0 0
127.216 555 340.252 255 0 0
167.237 0 170.822 255 0 0
0 189.13 136.835 255 255 255
176.793 0 159.808 255 255 0
154.685 -8.88178e-16 177.788 0 255 255
179.168 0 161.648 255 0 255
555 269.062 12.8211 255 255 255
190.495 0 174.339 255 0 255
175.063 -2.22045e-16 195.954 255 255 0
147.705 0 192.022 255 255 0
179.764 0 168.267 255 0 255
143.343 0 174.28 255 0 0
187.225 0 171.011 255 0 0
175.744 0 197.69 255 255 0
180.898 0 165.572 255 0 255
189.426 0 176.167 0 255 0
159.457 0 179.812 255 0 0
165.881 0 150.912 255 0 0
175.362 0 171.986 0 255 255
157.316 0 183.291 255 0 0
182.946 0 187.977 255 0 255
168.526 -4.44089e-16 183.806 255 0 0
205.678 -2.22045e-16 184.042 255 0 0
161.246 4.44089e-16 173.016 255 0 0
158.751 0 176.662 255 0 0
164.211 0 173.149 255 0 0
163.956 0 178.475 255 0 0
165.53 0 182.807 0 255 255
181.334 0 165.942 255 255 0
158.926 0 177.201 255 0 255
153.531 0 169.961 255 255 0
190.333 0 183.01 255 0 0
190.442 0 162.422 255 0 0
161.884 0 165.683 0 255 0
180.437 2.22045e-16 172.079 255 0 0
274.984 555 389.808 255 0 0
183.554 0 186.2 255 0 0
178.522 0 161.638 255 0 0
179.81 0 200.807 255 255 0
155.174 0 149.404 255 0 0
149.6 0 157.533 255 255 0
175.348 0 157.07 255 0 0
156.334 -8.88178e-16 174.111 0 255 0
206.983 0 183.86 255 0 0
0 6.34998 35.8259 255 255 255
189.5 0 193.246 255 0 0
244.655 555 407.714 255 0 255
194.124 -8.88178e-16 153.509 255 0 0
188.098 0 144.431 255 0 0
199.386 0 180.678 0 255 255
172.094 0 157.833 255 0 0
43.9918 0 238.113 255 255 255
290.622 76.0615 288.135 255 255 255
176.314 0 171.253 255 0 0
176.019 0 164.788 255 0 0
200.925 0 179.4 255 0 255
383.154 291.803 263.341 255 255 255
176.9 0 184.756 255 0 255
196.206 0 161.345 255 0 0
186.461 0 157.458 255 0 0
171.6 0 194.968 255 0 0
154.243 0 171.576 255 0 255
156.785 0 163.235 0 255 0
177.162 0 174.32 255 0 0
172.629 0 179.139 255 0 255
157.574 0 192.457 255 0 255
555 75.2986 213.445 255 255 255
193.224 0 191.715 255 0 0
181.033 0 185.585 0 0 255
188.23 0 166.2 255 0 0
184.916 0 188.548 0 255 255
162.33 0 171.896 255 0 0
170.767 0 168.505 0 255 255
158.012 0 167.46 255 255 0
170.201 0 154.349 255 0 0
171.835 0 175.11 255 0 0
165.087 0 177.601 255 255 0
192.932 2.22045e-16 170.322 255 255 0
156.097 0 193.821 255 0 255
160.352 0 181.469 255 0 0
156.451 0 188.456 255 0 0
169.599 0 181.002 255 0 0
185.846 0 172.994 255 0 0
28.0954 24.6125 555 255 255 255
186.506 0 168.217 255 255 0
0 62.3392 175.405 255 255 255
157.239 0 161.158 255 0 0
180.431 0 173.39 255 0 0
182.862 0 184.416 255 0 0
148.193 0 188.206 255 255 0
189.531 0 160.079 255 0 255
53.0054 0 333.197 255 255 255
298.674 555 434.337 255 255 255
159.892 0 164.263 255 0 0
175.735 0 144.566 255 255 0
280.544 176.165 290.835 255 255 255
182.01 0 189.319 255 0 0
132.303 555 252.863 255 0 255
190.629 0 161.431 255 0 0
170.147 0 175.296 255 0 0
33.1891 0 184.396 255 255 255
296.757 255.272 286.491 255 0 0
161.733 0 194.069 255 0 0
185.05 0 191.519 0 255 255
170.027 0 153.361 255 255 0
172.321 0 171.54 255 255 0
194.998 0 200.71 255 0 255
188.207 -3.46945e-18 190.633 255 255 0
184.921 0 183.724 255 0 0
167.624 0 168.58 0 255 0
182.661 0 172.761 0 255 255
156.992 0 195.744 0 255 0
162.342 0 155.58 255 0 0
201.551 0 188.41 255 0 0
181.815 0 158.251 255 0 255
181.313 0 167.152 255 0 0
194.479 0 169.729 255 0 255
182.426 0 176.916 255 0 0
202.237 0 191.479 255 0 0
173.266 0 199.827 255 0 255
160.168 0 166.153 255 255 0
166.125 0 188.941 255 0 0
166.148 0 199.273 255 0 0
178.502 0 177.454 255 0 0
161.134 0 172.662 255 0 0
150.029 0 173.102 255 0 0
158.956 0 174.632 255 255 0
185.275 0 161.359 0 255 0
157.001 -1.42109e-14 339.326 255 255 255
181.227 0 165.278 0 0 255
181.42 0 166.704 0 255 255
183.798 0 201.316 255 0 255
198.101 0 150.009 255 0 0
169.565 0 154.478 255 0 0
181.169 0 150.417 0 255 255
-1.42109e-14 80.2423 165.682 255 255 255
160.974 0 178.1 255 255 0
149.246 0 161.503 0 255 255
203.773 0 166.565 255 255 0
149.235 0 162.746 0 255 0
-2.84217e-14 323.978 438.602 255 255 255
194.684 0 178.536 255 0 0
176.08 0 183.417 255 0 255
154.777 0 160.014 255 0 0
302.503 148.263 284.951 255 255 255
173.817 0 165.129 255 0 0
130.653 555 150.426 255 0 0
191.666 0 171.541 255 0 0
144.677 0 188.696 255 0 255
191.424 0 190.013 0 255 0
206.347 2.22045e-16 193.727 255 255 0
187.005 -8.88178e-16 155.338 0 255 0
160.613 0 167.568 255 0 0
147.42 0 153.558 0 255 0
169.004 0 170.893 255 0 0
151.014 0 174.604 255 0 0
177.895 0 175.164 0 255 0
177.298 0 162.521 0 255 0
162.219 0 186.031 255 0 0
190.709 0 163.806 255 0 0
203.525 0 156.865 255 0 0
177.638 0 164.9 255 0 0
165.077 0 147.556 255 0 0
202.575 0 169.345 255 0 0
185.209 0 161.62 0 255 0
148.7 0 178.237 255 0 0
302.141 0 130.578 255 255 255
153.937 0 171.184 0 255 0
160.591 0 173.818 0 255 0
204.144 4.44089e-16 174.385 0 255 0
176.885 0 163.103 255 0 0
187.008 0 180.571 255 0 255
188.741 8.88178e-16 157.484 255 0 0
163.476 0 183.425 255 0 0
185.985 -2.22045e-16 170.966 255 0 255
200.191 8.88178e-16 156.723 255 0 0
145.927 0 182.504 255 0 0
204.28 0 168.886 255 0 255
184.029 0 182.668 255 0 0
158.354 0 160.822 0 255 255
160.333 0 171.699 255 0 0
190.223 0 158.686 0 255 255
161.623 0 175.686 0 255 255
167.55 0 187.262 255 0 0
192.184 0 34.9107 255 255 255
183.092 0 157.832 0 255 0
0 53.926 249.84 255 0 0
143.852 0 166.106 255 0 0
177.004 0 193.375 255 0 0
172.57 0 188.282 255 255 0
155.685 0 180.25 255 0 0
150.14 0 167.404 255 0 0
206.27 0 161.39 255 0 0
161.418 0 202.806 255 0 0
151.091 0 172.969 255 0 0
0 152.189 522.975 255 255 255
152.966 0 180.08 255 0 0
184.792 0 164.404 255 0 0
173.226 0 169.973 255 0 0
188.359 0 161.638 255 0 0
154.76 0 171.433 255 0 0
156.64 0 155.908 0 255 0
184.654 0 186.209 255 0 0
178.486 -8.88178e-16 157.324 255 0 0
155.481 0 162.972 255 0 0
197.704 0 184.103 255 0 0
184.622 0 185.17 0 255 0
170.572 0 178.842 0 255 255
157.027 0 192.803 255 0 0
1.42109e-14 35.6842 116.945 255 255 255
159.299 0 177.279 255 0 0
197.547 0 175.889 255 0 0
187.145 0 161.548 0 255 255
175.268 0 175.307 0 255 255
166.092 4.44089e-16 176.55 0 255 255
160.043 0 186.497 255 255 0
198.146 0 190.62 0 0 255
183.894 5.55112e-17 183.54 255 255 0
174.443 0 187.407 255 0 0
164.195 0 177.333 255 0 0
197.79 0 160.236 255 0 0
156.026 1.77636e-15 154.389 255 0 0
169.366 0 170.112 255 255 0
174.828 0 187.654 255 0 0
166.004 0 175.103 255 0 0
182.452 0 177.879 0 255 0
168.293 0 169.011 0 255 0
164.829 0 165.801 255 255 0
161.712 1.77636e-15 150.989 255 0 0
185.637 0 183.467 255 0 0
180.979 0 179.291 255 0 255
148.43 0 155.522 255 0 0
155.246 0 169.339 0 255 0
149.832 0 180.269 255 0 0
57.2272 555 181.675 255 0 0
140.086 0 163.54 0 255 255
179.647 0 166.109 255 0 255
193.303 0 174.268 255 0 255
145.308 0 162.337 0 255 255
150.602 0 186.711 255 0 255
163.936 0 186.752 255 0 0
188.609 0 171.247 0 255 0
167.801 0 162.485 255 0 0
171.991 555 172.221 255 0 0
160.251 0 177.924 255 0 0
175.999 0 171.203 255 0 0
163.971 8.88178e-16 181.697 255 0 0
159.835 0 162.54 0 255 255
191.078 0 155.103 255 0 255
195.635 0 163.256 0 255 0
159.242 0 163.561 0 0 255
172.17 0 190.577 255 0 255
172.54 0 172.194 255 255 0
184.353 0 170.997 255 0 0
175.327 0 176.718 0 255 255
197.253 0 171.649 255 0 0
196.545 0 181.767 255 0 0
352.758 263.984 271.485 0 255 255
183.868 0 188.313 255 0 255
174.48 0 177.65 0 255 0
441.882 555 334.102 0 255 255
156.308 0 170.427 255 0 0
178.356 0 174.897 0 0 255
159.044 0 157.582 255 0 0
177.842 0 171.971 0 255 0
191.653 0 165.705 255 0 0
188.436 0 154.003 255 0 0
152.844 0 189.925 255 0 0
206.435 0 170.439 255 0 0
191.078 0 156.45 255 0 0
448.278 0 39.4754 255 255 255
163.638 0 175.698 255 0 0
194.918 0 181.645 0 255 255
173.683 0 206.221 255 0 0
188.396 0 170.748 255 255 0
188.035 0 147.494 255 0 255
33.4565 0 258.997 0 255 0
85.9885 0 272.416 255 255 255
174.113 0 197.284 255 0 0
190.043 0 191.835 0 255 0
188.157 -8.88178e-16 157.514 255 0 0
134.762 555 390.126 255 0 0
172.048 0 190.994 255 0 255
182.721 -4.44089e-16 164.882 255 0 0
184.331 0 160.215 255 0 0
173.287 0 155.559 255 0 0
146.209 0 181.842 255 0 0
183.519 0 289.667 255 255 255
184.849 0 178.333 255 255 0
169.904 0 163.541 255 0 0
185.78 0 175.346 255 0 255
175.689 0 174.896 255 0 255
164.425 0 184.906 255 0 255
176.704 0 166.888 0 255 0
164.509 0 175.199 255 0 0
177.228 0 178.615 255 0 255
555 200.421 156.722 255 255 255
375.455 306.823 265.404 0 255 255
184.178 0 165.7 255 0 0
159.166 0 166.325 255 255 0
147.941 0 171.963 255 255 0
162.294 0 201.714 255 0 0
180.412 0 148.174 0 255 0
192.865 0 161.295 255 0 255
187.695 -1.11022e-16 178.492 255 255 0
182.776 0 182.385 0 255 0
179.135 0 190.093 255 0 0
159.271 4.44089e-16 188.543 0 255 0
183.143 5.55112e-17 186.59 255 0 255
191.916 0 197.624 255 0 0
195.364 0 207.122 255 255 0
159.117 0 166.618 255 255 0
168.567 0 157.424 0 255 0
187.551 0 164.57 0 255 0
180.566 0 167.543 255 0 0
152.26 0 192.49 255 0 0
186.498 0 171.214 0 255 255
171.558 0 163.199 255 0 0
192.398 0 157.559 0 0 255
418.287 0 161.105 255 255 255
173.7 -2.22045e-16 186.548 255 0 0
144.918 0 182.188 0 255 0
43.2045 0 208.675 255 0 0
174.103 0 174.768 255 0 0
182.396 0 181.656 255 0 0
182.795 0 153.722 255 0 255
178.784 0 158.056 0 0 255
197.555 0 181.697 255 0 0
183.488 0 189.922 0 255 0
191.274 0 181.134 255 0 255
187.379 0 180.646 255 0 255
168.795 0 187.319 255 255 0
284.109 0 286.029 255 255 255
162.618 0 175.451 255 0 255
330.027 555 121.134 255 0 0
183.621 0 202.394 255 0 0
151.098 0 183.832 255 255 0
191.627 0 203.718 255 0 0
200.268 0 177.195 0 255 0
158.517 0 166.391 255 0 0
179.806 0 168.535 255 0 0
189.795 0 176.625 255 0 0
171.608 0 173.773 255 255 0
166.828 0 183.42 255 0 255
187.821 0 176.261 255 0 0
155.052 0 189.76 0 255 0
161.05 0 175.248 255 0 0
183.178 0 170.959 0 255 255
157.009 0 160.194 255 0 0
177.847 0 165.782 255 0 0
0 552.139 221.026 255 0 0
156.693 0 150.659 255 0 255
198.196 0 173.494 255 0 255
196.534 0 156.749 255 0 0
163.415 0 191.042 255 0 0
166.12 0 175.427 255 0 255
173.845 0 161.251 255 0 0
555 102.986 138.981 255 255 255
158.347 0 190.89 255 0 255
184.265 0 181.28 255 0 0
180.379 0 153.644 255 0 0
154.633 8.88178e-16 179.003 255 255 0
184.93 0 163.863 0 255 0
338.063 555 162.528 255 0 0
177.129 0 151.821 255 255 0
162.325 0 194.508 255 0 255
153.317 0 187.824 255 255 0
161.472 0 191.674 0 255 0
165.416 -4.44089e-16 175.995 255 0 255
176.471 0 162.859 0 255 255
157.481 0 155.574 255 0 0
180.653 0 152.67 255 0 255
179.25 0 193.426 255 0 0
198.697 0 202.661 255 0 0
145.655 0 183.736 255 0 255
99.7939 1.42109e-14 332.042 255 255 255
162.837 0 192.414 255 0 0
202.643 0 172.701 255 255 0
285.856 305.909 372.836 0 255 0
151.848 0 175.483 0 255 0
192.279 0 172.051 0 0 255
176.068 0 179.022 255 0 255
145.16 0 172.044 0 255 255
0 266.152 328.618 255 255 255
189.959 0 173.349 0 255 255
170.327 0 182.116 0 0 255
165.509 0 184.754 255 0 0
173.383 0 158.645 0 255 0
168.516 0 182.798 255 0 0
153.593 0 184.638 255 0 0
195.375 0 184.398 0 255 255
197.797 0 161.536 255 0 255
177.173 1.11022e-16 187.872 0 255 255
146.555 555 444.389 255 0 0
160.483 0 176.033 0 255 255
171.752 0 182.676 255 0 0
166.424 0 173.656 255 0 255
154.703 0 153.815 255 0 0
176.04 0 200.985 255 0 0
183.037 0 199.488 255 0 0
155.581 0 161.733 0 255 0
198.648 0 167.931 255 0 0
192.427 0 200.774 0 255 255
182.148 0 174.192 0 255 255
162.863 0 188.707 0 255 0
196.636 0 187.188 0 255 0
555 459.193 281.901 255 255 255
153.74 0 185.707 255 0 0
340.189 188.014 274.853 255 255 255
162.766 0 191.034 255 0 0
173.151 0 203.333 255 0 0
192.571 0 151.742 255 0 255
171.18 2.22045e-16 192.749 255 0 0
200.843 0 174.183 255 255 0
150.779 0 176.778 255 255 0
555 483.768 275.067 255 0 0
167.514 -4.44089e-16 171.484 255 255 0
181.621 0 148.447 0 255 255
188.683 0 176.116 0 255 255
555 380.756 271.004 255 255 255
183.584 0 185.546 255 0 0
200.309 0 154.122 0 255 0
179.469 0 151.257 255 0 255
159.192 0 179.255 255 0 0
165.789 0 182.571 0 255 255
209.125 0 177.203 0 255 0
177.93 0 152.031 0 255 255
146.725 0 158.32 255 0 0
185.977 0 162.361 255 0 255
192.779 0 154.813 255 0 0
345.302 0 199.027 255 255 255
191.442 0 169.351 255 0 255
555 77.5861 104.61 255 255 255
195.636 0 190.15 255 0 0
171.505 0 155.947 255 0 0
190.642 0 176.818 255 0 0
182.897 0 144.16 255 0 0
171.203 0 188.59 255 0 0
167.579 0 180.195 255 0 0
165.058 0 166.784 255 0 0
183.127 0 183.761 0 255 255
159.322 0 157.648 255 0 255
180.45 0 172.326 255 0 0
183.435 0 163.756 255 255 0
35.6454 126.381 555 255 255 255
154.669 0 184.824 0 255 0
164.62 0 165.152 255 0 255
164.758 0 154.427 0 255 255
168.906 4.44089e-16 179.242 0 255 255
307.024 555 406.649 0 0 255
182.611 0 156.541 255 0 255
179.122 0 160.251 255 0 0
194.655 0 152.2 255 0 255
148.473 0 177.798 0 255 255
198.71 0 175.308 0 255 255
159.328 0 176.097 0 255 0
173.258 0 173.818 255 0 0
194.052 0 179.443 255 0 0
175.384 0 194.483 255 0 255
195.081 0 166.166 255 255 0
281.241 100.346 355.612 255 255 255
195.633 0 168.726 0 255 255
187.775 0 180.626 255 0 0
174.914 0 160.448 255 255 0
166.426 0 181.782 255 0 255
178.314 0 184.186 255 0 0
257.374 555 170.023 0 0 255
202.708 0 195.083 0 255 0
164.651 0 175.22 0 255 255
180.326 0 180.281 255 255 0
166.039 0 184.32 0 255 255
165.885 0 196.648 255 0 0
164.715 0 171.519 0 0 255
165.423 0 193.444 0 255 0
269.404 0 70.85 255 255 255
191.464 0 161.299 255 0 0
179.131 1.11022e-16 182.341 0 255 255
180.193 0 160.096 255 0 255
164.755 0 199.512 255 0 0
160.759 0 154.958 255 0 0
131.563 555 525.505 255 0 0
175.873 0 148.695 255 0 0
206.533 0 180.918 255 0 0
176.849 0 188.025 255 0 255
160.204 0 155.269 255 0 0
167.89 0 165.005 255 0 0
205.413 0 185.899 255 0 0
160.546 0 173.611 255 0 0
193.768 0 155.554 0 255 255
191.089 0 153.549 0 0 255
172.971 0 169.393 255 0 0
192.772 0 180.711 255 0 0
153.917 0 173.889 255 0 0
90.1775 42.0251 555 255 255 255
203.315 0 169.528 255 255 0
185.136 0 192.44 255 0 0
178.819 0 150.635 255 0 255
178.278 0 190.092 0 255 0
235.504 555 416.712 0 255 255
172.167 0 187.302 255 0 0
184.407 555 165.383 255 0 0
182.837 0 174.355 0 255 0
359.434 184.171 269.696 255 255 255
168.837 0 170.382 255 0 0
177.357 8.88178e-16 157.815 0 255 0
194.848 0 153.464 255 255 0
173.082 0 168.733 255 0 0
116.682 0 43.5222 255 255 255
194.58 0 182.451 0 255 0
0 279.104 470.338 255 255 255
158.352 0 157.753 255 0 0
188.26 0 178.805 255 0 255
165.238 0 169.816 255 0 0
158.761 0 174.998 255 0 0
184.536 -8.88178e-16 158.155 255 0 0
156.18 0 173.813 255 0 0
169.24 0 151.566 255 0 255
166.279 0 175.761 0 255 0
165.276 0 165.02 255 0 0
169.462 0 185.03 255 0 0
283.536 555 78.6704 255 255 255
289.994 555 457.873 255 0 255
139.911 0 158.015 0 255 255
165.143 0 151.09 255 0 0
202.134 0 165.409 255 0 0
181.719 0 168.098 255 0 0
444.495 0 157.801 255 255 255
176.837 0 160.695 255 0 0
281.386 555 26.3277 255 255 255
184.078 0 160.673 255 255 0
157.492 0 183.849 255 0 0
188.156 0 179.302 255 0 0
165.467 0 300.418 255 255 255
178.51 0 167.291 255 0 0
162.401 0 176.164 255 255 0
168.421 0 189.257 255 0 255
177.906 0 190.56 255 0 0
202.022 0 157.959 255 0 0
192.153 0 163.552 255 0 0
185.162 0 170.86 255 0 0
180.052 0 172.925 0 255 0
154 -8.88178e-16 198.884 255 0 0
168.419 0 195.172 0 255 255
191.255 0 189.892 255 255 0
209.605 0 178.041 255 255 0
185.667 0 183.549 255 0 0
166.451 0 160.634 255 0 0
187.835 0 163.076 0 255 255
196.579 0 163.649 0 255 0
150.946 0 172.551 255 255 0
171.328 0 178.034 255 255 0
196.268 0 170.584 255 0 0
193.659 0 150.373 0 255 0
174.034 0 207.102 255 0 0
193.03 0 147.809 0 255 255
155.915 0 198.568 255 0 255
55.4709 1.42109e-14 138.596 255 255 255
143.25 0 197.643 255 0 0
190.103 -4.44089e-16 163.076 255 0 0
163.829 0 183.953 255 0 255
164.731 8.88178e-16 191.491 0 255 0
196.991 0 181.295 255 0 255
188.82 0 186.836 255 0 0
179.999 0 166.682 255 0 0
181.886 -5.55112e-17 184.125 255 0 0
147.52 0 157.563 0 255 255
192.488 0 176.291 0 255 0
150.828 0 178.87 255 0 0
185.376 0 171.495 0 255 255
172.437 0 163.112 0 255 0
206.492 0 180.591 255 0 0
189.821 0 181.3 0 0 255
175.53 0 173.359 255 0 255
178.171 0 149.675 255 0 0
166.748 -4.44089e-16 186.665 0 255 0
137.04 555 156.137 255 255 0
190.835 0 190.251 255 255 0
205.519 0 178.206 255 0 0
174.184 -2.22045e-16 186.5 255 0 255
155.421 -8.88178e-16 172.21 255 0 0
183.467 0 197.006 0 0 255
343.044 -1.42109e-14 124.611 255 255 255
156.94 0 177.243 0 255 0
169.786 0 195.994 0 255 0
148.347 1.77636e-15 175.369 0 255 0
288.082 0 76.6574 255 255 255
169.107 0 183.831 255 0 0
169.037 0 186.291 255 0 0
0 256.49 257.463 255 255 255
161.84 0 163.777 0 255 255
151.571 8.88178e-16 192.017 255 0 0
235.011 1.42109e-14 50.3611 255 255 255
174.046 0 147.117 255 0 0
186.552 0 154.405 255 0 0
146.058 555 86.5611 255 255 0
190.652 6.93889e-18 192.593 255 0 0
158.942 8.88178e-16 174.734 255 0 255
171.545 0 200.225 255 0 0
147.555 0 185.753 255 0 0
148.362 0 186.507 255 255 0
183.766 0 175.644 0 255 255
146.872 0 178.379 255 0 0
161.138 0 177.167 255 255 0
312.948 0 179.049 255 255 255
177.921 0 178.857 255 255 0
181.008 0 181.179 255 0 0
183.031 0 181.263 255 255 0
178.153 0 169.827 255 255 0
196.398 0 162.965 255 0 255
71.4995 -1.42109e-14 109.141 255 255 255
196.389 0 160.701 255 0 0
156.566 0 197.166 255 0 0
180.478 0 191.208 255 0 0
166.836 0 163.735 255 0 255
171.57 0 168.292 255 0 0
0 246.347 201.458 255 255 255
193.436 0 177.509 255 0 0
164.223 0 181.642 255 0 0
177.474 -1.11022e-16 185.877 255 0 255
187.474 0 155.879 255 0 0
168.572 0 162.879 255 0 0
191.647 0 151.109 255 255 0
0 544.175 136.19 255 255 255
161.551 0 163.152 255 0 0
182.25 0 197.286 0 255 255
183.381 2.22045e-16 170.303 255 0 0
266.932 150.999 294.482 255 0 0
166.855 4.44089e-16 189.447 255 0 255
175.828 0 199.984 255 0 0
179.831 0 181.158 255 0 0
196.381 0 178.382 255 0 0
181.266 0 175.103 255 0 0
201.329 0 173.421 255 0 0
149.067 0 199.232 255 0 0
182.218 0 153.638 255 0 0
171.323 0 158.551 255 0 255
333.946 0 135.755 255 255 255
193.976 2.77556e-17 194.547 0 255 0
162.304 0 191.34 255 0 0
156.842 0 178.848 255 0 0
197.531 0 201.284 255 0 0
180.789 0 167.049 0 255 255
182.864 0 144.037 0 255 0
163.21 0 166.72 255 0 0
184.146 0 193.892 255 0 0
178.483 0 174.192 0 255 0
146.422 0 184.107 255 0 0
155.353 -1.77636e-15 160.292 255 0 0
180.104 -2.22045e-16 204.939 255 255 0
285.176 555 433.922 0 255 255
190.314 0 158.024 255 0 0
161.859 0 183.222 255 0 0
197.225 0 148.416 255 255 0
145.08 0 175.548 255 0 0
185.124 0 167.561 255 0 0
182.831 -2.22045e-16 172.378 255 0 0
201.606 4.44089e-16 171.593 255 0 0
197.438 0 184.112 255 0 0
289.857 125.104 387.766 255 255 255
164.525 0 176.475 255 0 0
164.848 0 160.61 255 0 255
181.907 0 169.074 255 255 0
240.087 555 116.187 255 255 0
201.049 0 161.02 255 255 0
178.767 0 181.174 255 255 0
173.811 0 203.947 0 255 255
157.932 0 182.603 255 0 0
165.917 0 169.255 0 255 0
169.602 0 184.675 255 0 0
187.827 0 156.359 255 0 0
195.114 0 155.4 255 0 0
170.939 0 163.186 255 0 0
182.527 0 165.768 255 0 0
160.346 0 161.815 0 255 255
171.12 0 147.934 255 0 0
163.422 0 170.324 255 0 0
179.496 0 195.221 255 0 0
148.968 0 167.062 255 0 255
161.396 0 196.974 255 0 0
172.101 -1.77636e-15 148.741 255 0 0
194.681 0 174.368 255 0 0
175.179 0 176.991 255 0 0
147.529 0 184.589 255 0 0
162.023 0 154.213 0 255 0
178.937 0 181.357 255 0 0
178.219 0 176.209 0 255 255
177.438 -1.11022e-16 187.358 255 0 0
75.4916 555 503.89 255 255 255
175.263 2.22045e-16 184.628 255 0 0
181.064 0 169.55 255 0 255
191.615 0 175.32 255 0 0
195.089 0 167.654 255 0 255
143.925 0 156.496 255 0 0
373.298 1.42109e-14 174.958 255 255 255
187.447 0 176.759 255 0 0
198.254 0 176.599 255 0 0
185.722 0 165.186 255 0 255
179.698 0 175.956 255 0 0
201.227 0 174.639 255 0 0
174.982 0 205.94 0 255 0
265.632 248.062 297.359 255 0 0
166.93 0 169.49 255 0 0
187.323 0 176.862 255 0 0
173.025 -2.22045e-16 181.359 255 0 0
202.797 0 182.216 255 0 0
170.469 0 164.79 255 0 255
165.444 0 156.674 0 255 255
160.884 0 153.591 255 0 0
185.802 0 166.964 0 255 0
153.371 0 177.709 0 255 0
177.311 0 167.401 0 255 255
177.048 -1.11022e-16 192.041 255 0 255
159.624 0 168.793 255 0 255
223.52 0 16.45 255 255 255
170.274 0 159.378 255 0 0
145.566 0 175.564 255 0 0
178.395 555 393.729 255 0 255
175.549 -2.22045e-16 181.943 255 0 0
183.501 0 148.038 255 0 255
173.838 0 195.49 255 0 0
156.367 0 184.718 0 255 0
142.406 555 316.851 255 0 0
165.086 -8.88178e-16 167.454 255 0 0
185.104 0 156.169 255 0 0
236.3 0 61.0059 255 0 255
0 108.434 112.489 255 255 255
205.73 0 180.167 255 0 255
143.448 0 188.784 255 0 0
195.892 0 180.556 255 0 0
184.192 0 181.576 255 0 255
157.619 0 165.611 255 0 0
195.51 0 170.111 255 0 0
158.954 0 182.896 255 255 0
173.332 0 164.946 0 255 0
281.294 0 248.437 255 255 255
149.478 0 161.742 255 255 0
193.244 0 194.178 0 255 0
146.644 0 174.369 255 255 0
143.424 0 191.359 255 0 0
73.8714 555 281.788 255 0 0
301.333 238.04 285.265 255 255 0
276.903 251.352 339.423 255 255 255
2.84217e-14 352.135 268.942 255 255 255
175.57 0 185.964 255 0 255
183.135 0 184.861 0 255 255
169.774 0 184.238 255 0 255
301.313 300.601 285.27 255 255 255
196.602 0 196.636 255 0 0
149.213 0 164.534 255 255 0
169.369 -4.44089e-16 185.565 255 0 0
174.512 0 168.262 255 0 0
181.511 8.88178e-16 160.99 255 0 0
184.224 0 189.392 255 0 0
154.952 0 147.438 255 255 0
183.708 0 153.283 0 255 255
0 14.3157 146.94 255 255 0
315.142 546.855 555 255 0 0
186.881 0 163.786 0 255 255
-1.42109e-14 34.7316 174.857 255 255 255
193.932 0 187.891 255 255 0
153.959 0 187.656 255 255 0
154.112 0 166.222 0 255 0
158.528 0 158.309 255 0 0
166.462 0 171.134 255 255 0
200.633 0 190.334 0 255 0
211.249 0 167.61 255 0 0
352.028 0 220.512 255 255 255
165.107 0 178.655 255 255 0
196.661 0 201.281 0 255 255
162.39 0 155.273 255 0 0
201.883 0 171.336 0 255 0
166.525 0 138.947 255 255 0
184.716 0 162.352 255 0 255
149.568 0 190.23 0 255 0
192.476 0 172.7 255 0 0
168.515 0 185.154 255 0 0
179.062 0 182.757 255 0 0
187.331 0 155.549 255 0 0
180.147 0 203.255 255 0 255
191.928 0 164.213 255 255 0
164.208 0 156.888 255 0 0
184.075 0 188.089 0 255 255
1.42109e-14 48.4012 265.702 255 255 255
106.821 0 123.851 255 0 0
174.218 0 151.876 255 0 0
185.485 0 185.334 0 255 0
160.002 0 167.454 255 0 0
141.211 0 184.967 255 0 0
194.476 0 176.928 255 0 0
90.8915 0 66.4654 255 255 255
205.001 0 180.393 255 0 255
163.618 0 170.381 255 0 255
410.279 0 246.905 255 255 255
150.095 0 183.576 255 255 0
194.419 0 176.179 0 255 255
176.966 0 200.624 255 0 255
197.207 -4.44089e-16 164.408 255 0 0
191.642 0 193.097 255 0 0
166.824 0 162.986 255 0 0
176.491 -8.88178e-16 152.036 255 0 0
154.666 0 172.227 255 0 0
152.07 0 194.277 255 0 0
143.451 0 169.281 255 0 0
161.67 0 168.451 255 0 0
180.662 0 149.243 255 0 0
160.487 0 187.148 0 255 0
26.4996 555 283.473 255 0 255
0 190.768 376.314 255 255 255
144.277 0 181.984 0 255 255
-1.42109e-14 104.271 128.473 255 255 255
171.536 0 151.122 255 255 0
158.398 0 158.193 255 0 0
155.645 8.88178e-16 190.272 255 0 0
183.891 0 177.42 255 0 0
180.436 0 168.619 255 0 0
149.849 0 174.392 255 255 0
152.764 0 189.381 255 0 0
145.582 0 178.968 0 255 255
183.532 0 171.482 0 255 255
487.221 555 355.095 255 255 255
555 202.604 41.1663 255 255 255
163.827 -8.88178e-16 178.123 255 0 0
175.64 0 174.234 0 255 0
177.5 -4.44089e-16 168.85 255 0 0
144.339 0 175.386 255 0 0
163.079 0 171.148 0 255 0
163.982 0 170.806 255 0 0
66.8587 0 548.619 255 255 255
145.328 0 190.808 255 0 0
174.157 0 190.764 255 0 0
186.894 0 150.902 0 255 255
237.135 555 145.243 255 0 0
204.334 0 189.871 0 255 255
171.298 0 175.483 255 0 0
176.593 0 183.182 0 255 0
10.5745 0 80.9178 255 255 255
162.282 0 196.756 255 0 0
195.927 0 153.163 0 255 255
173.081 -8.88178e-16 158.428 255 0 0
147.065 0 170.479 255 0 0
163.633 0 164.044 255 0 0
173.427 0 167.586 255 0 0
184.241 0 193.837 255 255 0
180.259 0 182.618 255 0 255
170.971 0 162.696 255 255 0
146.41 0 171.368 255 0 255
189.066 0 203.978 255 0 255
207.484 0 182.093 255 0 0
186.087 0 181.493 255 255 0
164.517 0 175.236 255 255 0
177.578 0 165.978 255 0 0
188.075 0 169.573 255 255 0
187.552 0 168.298 255 0 0
167.541 0 174.85 255 0 255
172.473 0 157.23 255 0 255
160.986 0 164.863 0 255 255
160.331 0 165.434 255 0 0
153.637 -8.88178e-16 206.597 0 0 255
170.241 0 184.596 255 255 0
166.085 0 178.439 255 255 0
182.396 0 184.279 255 0 0
158.068 0 193.732 0 255 0
147.859 0 192.165 255 0 255
190.863 0 189.953 0 255 0
147.596 0 190.043 255 0 0
22.0725 0 69.929 255 255 255
184.973 0 165.875 255 0 255
177.903 0 185.072 255 0 0
175.604 0 170.791 255 0 0
155.979 0 190.186 255 0 255
161.604 0 170.635 255 0 0
197.252 0 170.375 255 0 0
198.623 0 161.22 255 0 255
195.728 0 187.762 255 0 0
162.18 0 182.038 0 255 255
181.341 0 199.545 255 0 0
67.6052 0 300.754 255 255 255
247.754 0 266.095 255 255 255
152.154 0 173.501 0 255 0
165.963 0 180.269 0 255 0
183.525 0 162.326 255 0 255
174.752 0 170.433 255 0 255
149.359 0 182.462 0 255 0
176.473 0 177.194 255 0 255
174.976 0 188.42 255 0 0
158.461 0 162.525 255 0 255
197.827 0 159.498 255 0 0
0 347.015 305.925 255 255 255
178.246 555 167.761 0 255 255
141.217 0 185.37 255 0 0
142.472 0 179.225 255 0 255
194.575 0 161.551 255 0 0
166.842 0 183.019 255 0 255
12.9311 482.23 555 255 255 255
147.519 0 178.628 255 0 0
192.229 0 159.495 0 255 255
180.157 0 161.801 0 255 0
165.291 0 172.871 255 0 0
179.451 0 161.074 0 255 255
171.01 0 171.745 255 0 0
182.591 0 202.842 255 0 255
165.923 0 185.666 255 0 0
153.061 0 173.288 0 255 255
204.92 0 183.419 255 0 0
175.338 0 178.779 255 0 255
297.955 0 103.023 255 255 255
185.223 5.55112e-17 181.625 0 255 255
198.952 0 176.703 0 255 255
145.646 0 197.216 255 0 0
169.967 0 177.586 255 0 255
160.834 -8.88178e-16 166.94 0 255 0
162.372 0 181.609 255 0 0
185.105 -5.55112e-17 182.462 255 255 0
198.114 0 179.041 255 0 255
149.86 0 163.993 255 0 255
173.907 0 186.721 255 0 0
158.664 0 157.116 255 0 0
160.957 0 192.144 0 255 0
175.923 0 171.09 255 0 0
175.371 0 197.427 0 0 255
157.659 8.88178e-16 174.367 255 0 0
190.979 0 178.254 255 0 0
173.858 0 200.602 0 0 255
175.389 0 204.604 255 255 0
183.384 0 164.911 255 0 0
197.437 0 186.854 255 0 0
151.581 0 160.826 255 255 0
161.466 0 181.153 255 0 255
202.639 0 164.585 255 0 255
151.734 0 197.122 255 0 0
278.104 1.42109e-14 74.2729 255 255 255
188.56 -8.88178e-16 156.613 255 0 0
182.1 -4.44089e-16 163.89 255 0 255
182.321 0 193.607 255 0 0
171.261 8.88178e-16 171.431 0 255 255
287.729 154.585 288.91 255 0 255
193.007 0 198.566 255 0 255
151.291 0 176.55 0 255 255
169.418 0 204.603 255 0 0
167.44 0 168.391 255 255 0
191.966 0 164.496 255 0 0
177.903 0 171.038 255 0 0
160.964 0 168.347 255 0 0
313.967 288.192 281.879 255 0 0
175.072 0 187.031 255 0 0
0 313.144 483.111 255 255 255
195.745 0 188.987 255 0 0
197.902 0 189.026 255 0 0
0 16.0053 335.948 255 0 0
182.01 0 163.117 255 0 0
349.865 555 99.4945 255 0 0
244.584 555 449.71 255 255 0
176.118 0 182.952 0 0 255
174.69 -2.22045e-16 179.927 255 0 0
165.805 -8.88178e-16 162.848 255 0 0
361.469 0 139.476 255 255 255
163.809 0 174.265 255 0 0
170.715 0 188.136 255 0 255
190.749 0 171.073 255 0 0
191.499 0 153.264 255 0 0
160.702 0 190.701 0 255 255
163.574 0 147.334 255 0 0
207.72 0 153.166 255 0 0
281.572 322.865 290.56 255 0 0
149.828 0 156.495 0 255 0
194.238 0 179.502 255 0 255
193.336 0 188.154 0 255 255
401.043 555 80.9094 255 255 255
187.823 0 177.039 255 255 0
166.236 0 158.388 0 255 0
152.099 0 167.983 255 0 0
159.454 0 173.812 255 0 0
0 198.634 282.376 255 255 255
190.465 0 176.621 255 0 255
179.496 0 167.271 255 255 0
159.089 0 150.958 255 0 0
153.465 0 171.199 255 0 0
111.306 555 259.342 0 255 0
172.228 0 164.39 0 255 0
207.494 8.88178e-16 166.848 255 0 0
183.817 0 187.76 0 255 0
160.821 0 164.451 0 255 255
170.284 0 196.052 255 0 0
158.971 1.77636e-15 165.462 0 255 255
197.257 0 180.706 255 0 0
187.126 0 167.998 255 0 255
185.147 -2.22045e-16 171.118 255 0 0
0 274.338 58.2583 255 255 255
196.706 0 181.61 255 255 0
349.447 555 150.16 255 0 0
257.727 131.891 555 255 255 255
263.544 0 268.646 255 255 255
147.741 0 185.847 255 0 0
58.3997 555 323.625 255 0 0
167.26 -4.44089e-16 187.768 255 255 0
146.294 0 188.241 0 255 255
174.626 0 204.863 255 0 0
174.919 0 165.699 255 0 0
201.842 0 152.369 255 0 255
95.8616 0 136.521 255 0 0
185.9 0 155.225 255 0 0
182.798 0 156.987 255 0 0
172.772 0 188.524 255 0 0
192.634 0 185.905 255 0 0
179.561 0 153.562 255 0 0
151.075 0 160.544 255 0 255
172.779 0 158.671 255 0 0
153.884 0 177.524 255 255 0
188.543 0 185.296 255 0 0
183.113 0 168.379 255 0 0
13.5408 0 19.1496 255 255 255
191.175 0 160.402 255 255 0
173.546 2.22045e-16 188.29 255 0 0
513.373 555 248.26 255 255 255
157.011 0 169.766 255 255 0
195.054 0 172.981 0 255 255
170.822 0 182.542 255 0 0
172.342 0 171.586 255 0 0
195.202 0 183.291 0 255 255
152.823 0 181.521 255 255 0
275.743 182.919 292.121 255 0 0
183.3 0 204.007 255 0 0
171.604 0 159.482 255 0 0
104.063 0 225.713 255 0 255
148.299 0 172.257 255 0 0
167.074 0 179.483 0 255 255
183.44 -2.22045e-16 173.144 255 0 0
166.154 0 203.214 255 0 0
164.072 8.88178e-16 183.814 0 255 255
175.763 0 174.376 255 0 0
444.507 555 156.6 255 0 255
188.97 0 159.19 255 0 0
313.12 179.12 555 255 255 255
152.545 0 161.538 0 255 255
181.43 0 174.405 255 0 255
187.412 0 176.284 255 0 0
184.376 0 186.828 255 0 0
176.208 -2.22045e-16 201.295 255 0 0
168.86 0 156.196 255 0 0
194.51 -1.38778e-17 190.298 255 0 0
170.461 0 158.744 255 0 0
383.759 555 83.7956 0 255 0
150.634 0 156.001 255 0 0
162.614 0 161.209 0 255 0
176.05 0 170.579 255 0 0
162.411 0 167.921 255 0 0
179.219 0 169.008 255 0 0
185.186 555 92.4979 255 0 0
155.399 0 181.83 0 255 255
164.774 0 187.122 255 0 0
167.454 0 188.201 255 0 0
165.46 0 174.01 255 0 0
354.724 0 41.9559 255 255 0
177.771 0 191.553 255 0 0
173.478 0 168.084 0 255 255
163.741 8.88178e-16 190.985 255 0 0
178.589 0 168.796 255 0 0
192.819 0 175.036 0 255 255
166.895 0 202.638 255 0 0
201.057 0 163.086 0 255 255
181.585 0 183.126 0 255 255
152.618 0 194.317 255 0 0
149.284 0 167.116 255 0 0
156.013 0 191.574 0 255 255
178.295 0 180.228 255 0 255
167.214 0 162.431 255 255 0
28.1491 522.809 555 255 255 255
175.12 4.44089e-16 170.208 255 0 0
191.697 5.55112e-17 181.477 0 255 255
180.151 0 166.975 255 0 255
179.56 0 193.186 255 255 0
194.657 0 153.195 255 0 255
163.039 0 187.973 255 0 255
167.129 0 165.586 0 255 255
242.089 555 501.696 255 255 255
449.43 0 198.044 255 255 255
105.655 0 181.791 255 0 0
161.795 0 163.979 255 0 0
194.826 555 92.2018 255 255 255
158.736 0 173.02 255 255 0
167.649 0 204.874 255 255 0
0 146.535 371.524 255 255 255
148.885 0 174.693 255 0 255
160.417 0 193.02 0 255 255
311.903 555 417.751 255 255 0
383.575 555 148.977 255 0 0
154.852 0 198.474 255 255 0
0 114.917 136.223 255 255 255
287.505 555 390.064 255 255 0
170.481 0 167.865 255 0 0
173.774 0 157.35 0 255 0
398.388 555 60.6466 255 0 0
163.543 0 192.606 0 0 255
152.593 0 168.628 255 0 0
112.338 555 313.558 255 0 0
154.097 0 190.662 0 255 0
181.627 -1.11022e-16 183.62 255 0 0
160.867 8.88178e-16 164.703 255 0 0
207.612 0 186.485 255 0 0
161.185 -1.77636e-15 158.128 255 0 0
194.744 0 189.783 255 0 0
322.68 555 116.898 255 0 0
195.797 0 20.0358 255 255 255
184.673 0 171.216 255 0 0
183.161 0 162.098 255 255 0
0 40.3448 424.98 255 255 255
188.705 0 166.584 255 0 0
148.275 0 164.793 0 255 0
209.601 378.55 555 255 255 255
193.125 0 170.747 255 0 0
555 146.026 136.983 255 255 255
180.76 0 181.683 255 255 0
164.726 0 173.141 255 0 0
335.341 24.735 555 255 255 255
287.974 160.275 380.74 255 255 255
173.755 0 192.562 255 0 255
198.178 0 153.977 255 0 0
151.276 0 192.257 255 0 255
272.173 555 419.494 255 0 0
185.067 0 159.266 0 255 0
167.878 4.44089e-16 174.538 255 0 0
198.769 0 163.73 255 0 255
165.439 0 491.747 255 255 255
161.674 0 175.616 255 0 0
164.416 0 170.874 255 0 0
150.148 1.77636e-15 153.356 0 255 0
365.658 261.812 268.029 255 255 255
196.965 0 159.884 255 0 0
132.605 0 297.608 255 255 255
164.08 0 198.948 255 0 0
0 4.02887 237.17 255 255 255
166.102 0 167.695 255 0 255
274.18 29.0121 292.54 255 255 255
148.671 0 178.866 255 0 0
0 10.7769 238.195 255 255 0
158.879 0 164.952 255 0 0
194.574 0 159.215 0 0 255
179.533 0 189.308 255 0 0
199.543 0 185.074 0 255 0
169.353 0 159.635 0 255 0
93.9628 0 135.193 0 255 255
175.291 2.22045e-16 199.788 0 255 255
175.091 0 182.846 255 255 0
184.559 0 193.19 255 0 0
194.266 0 168.138 0 0 255
183.836 0 162.347 255 0 0
159.857 0 163.71 255 0 255
167.241 0 189.604 255 0 0
179.626 0 184.919 255 0 0
122.642 555 490.963 255 255 255
172.135 0 178.384 255 255 0
184.063 0 172.768 0 255 255
173.335 -2.22045e-16 174.818 255 0 255
154.556 0 171.555 255 0 255
430.302 555 237.908 255 0 255
164.9 0 172.44 0 255 0
182.904 0 166.74 255 0 255
293.525 233.373 287.357 255 0 255
178.648 0 166.115 255 0 0
162.669 0 173.032 0 255 255
189.831 0 193.798 255 0 255
148.352 0 177.84 0 255 255
150.063 8.88178e-16 182.191 255 255 0
193.95 0 168.463 255 0 255
207.789 0 181.57 255 0 0
192.518 0 195.47 255 0 0
158.795 0 176.656 255 0 0
555 505.355 228.01 255 255 0
178.221 0 199.707 255 0 0
167.558 0 180.174 255 255 0
164.098 8.88178e-16 170.077 255 0 255
193.612 0 172.272 255 0 0
183.923 0 179.136 255 0 255
173.254 0 174.049 255 0 0
86.4764 0 271.85 255 255 255
322.225 2.59317 279.667 255 255 255
188.469 0 181.252 255 0 0
151.641 0 168.461 255 0 0
82.4782 0 259.923 255 255 255
156.833 1.77636e-15 154.204 255 0 0
169.21 0 175.113 255 0 255
165.382 0 173.658 255 0 0
161.119 8.88178e-16 175.91 255 0 0
174.326 0 169.036 255 0 0
149.49 0 172.397 255 0 0
166.894 0 171.863 255 0 0
184.47 0 175.096 255 0 255
367.277 0 72.6209 255 255 255
161.169 0 155.767 255 0 255
268.154 555 477.742 255 0 0
174.817 4.44089e-16 167.263 255 0 0
180.131 0 179.228 0 0 255
183.594 0 169.67 255 0 0
207.716 0 193.776 255 0 0
184.616 0 189.891 0 255 255
194.961 0 161.073 255 0 0
200.065 0 197.198 255 0 0
178.136 0 155.08 255 0 255
169.752 0 191.338 255 0 0
168.564 0 179.46 255 0 0
0 9.86073 190.025 255 255 255
160.777 0 150.186 255 255 0
165.341 0 177.988 255 0 0
151.424 0 164.193 0 255 0
185.398 0 182.961 255 0 0
195.855 0 180.126 0 0 255
188.895 0 163.1 0 255 255
176.279 0 178.987 0 255 255
260.245 199.375 555 255 255 255
193.051 0 183.223 255 0 0
173.265 0 149.204 255 0 0
211.164 0 187.941 255 0 0
198.092 0 178.769 255 0 255
181.38 0 160.908 255 0 255
196.944 0 164.444 0 255 0
199.359 0 190.637 255 0 0
177.048 0 167.204 255 0 0
179.435 0 154.965 0 255 0
168.613 0 160.017 255 0 0
1.42109e-14 37.1425 117.625 255 255 255
163.529 0 155.939 255 0 0
206.392 0 167.652 255 0 0
150.537 0 155.99 255 0 255
176.499 0 173.581 0 255 255
173.334 0 195.327 255 0 0
158.732 0 152.089 0 255 0
179.091 0 175.289 255 0 0
160.519 0 185.674 0 255 255
158.866 0 185.355 255 255 0
175.21 0 162.801 255 0 0
167.022 0 151.005 255 0 255
140.114 0 160.1 255 0 255
190.648 0 191.551 0 255 255
180.887 0 185.499 255 0 0
172.271 0 173.219 255 0 0
203.827 0 162.999 255 0 255
154.31 0 164.708 255 0 255
181.161 0 177.839 255 0 0
201.522 0 173.958 255 0 0
0 129.699 366.849 255 255 255
184.491 -2.77556e-17 192.472 0 255 0
191.915 0 146.717 255 0 0
197.594 0 183.22 255 0 255
163.817 0 174.651 0 255 255
166.426 0 173.138 255 0 0
155.922 0 185.36 255 0 255
377.771 1.42109e-14 218.393 255 255 255
181.875 0 161.307 255 0 0
187.08 0 196.315 0 255 255
181.206 0 186.009 255 255 0
168.316 0 173.723 255 0 0
157.231 0 184.198 255 0 0
174.622 -8.88178e-16 158.969 255 0 0
160.155 0 146.521 255 0 0
159.557 8.88178e-16 187.632 0 255 255
171.778 0 198.332 0 255 255
183.712 0 197.479 255 0 0
172.487 -8.88178e-16 162.78 255 0 0
170.8 0 179.306 255 0 0
382.55 170.217 263.503 255 255 255
161.299 -8.88178e-16 162.011 255 255 0
168.989 0 151.403 255 0 0
164.252 0 160.117 0 255 255
149.026 0 184.625 255 0 255
207.323 0 182.578 255 0 255
163.381 -4.44089e-16 194.91 0 255 0
173.951 2.22045e-16 182.54 255 0 0
154.699 0 165.351 0 255 0
174.006 0 194.22 255 0 0
202.216 0 167.052 255 0 255
193.48 0 163.684 255 0 0
175.697 0 164.068 255 0 0
201.438 0 181.89 255 0 0
168.103 0 188.677 0 255 0
173.226 0 201.298 0 255 0
188.328 0 174.268 255 255 0
189.61 0 154.35 0 255 0
161.169 0 149.621 255 0 0
186.936 0 156.099 255 0 255
190.525 0 169.771 255 0 255
188.49 0 193.214 255 0 0
163.533 0 152.338 255 255 0
157.917 0 167.335 255 0 0
173.077 0 160.811 255 0 0
153.545 0 181.209 255 0 255
146.871 0 158.815 255 0 0
131.301 0 312.204 255 255 255
152.451 0 188.836 0 0 255
165.81 0 193.897 255 0 255
170.943 0 170.207 255 0 0
183.543 0 177.059 255 0 0
208.128 0 166.664 0 255 255
155.207 0 199.777 255 0 0
174.361 0 204.792 255 0 0
486.331 555 177.067 255 0 255
167.3 0 177.698 255 0 0
168.771 0 190.267 255 255 0
190.739 0 124.089 255 0 0
201.692 0 158.496 255 0 255
208.701 0 179.827 255 0 255
192.986 0 196.456 255 255 0
173.046 0 188.108 0 255 0
181.598 0 188.616 0 255 255
188.478 -2.22045e-16 172.281 255 0 0
185.156 0 178.416 255 0 0
173.874 -8.88178e-16 162.746 255 255 0
182.735 0 144.182 255 0 0
298.974 0 281.253 255 255 255
177.46 0 172.367 0 0 255
185.735 0 179.864 255 0 0
173.637 0 180.258 0 255 255
204.587 0 181.785 255 0 0
150.885 0 175.698 255 0 0
171.662 0 185.551 255 255 0
164.919 0 198.243 255 0 0
250.303 -1.42109e-14 349.774 255 255 255
195.728 0 153.53 0 255 255
161.584 0 44.0847 255 255 255
151.802 0 175.309 255 0 0
176.446 0 195.474 255 0 0
159.062 0 172.913 255 0 255
194.879 0 158.726 0 255 0
157.805 0 157.793 255 0 255
324.872 0 188.591 255 255 255
180.655 0 160.238 255 255 0
174.358 0 173.121 255 0 0
197.904 0 187.666 255 0 0
164.111 0 197.711 255 255 0
163.16 0 175.321 255 0 0
172.709 0 186.526 255 0 0
476.638 555 277.109 255 0 0
340.409 -1.42109e-14 238.911 255 255 255
160.255 0 170.391 0 255 0
176.084 0 185.23 255 0 0
160.684 0 182.745 255 0 0
171.869 0 204.164 0 255 0
195.787 0 171.261 255 0 0
194.518 0 188.95 255 0 0
166.669 0 155.662 0 255 0
170.944 0 197.012 0 255 0
165.77 0 171.224 255 0 0
177.05 0 168.898 255 0 255
166.279 0 185.843 255 255 0
181.272 0 164.746 255 255 0
174.141 0 145.356 255 0 0
164.664 0 175.238 255 0 0
158.271 0 181.381 255 0 0
309.176 322.242 283.163 255 255 255
188.818 0 167.582 255 0 255
176.22 0 164.068 255 0 255
196.177 0 158.489 255 0 0
137.307 0 171.141 255 0 255
188.895 0 166.135 255 0 0
148.897 0 153.644 0 255 255
175.459 0 194.906 255 0 0
284.596 19.9275 368.134 255 255 255
169.125 0 165.906 255 0 0
181.32 0 156.019 255 255 0
186.773 0 166.109 0 255 255
170.496 0 165.902 0 255 0
178.528 0 150.889 255 0 0
184.983 0 184.586 0 255 0
152.064 0 164.839 0 255 0
146.008 0 312.533 255 255 255
155.108 8.88178e-16 176.012 255 0 0
342.863 0 174.406 255 255 255
190.537 0 179.105 255 0 0
172.824 0 178.888 255 0 0
1.42109e-14 64.2976 223.178 255 255 255
172.226 0 168.919 255 0 0
173.654 0 201.439 0 0 255
179.544 0 180.379 0 255 255
299.004 555 414.313 255 0 255
178.116 0 197.769 0 255 0
145.546 0 171.508 255 0 255
151.506 0 178.552 0 255 0
182.752 0 196.208 255 255 0
180.595 0 170.645 0 255 255
161.293 0 176.681 255 0 255
170.381 0 193.013 255 0 0
181.294 0 176.059 0 255 255
150.83 0 190.062 255 0 255
162.24 0 191.678 0 255 255
158.099 0 168.014 255 0 255
181.61 5.55112e-17 185.061 255 255 0
196.392 0 166.743 255 0 0
163.321 0 113.112 0 255 255
194.788 0 176.679 0 255 255
180.596 0 165.101 255 255 0
191.095 0 190.522 255 0 0
161.824 0 159.362 0 255 255
176.431 0 174.665 255 0 0
166.994 0 170.45 255 255 0
193.901 0 178.953 255 0 0
171.467 0 193.981 255 0 0
169.702 0 178.203 0 255 255
9.79414 0 67.5412 255 255 255
185.922 0 307.13 255 255 255
189.862 0 158.905 255 0 0
159.484 0 195.539 255 0 255
202.262 0 175.52 255 0 255
191.648 0 148.744 255 0 0
162.006 0 176.156 255 0 255
207.111 4.44089e-16 172.618 255 0 0
201.452 0 180.875 255 0 0
0 76.5869 290.942 255 255 255
186.53 0 176.783 255 0 0
167.894 0 157.137 255 0 0
161.97 0 164.939 255 0 0
153.152 0 174.959 255 0 0
142.715 0 175.41 255 255 0
176.315 0 183.547 255 0 255
180.695 0 154.039 255 0 0
555 202.58 138.296 255 255 255
154.394 0 185.807 255 0 0
174.096 0 148.017 255 255 0
0 80.4252 175.325 255 255 255
171.903 0 182.829 255 0 0
151.441 -1.77636e-15 164.575 0 255 255
195.002 0 160.195 0 255 0
155.347 0 179.651 255 0 0
164.723 0 152.964 255 0 0
134.025 -8.88178e-16 189.748 255 0 0
153.854 0 165.502 255 255 0
183.185 4.44089e-16 162.961 255 0 255
189.867 0 175.954 0 255 0
200.062 0 158.662 255 0 0
181.428 0 187.634 255 0 0
172.912 0 183.193 255 0 0
130.81 0 289.383 255 255 255
555 139.133 38.4101 255 255 255
188.237 0 203.278 255 0 0
89.7968 555 2.24168 255 255 255
168.578 0 147.518 255 0 0
198.602 0 162.855 255 0 0
142.374 0 180.073 255 0 0
306.374 555 141.034 255 0 0
184.313 0 166.498 255 0 0
149.46 0 173.804 255 0 0
159.797 0 159.16 255 255 0
179.464 0 155.637 0 0 255
166.097 0 160.278 0 255 0
272.419 119.479 322.687 255 255 255
149.628 0 166.747 255 0 0
181.778 0 167.677 255 0 255
162.293 0 170.14 0 0 255
172.818 0 160.54 255 0 0
173.875 0 176.708 255 0 255
0 13.2762 163.548 255 0 0
191.654 0 155.726 255 0 0
194.801 8.88178e-16 156.896 255 0 0
191.018 0 180.055 255 0 255
161.86 0 162.233 255 0 0
170.081 0 164.355 255 0 0
203.138 0 167.286 255 0 0
177.968 0 182.677 255 0 0
146.686 0 170.541 255 0 255
154.693 0 172.94 255 0 0
187.195 0 176.919 255 0 0
300.698 0 56.4253 255 255 255
168.836 0 163.569 255 0 0
0 99.279 278.303 255 255 255
156.549 0 168.228 255 255 0
176.333 0 151.015 255 0 0
185.784 0 181.711 255 0 255
185.418 0 166.383 255 0 0
56.6334 0 227.541 255 255 255
116.997 555 311.314 255 0 0
195.381 0 164.582 255 255 0
163.684 0 173.538 255 0 0
196.076 0 186.155 0 255 255
175.861 0 157.448 255 0 0
178.385 0 192.852 0 255 255
182.57 0 176.671 255 255 0
187.594 0 167.07 255 0 0
171.606 4.44089e-16 167.772 255 0 0
158.068 0 180.086 255 0 255
202.768 0 182 255 0 255
186.212 0 168.653 255 0 0
149.238 0 168.843 255 255 0
160.736 0 176.114 255 0 255
42.8316 555 83.4608 255 255 255
164.231 0 178.049 255 0 0
153 0 196.71 255 0 0
183.621 0 171.864 255 0 0
189.264 0 192.869 255 0 255
140.509 0 398.924 255 255 255
196.207 0 173.245 255 0 0
177.613 -2.22045e-16 177.615 255 255 0
161.024 0 190.296 0 255 255
0 109.411 381.325 255 255 255
371.332 92.3747 266.509 255 255 255
189.712 0 149.598 0 255 0
279.559 151.764 291.099 255 255 255
174.358 0 157.806 255 0 0
172.452 0 182.426 255 0 0
184.162 0 155.891 0 0 255
285.786 197.939 289.431 255 255 255
162.669 0 162.02 255 0 255
173.972 0 154.97 255 0 255
192.377 0 173.227 255 255 0
267.556 283.124 294.315 255 255 0
172.658 0 155.674 255 0 0
166.447 0 153.442 0 255 255
154.426 0 172.758 255 0 255
179.514 0 178.412 255 0 0
0 244.335 274.299 255 255 255
201.074 0 179.457 0 0 255
162.307 -1.77636e-15 151.659 255 0 0
187.586 0 204.054 255 0 0
198.901 0 169.271 255 255 0
160.914 0 152.907 255 0 0
204.895 0 158.75 255 255 0
171.301 0 162.543 255 255 0
0 174.582 230.698 255 255 255
166.329 0 158.529 255 0 0
158.899 0 173.409 255 0 0
162.183 0 179.582 0 255 255
162.603 0 150.508 0 255 255
202.461 0 179.505 255 0 0
167.415 0 148.314 0 255 0
169.499 0 149.514 0 255 255
185.106 0 184.703 255 0 0
153.181 0 154.238 0 255 0
0 22.9387 56.2939 0 255 255
174.544 0 150.014 255 0 0
160.588 0 186.878 0 255 0
176.946 0 160.459 0 255 0
242.77 0 470.196 255 255 255
153.226 0 176.056 255 255 0
198.231 0 187.502 255 0 0
175.955 0 193.932 255 0 0
170.066 0 159.668 255 0 0
191.095 0 193.708 255 0 0
516.667 555 212.273 255 255 0
156.113 0 168.812 0 255 0
168.242 0 154.559 0 255 255
195.817 0 162.985 0 255 0
170.83 0 177.699 255 0 255
181.592 0 182.81 255 0 0
186.539 0 166.634 255 255 0
170.001 0 156.254 255 0 0
178.611 0 163.492 255 0 0
188.569 0 181.006 0 255 0
198.84 0 202.836 255 0 0
162.768 8.88178e-16 163.509 255 255 0
158.212 -8.88178e-16 169.962 255 0 255
182.317 0 157.599 255 0 0
175.601 2.22045e-16 176.702 0 255 0
142.159 0 171.088 255 0 0
341.037 2.9144 274.626 255 0 0
176.527 0 165.702 255 0 255
151.604 0 157.206 0 255 0
153.756 0 165.586 255 0 0
177.982 0 169.589 255 0 255
200.405 0 201.698 255 0 0
164.898 0 196.346 255 0 255
153.472 0 162.478 0 255 0
171.045 0 151.595 255 0 0
181.487 0 153.224 255 255 0
172.182 0 174.94 255 0 0
423.899 324.287 252.423 255 255 255
152.494 0 176.355 255 0 0
289.101 172.193 288.542 255 0 0
173.663 0 159.555 255 0 0
157.683 2.22045e-16 178.75 255 0 0
162.502 0 172.484 0 255 255
172.659 0 188.299 0 255 0
201.829 0 173.853 255 0 255
157.533 -8.88178e-16 186.785 0 255 0
70.1385 555 411.302 255 0 0
198.979 0 195.777 255 0 0
178.712 0 172.842 255 0 0
173.948 0 165.924 255 0 0
161.797 4.44089e-16 187.279 255 255 0
164.714 0 176.124 0 255 0
192.392 0 174.407 255 0 0
277.82 116.849 291.565 255 255 255
555 0.362475 262.595 255 255 255
173.138 179.066 555 255 255 255
151.007 0 158.344 255 0 0
179.552 -8.88178e-16 159.11 255 0 0
153.26 0 162.046 0 255 255
186.231 0 176.744 0 255 0
192.57 0 198.588 255 0 0
188.339 0 173.245 255 0 0
192.413 0 172.239 255 0 0
186.395 0 171.987 255 0 0
197.859 0 168.568 255 255 0
168.584 0 168.779 255 0 255
167.287 0 161.592 255 255 0
0 38.2551 249.521 255 255 255
185.24 0 184.912 255 255 0
155.488 0 191.919 255 0 0
154.099 0 173.858 255 0 0
181.516 0 168.28 255 255 0
154.014 0 176.91 255 0 0
182.742 0 167.427 255 255 0
201.233 0 200.649 255 255 0
153.809 0 168.656 255 0 0
192.22 0 154.099 255 0 0
187.025 0 189.414 0 255 0
162.018 0 185.038 255 0 255
203.154 0 190.925 255 0 0
174.669 0 171.744 255 0 0
182.281 0 183.724 255 0 0
163.723 0 171.188 0 255 255
176.13 0 172.327 0 255 255
184.55 0 176.335 255 0 0
155.269 0 175.756 255 255 0
191.288 0 189.27 255 0 0
180.242 0 170.803 255 0 0
194.054 0 180.207 0 255 0
148.269 0 175.469 255 0 0
187.194 0 157.912 255 0 0
147.274 0 183.122 255 0 255
170.385 0 177.228 255 0 0
169.08 0 187.349 0 255 255
208.047 0 176.92 255 0 0
182.195 0 279.873 255 255 255
179.617 -2.22045e-16 171.283 255 0 255
176.171 0 179.33 255 0 255
168.505 0 199.726 255 0 0
171.803 0 189.832 255 0 255
138.712 555 343.788 0 255 0
191.123 0 172.968 255 0 0
156.626 0 179.033 255 0 0
193.219 0 179.342 0 255 0
153.871 0 187.514 255 0 0
168.278 0 181.397 0 0 255
180.814 0 181.636 255 0 0
149.336 0 184.847 255 0 0
178.137 297.665 555 255 255 255
154.383 0 193.005 255 0 0
202.199 0 176.277 255 0 0
166.595 0 156.834 255 0 0
145.975 0 151.903 255 255 0
176.901 0 164.863 0 255 0
179.67 0 187.718 255 0 0
156.185 0 160.107 255 0 0
176.756 0 202.156 255 0 0
181.136 0 159.833 255 0 0
159.619 0 187.304 0 255 255
188.083 0 157.097 255 0 255
176.749 0 202.797 255 0 0
187.278 0 165.214 255 255 0
201.294 0 157.393 255 0 0
172.684 0 176.598 255 0 0
184.867 0 180.147 255 0 0
168.523 4.44089e-16 175.445 0 255 255
192.043 0 179.284 255 0 0
192.875 0 189.191 255 0 0
178.35 0 168.282 255 0 0
166.034 0 172.007 0 0 255
159.189 8.88178e-16 182.247 255 0 0
156.257 0 161.854 255 0 255
279.997 124.743 290.981 255 255 255
184.986 1.11022e-16 199.485 0 0 255
181.049 0 184.32 255 0 255
167.421 0 159.506 255 0 255
176.072 0 149.434 255 255 0
153.62 0 168.139 0 255 0
175.307 0 171.069 255 0 255
203.818 266.9 555 255 255 255
192.882 0 182.371 0 255 255
171.878 0 185.315 255 0 0
212.319 555 425.526 255 255 255
193.803 0 188.948 255 0 0
167.378 0 164.239 255 0 255
164.669 0 154.322 255 0 255
168.038 0 179.643 255 0 0
158.629 0 176.54 0 255 255
146.041 0 188.109 0 255 255
186.919 2.22045e-16 206.238 255 0 0
174.842 2.22045e-16 176.725 0 255 255
167.662 0 178.506 0 255 255
188.421 0 176.484 255 0 0
156.075 0 173.369 255 0 0
180.498 -1.11022e-16 198.586 255 0 0
160.123 0 189.146 255 0 0
168.914 0 189.545 255 0 255
173.131 0 175.184 255 0 0
167.076 0 166.044 255 0 0
173.102 0 183.839 255 0 255
187.048 0 157.771 255 0 0
150.419 0 165.227 255 0 0
200.385 -1.11022e-16 194.222 255 0 255
0 5.96043 186.245 255 255 255
153.198 0 184.419 255 0 0
181.917 0 173.056 255 0 0
178.039 0 187.581 255 0 0
275.66 0 468.169 255 0 0
184.373 0 157.929 0 255 0
149.514 0 179.926 255 0 0
205.745 0 177.299 255 0 0
158.438 0 163.792 255 0 0
36.2778 0 81.6133 255 255 255
154.822 0 190.719 255 0 0
145.538 0 172.147 255 0 0
197.552 0 170.716 255 255 0
153.467 0 183.072 255 255 0
159.115 0 164.063 255 0 0
173.97 0 167.869 255 0 0
147.945 0 196.735 255 0 0
172.878 0 145.876 255 255 0
174.647 0 195.376 255 0 0
286.149 0 261.905 255 255 255
159.818 0 164.245 0 255 255
161.15 0 179.835 255 255 0
156.34 0 170.381 255 0 0
316.054 221.266 281.32 255 0 0
198.68 0 164.483 255 255 0
184.902 0 174.273 255 0 0
158.186 0 183.756 0 255 0
165.031 0 180.927 255 0 0
177.03 0 177.408 0 255 0
190.353 0 200.449 255 0 255
172.014 0 155.215 255 0 255
97.5479 555 312.723 0 255 255
187.223 0 163.543 0 255 255
147.846 0 177.137 255 0 255
157.775 0 155.023 0 255 255
159.691 8.88178e-16 171.236 255 255 0
0 286.3 281.182 255 255 255
153.648 0 164.134 255 255 0
174.838 0 160.534 255 0 0
161.234 0 166.072 0 255 255
192.157 0 177.157 255 255 0
150.202 0 170.946 0 255 0
275.386 80.9571 333.761 255 255 255
160.374 0 184.118 255 0 0
186.064 0 156.184 255 0 0
178.414 0 178.626 255 0 0
162.25 0 179.309 255 0 255
183.706 0 185.608 255 0 0
178.449 0 173.455 255 0 255
209.02 0 175.926 255 0 0
181.99 0 177.109 255 0 0
173.673 0 169.805 0 255 0
174.554 0 168.708 255 0 255
158.053 0 190.865 255 0 0
164.187 0 181.886 255 0 0
175.072 0 158.946 255 0 0
182.329 0 175.604 0 255 255
193.462 0 169.985 255 0 0
156.643 0 164.414 255 0 255
246.508 555 534.528 255 255 255
186.336 0 178.789 0 255 0
144.846 0 180.19 0 255 255
147.881 0 182.123 255 0 255
181.554 0 149.461 255 0 0
208.04 0 75.854 0 255 255
189.071 0 161.256 255 0 0
180.256 0 187.743 255 0 0
174.036 0 156.792 255 0 255
161.667 0 171.329 0 255 0
200.811 0 184.92 255 0 255
555 520.131 90.357 255 255 255
144.663 0 185.562 255 0 0
169.402 0 166.414 255 0 0
179.571 0 148.267 255 0 0
208.049 0 291.148 255 255 255
161.094 0 171.962 255 0 0
0 102.575 36.4044 255 255 255
187.776 0 175.876 255 0 255
147.336 0 181.443 255 0 0
184.236 0 181.908 255 0 0
193.956 0 182.839 255 0 0
199.858 0 151.476 0 255 255
177.025 0 181.993 255 0 0
189.167 2.77556e-17 183.458 0 255 255
346.99 165.518 273.031 255 255 255
153.648 0 183.442 255 0 0
176.13 4.44089e-16 165.007 255 0 0
198.907 0 183.813 255 0 0
251.87 555 542.107 255 0 0
190.262 0 172.121 255 0 0
161.795 0 180.449 255 0 0
0 158.206 346.554 255 255 255
185.139 0 166.76 255 0 0
170.097 0 185.062 255 0 0
206.576 0 172.984 255 255 0
194.079 0 191.961 0 255 255
0 165.005 552.627 255 255 255
174.465 -4.44089e-16 164.302 255 0 255
192.206 0 186.372 255 0 0
159.149 -1.77636e-15 159.628 255 255 0
179.629 0 193.574 0 255 0
175.192 0 188.626 255 255 0
144.987 0 184.993 255 255 0
173.64 0 185.109 255 0 0
192.376 0 153.886 0 255 255
147.909 0 177.028 255 0 0
160.985 0 176.262 255 0 255
158.329 0 158.044 255 0 0
173.337 0 193.025 255 0 0
181.367 0 156.818 0 255 255
160.661 0 167.107 255 0 0
144.002 0 182.324 255 0 0
208.128 0 193.942 255 0 0
183.389 0 177.638 255 0 0
152.614 0 191.132 255 0 255
276.081 0 125.286 0 0 255
144.894 0 183.384 0 255 255
168.79 0 165.168 255 255 0
276.906 502.454 555 255 0 0
196.592 0 188.256 255 255 0
159.099 0 202.101 255 0 0
151.127 0 163.95 255 0 0
172.113 0 169.56 255 255 0
203.558 0 157.435 255 0 0
200.301 0 178.061 255 0 0
187.734 0 154.775 255 0 0
182.715 0 185 255 0 255
190.269 0 136.767 255 0 255
195.893 0 170.325 0 255 255
172.792 0 183.414 255 255 0
183.864 0 169.764 255 0 0
192.57 0 176.021 255 255 0
169.181 0 185.428 255 0 0
154.442 0 170.606 255 255 0
191.235 0 196.019 0 255 255
161.496 0 186.186 255 0 0
164.222 0 174.973 0 255 255
320.132 318.023 280.228 255 0 0
185.6 0 186.923 255 0 255
184.108 0 186.571 255 255 0
158.805 0 171.798 255 0 0
195.305 0 152.08 255 0 0
183.964 0 160.706 255 0 0
192.038 0 170.37 255 0 255
307.085 555 142.429 0 255 255
169.726 0 149.574 0 255 255
200.618 -8.88178e-16 156.05 255 0 0
177.683 0 165.178 0 255 255
172.034 8.88178e-16 165.285 255 0 0
198.321 0 173.432 255 0 255
0 258.608 132.136 255 255 255
200.944 0 182.559 255 0 0
200.864 0 188.624 255 255 0
163.03 0 184.19 0 255 0
179.226 0 154.143 0 255 255
197.636 0 194.578 255 0 0
94.0856 555 174.516 255 0 255
185.216 0 187.8 255 0 0
186.789 0 195.022 255 0 0
190.417 0 183.334 255 0 0
165.796 0 178.872 255 0 0
169.61 0 171.136 255 0 0
156.64 0 178.51 0 0 255
200.389 0 154.588 255 0 0
207.407 0 192.704 255 0 255
180.029 0 172.076 255 0 0
90.8328 555 286.958 255 0 255
0 156.009 286.586 255 255 255
173.429 0 157.11 255 0 0
190.828 0 180.354 255 0 0
158.103 0 177.201 255 255 0
163.317 0 159.872 255 0 0
128.699 286.727 555 255 255 255
199.536 0 186.631 255 0 0
181.058 0 163.507 255 0 0
196.242 0 189.179 255 0 255
193.875 0 181.115 255 0 0
199.294 0 160.008 0 255 255
0 121.857 518.813 255 255 255
1.42109e-14 59.2044 89.5883 255 255 255
203.105 0 174.416 255 0 0
166.68 0 180.678 0 255 255
171.029 0 173.508 255 0 0
167.789 0 163.012 0 255 255
296.469 245.197 286.568 255 255 255
172.096 0 170.819 255 0 0
201.163 0 158.612 255 255 0
189.399 0 164.222 255 0 0
173.832 0 174.435 255 0 0
158.09 0 177.099 255 0 0
180.284 0 190.592 255 0 0
164.954 1.77636e-15 153.706 0 255 255
197.016 4.44089e-16 163.544 0 255 255
189.31 0 170.077 0 255 255
208.597 0 183.608 255 0 255
155.141 0 164.169 255 0 0
189.641 0 151.029 255 0 0
189.539 0 181.773 0 255 0
161.988 4.44089e-16 181.293 255 0 0
185.304 0 180.225 255 255 0
174.389 0 191.685 255 0 0
164.101 0 185.456 255 0 0
177.135 0 190.03 0 255 255
195.512 0 167.424 255 0 0
175.319 0 166.413 0 0 255
183.29 -4.44089e-16 161.502 255 255 0
163.992 0 171.889 255 0 0
169.141 0 173.917 255 0 0
169.921 0 178.33 255 0 0
159.646 0 159.054 255 0 0
152.757 0 163.388 255 0 255
178.447 0 194.9 255 0 0
203.48 -8.88178e-16 159.853 255 0 0
174.805 0 160.387 255 0 0
179.417 0 179.392 0 255 255
148.683 0 184.022 255 0 0
195.491 0 169.663 255 0 0
159.688 0 156.161 255 0 0
159.307 0 183.354 255 255 0
154.598 0 170.763 255 255 0
190.64 0 171.186 0 255 255
166.081 0 184.961 255 0 0
167.772 0 154.643 255 0 0
163.683 0 189.409 255 0 255
164.484 -4.44089e-16 185.374 255 0 0
184.242 0 176.013 255 0 0
161.495 0 176.419 255 0 0
157.847 0 176.822 255 0 0
170.983 0 181.896 255 0 255
157.297 0 156.629 255 0 0
177.77 0 153.496 255 0 0
166.467 0 202.136 255 0 0
175.95 0 196.243 255 0 0
173.912 -2.22045e-16 178.601 255 255 0
190.293 4.44089e-16 144.073 255 255 0
173.317 0 164.62 255 0 0
181.198 0 181.86 255 0 0
175.617 0 183.871 255 0 0
174.321 0 206.082 255 0 0
164.679 0 183.173 255 0 0
158.794 -4.44089e-16 178.652 0 255 255
174.788 0 175.267 255 0 0
167.781 0 188.131 255 0 255
151.04 0 162.291 255 0 0
158.045 0 195.287 255 0 0
183.92 2.77556e-17 188.553 255 0 0
153.28 0 156.038 0 0 255
181.569 0 190.251 255 0 0
442.448 0 79.2037 255 255 255
198.015 0 162.342 255 0 0
188.664 0 151.856 255 0 0
177.571 0 168.665 0 255 0
190.124 0 184.6 0 0 255
163.728 0 172.694 255 0 0
309.316 555 524.113 255 255 0
149.323 0 183.296 255 0 0
155.885 0 192.728 255 0 0
170.841 0 174.415 255 0 0
144.216 0 178.464 255 255 0
170.013 0 169.589 255 0 0
155.141 0 159.042 255 0 255
173.023 0 147.67 255 0 0
161.601 0 167.251 0 255 255
194.515 0 155.443 0 0 255
189.838 -2.77556e-17 183.663 0 255 255
171.372 0 178.711 0 255 255
183.207 0 171.06 255 0 255
199.938 0 168.815 255 255 0
174.488 0 183.785 255 255 0
147.707 0 197.555 255 255 0
166.46 0 165.934 255 0 255
195.713 0 173.497 0 255 255
189.663 0 172.476 255 0 0
159.871 0 176.444 255 0 255
368.434 167.135 267.285 255 255 255
200.85 0 182.248 255 0 0
150.395 0 202.268 255 0 0
0 152.187 32.2587 255 255 255
173.374 0 196.364 255 0 0
189.341 0 168.913 255 0 0
171.986 0 157.634 255 0 0
177.557 0 181.69 255 0 255
165.984 -4.44089e-16 180.842 255 0 0
0 142.82 382.921 255 255 255
197.293 0 181.993 255 0 0
178.448 0 164.88 0 255 0
185.479 0 194.725 0 0 255
152.488 0 157.914 255 0 0
193.136 0 186.894 0 255 255
177.804 0 181.884 255 0 0
183.107 -2.22045e-16 170.387 0 0 255
172.263 0 172.099 255 0 0
160.968 0 177.05 255 0 0
200.32 0 177.21 255 0 0
172.073 0 149.445 0 255 0
209.474 0 159.46 255 255 0
161.393 0 171.989 255 0 0
172.691 0 180.301 255 0 255
170.543 0 158.77 255 0 0
163.93 0 185.181 255 255 0
181.509 0 198.85 255 0 0
80.9333 0 3.41753 255 255 255
0 16.0711 114.506 0 255 0
196.449 0 188.405 255 0 255
149.066 0 160.482 255 0 0
169.573 0 188.021 0 255 255
191.27 0 178.244 0 255 255
172.606 0 159.991 255 0 0
179.274 0 166.723 255 0 0
151.55 4.44089e-16 158.785 255 0 0
164.879 0 204.556 255 0 0
166.892 0 180.955 0 255 0
201.841 0 176.129 255 0 0
200.36 0 149.996 0 0 255
155.136 0 173.409 0 255 0
185.292 0 170.721 255 0 0
293.216 172.303 555 255 255 255
164.597 0 188.571 255 0 255
181.209 0 168.95 255 0 255
168.583 0 188.21 255 0 0
181.227 0 172.64 255 0 0
183.656 0 172.134 255 255 0
173.559 0 174.815 0 0 255
180.353 0 156.289 255 0 0
206.803 4.44089e-16 171.926 255 255 0
192.976 0 167.196 255 0 0
0 135.461 161.826 255 255 255
210.839 0 187.702 0 255 255
159.727 0 157.426 255 255 0
166.325 0 189.512 0 255 0
157.658 0 159.279 255 0 0
199.04 0 156.344 255 0 0
160.535 0 168.961 255 0 0
160.866 0 156.638 0 0 255
188.66 0 150.302 255 0 255
162.159 0 188.786 255 0 255
176.648 0 157.822 255 0 0
177.741 0 157.964 0 255 0
157.327 0 191.655 0 255 255
0 12.2645 302.277 255 255 255
148.057 0 185.8 255 255 0
47.5765 0 285.501 255 255 255
168.831 0 162.83 255 0 0
143.163 0 167.216 255 0 255
248.319 0 281.567 255 255 255
185.24 0 159.36 0 255 255
150.269 0 183.139 255 0 0
189.35 0 157.738 255 0 0
191.965 0 154.938 0 0 255
177.404 -1.11022e-16 192.213 255 0 0
154.319 0 196.318 255 0 255
166.631 0 171.618 255 0 0
154.902 0 179.679 255 0 0
287.321 247.81 555 255 255 255
167.314 0 160.825 255 0 0
166.114 0 163.196 255 255 0
0 190.406 303.979 255 255 255
169.402 0 167.115 255 0 0
147.917 0 169.326 255 0 0
169.972 0 192.532 255 0 0
281.919 555 459.72 255 0 255
174.949 0 177.948 0 255 255
152.284 0 18.545 255 255 255
154.263 0 180.841 255 0 0
177.855 0 184.293 0 255 255
122.626 0 207.799 0 255 0
147.873 0 176.293 255 0 0
170.467 0 161.525 0 255 255
172.229 0 158.942 255 255 0
191.315 0 183.264 255 255 0
179.945 0 172.219 255 0 0
160.126 0 155.601 255 255 0
169.992 0 165.611 0 0 255
184.115 0 149.948 255 255 0
37.8638 555 462.717 255 255 0
161.076 0 159.467 0 255 255
174.771 0 168.072 255 0 0
181.174 105.587 555 255 255 255
201.58 518.495 555 255 0 0
555 309.007 223.575 255 255 255
198.69 0 193.457 255 255 0
177.87 0 176.277 255 0 0
177.6 0 148.988 255 0 0
187.655 0 166.822 255 0 0
194.283 0 191.102 255 255 0
162.955 0 181.583 255 0 255
184.333 0 6.96545 255 255 255
189.477 0 175.477 255 0 0
157.793 0 192.859 255 0 0
166.849 0 197.753 0 255 255
155.236 0 182.383 255 0 0
208.362 0 185.611 255 0 0
151.573 0 172.925 255 0 0
181.785 0 184.548 255 255 0
148.158 0 172.793 255 0 0
173.029 -4.44089e-16 161.195 255 0 0
167.206 0 151.432 0 255 255
187.413 0 192.759 255 255 0
179.65 0 172.31 255 0 0
177.089 0 184.52 255 0 0
159.107 0 182.467 255 255 0
199.505 0 199.164 255 0 255
155.835 0 179.522 255 0 0
181.498 0 182.454 255 0 255
458.149 555 213.741 255 255 255
159.197 0 191.532 0 255 255
175.722 0 184.845 255 0 0
165.998 0 177.813 255 0 0
189.617 0 155.584 255 0 0
178.697 0 194.079 255 0 0
161.283 0 161.901 255 0 0
188.689 0 163.996 0 255 255
159.661 0 197.581 255 255 0
154.777 0 154.395 255 0 0
180.133 0 195.006 255 0 0
181.887 0 169.422 255 0 255
154.201 0 175.207 255 0 0
188.665 0 160.492 255 0 0
180.699 0 185.347 255 0 0
175.181 0 164.521 255 0 255
147.721 0 177.328 255 0 0
176.898 0 154.667 255 0 0
151.055 0 185.893 255 255 0
183.614 0 185.362 255 0 0
422.454 75.1112 252.81 255 255 255
164.283 0 178.829 255 0 0
171.183 0 170.231 255 0 0
161.539 0 199.041 255 0 0
190.801 0 184.951 0 255 0
0 4.1711 178.347 255 0 255
161.791 0 153.873 255 255 0
202.837 0 172.076 255 0 0
153.12 0 175.663 0 255 0
0 202.477 224.243 255 255 255
202.455 4.44089e-16 165.833 255 0 0
289.459 0 117.828 255 255 255
187.638 0 167.057 255 0 0
144.104 0 182.36 255 0 0
184.346 0 194.101 255 0 0
166.199 0 182.914 0 255 0
168.17 0 155.668 255 0 0
298.541 0 103.197 255 255 255
293.03 323.969 399.611 255 0 0
186.677 0 165.864 0 255 0
170.819 0 166.023 255 0 0
195.004 0 179.556 255 0 0
183.997 0 201.958 255 0 0
194.158 0 169.797 255 0 0
174.495 0 183.996 255 0 0
164.252 0 184.158 255 0 0
164.976 0 182.26 255 0 0
158.383 0 183.884 255 0 0
195.219 0 173.088 255 0 0
162.47 0 150.702 255 0 0
74.3431 555 181.164 255 255 255
194.513 0 128.848 255 255 0
177.152 0 201.64 255 0 0
136.089 0 168.708 0 255 255
0 47.6323 167.927 255 255 255
171.212 0 181.18 255 0 255
185.653 0 149.51 255 0 0
167.609 0 188.676 255 0 0
208.635 0 181.336 255 255 0
175.478 0 168.282 255 0 0
179.989 0 189.609 255 255 0
441.406 555 312.158 255 255 0
391.842 222.817 261.013 255 255 255
169.389 0 189.312 255 0 0
165.49 -4.44089e-16 191.345 255 255 0
165.148 0 162.812 0 255 0
0 259.644 379.577 255 255 255
169.123 0 197.863 255 0 0
276.377 555 132.947 0 255 0
192.056 0 178.097 255 255 0
180.921 0 172.769 255 0 0
176.268 0 172.048 255 255 0
162.874 0 151.541 255 0 0
145.157 0 186.088 255 255 0
166.457 4.44089e-16 193.838 255 0 0
176.35 0 193.137 255 0 0
153.228 0 188.333 255 0 255
145.723 0 167.817 255 0 0
180.635 8.88178e-16 159.065 255 0 0
187.659 0 198.854 255 0 255
187.387 8.88178e-16 155.268 0 255 0
190.762 0 164.723 255 0 0
195.905 0 161.045 255 0 0
307.052 0 77.7746 255 255 255
120.467 555 354.009 255 255 255
186.219 0 175.541 255 0 0
171.885 0 151.614 255 0 0
151.684 0 186.272 255 0 0
162.474 0 190.516 255 255 0
190.289 0 192.141 255 0 255
188.235 0 199.281 0 255 255
184.098 0 156.827 255 0 0
147.463 0 163.584 255 0 0
179.404 0 177.853 255 0 0
187.483 0 162.819 0 255 0
185.96 0 191.243 255 0 0
158.418 0 166.705 0 255 255
277.724 307.242 342.488 255 0 0
174.61 0 160.673 255 255 0
194.82 0 171.899 255 0 0
176.546 0 183.77 255 0 0
175.719 0 168.985 255 255 0
168.041 -4.44089e-16 171.819 255 0 255
191.046 0 198.106 0 255 0
54.2445 555 318.684 0 0 255
188.686 0 198.075 0 255 0
185.175 0 185.141 255 0 0
154.872 0 179.49 255 0 0
174.217 0 157.449 255 0 0
159.873 0 157.535 255 0 0
161.687 -8.88178e-16 190.195 255 0 0
189.907 0 157.456 255 0 0
181.76 0 169.824 0 255 0
201.219 0 198.373 0 255 255
195.33 0 153.926 255 0 255
166.823 0 155.104 0 255 0
201.241 0 182.94 255 0 0
180.322 0 166.549 255 0 255
195.759 0 188.501 255 0 0
160.515 0 165.737 255 0 0
190.309 0 185.657 0 255 255
0 157.124 186.703 255 255 255
151.705 0 149.478 255 0 0
171.081 0 180.503 255 0 0
175.683 0 180.877 255 0 255
198.724 0 156.94 255 0 0
186.818 0 187.898 0 255 255
156.447 0 159.163 255 0 0
153.011 -1.77636e-15 164.794 0 255 0
171.717 0 195.708 255 0 255
161.138 0 157.491 0 255 0
192.39 0 165.434 255 255 0
153.087 0 170.825 255 0 0
169.96 0 159.218 255 0 0
180.554 0 187.347 255 255 0
168.152 0 147.798 0 255 0
186.349 0 166.81 255 0 0
179.319 -1.11022e-16 181.352 0 255 0
301.705 0 58.4201 255 255 255
172.411 0 170.595 255 0 0
290.233 555 420.131 255 0 0
256.199 0 280.823 255 255 255
170.231 0 155.546 0 255 0
159.099 0 182.46 0 255 0
159.722 0 176.431 255 0 0
160.148 0 165.513 255 0 0
189.51 0 161.839 255 0 0
201.94 0 195.59 255 0 0
194.875 4.44089e-16 166.832 0 255 255
183.357 0 177.039 0 0 255
166.432 0 147.68 255 0 0
182.53 0 164.987 255 255 0
158.218 -8.88178e-16 183.444 255 0 0
156.886 0 185.255 255 0 0
183.563 0 153.152 255 0 0
160.386 0 194.6 255 0 255
177.894 0 168.623 255 0 0
171.263 0 148.021 255 0 0
158.547 0 176.485 255 255 0
184.781 0 177.246 255 0 0
166.102 0 177.361 255 0 0
162.574 0 184.291 0 255 255
168.748 0 172.818 255 0 0
180.214 0 160.87 255 0 0
169.867 0 187.163 255 0 255
154.788 0 159.979 255 0 0
183.16 0 198.54 255 0 255
175.072 0 172.78 255 255 0
194.134 0 175.784 255 255 0
183.073 0 170.998 255 255 0
189.033 0 173.337 255 0 0
148.687 0 168.593 255 0 0
160.463 0 174.109 255 0 0
184.543 0 189.875 255 0 255
234.904 555 108.028 0 255 0
170.398 0 154.686 255 0 0
154.205 0 190.263 0 255 255
165.963 0 160.311 255 0 0
163.438 0 184.801 255 0 0
194.754 0 195.98 255 0 0
173.115 0 203.924 255 0 0
161.854 0 192.958 255 0 0
160.651 0 326.434 255 255 255
163.066 0 159.882 255 0 0
509.426 555 319.983 255 255 0
163.688 555 39.9294 255 0 0
158.097 0 183.157 255 0 0
191.365 0 175.283 255 0 0
146.575 0 174.867 255 0 0
154.8 0 149.901 255 0 0
171.474 0 182.441 255 0 0
148.139 0 178.604 255 0 0
181.481 0 180.333 255 0 0
155.188 0 175.226 255 0 0
182.579 0 153.755 0 255 255
175.103 -4.44089e-16 172.468 0 255 255
164.235 0 152.241 255 0 0
188.576 0 191.716 0 255 0
187.354 1.11022e-16 176.782 255 0 0
162.172 0 174.04 255 0 255
146.086 0 181.397 255 0 0
175.4 0 192.448 255 0 0
167.948 0 169.203 0 0 255
191.441 0 163.301 255 0 255
1.42109e-14 51.1028 232.634 255 255 255
179.702 2.22045e-16 173.258 0 255 255
149.455 0 185.893 255 0 0
158.738 -8.88178e-16 169.154 255 0 0
165.495 0 178.088 255 255 0
174.562 0 176.117 255 0 0
192.938 0 188.338 255 0 0
173.169 0 176.468 0 255 255
177.185 0 187.836 255 255 0
190.691 0 169.326 255 0 0
161.016 0 198.586 0 255 255
179.044 0 182.325 255 255 0
178.205 0 189.368 255 0 255
155.559 0 162.355 255 255 0
165.256 0 146.159 255 0 255
156.579 0 183.323 255 255 0
201.591 0 147.465 255 255 0
208.524 0 180.321 255 0 0
181.713 0 182.567 255 0 0
132.112 1.42109e-14 355.344 255 255 255
191.837 0 164.367 255 0 0
156.952 0 202.043 255 255 0
177.935 0 182.304 255 0 255
144.009 0 170.761 255 0 0
178.803 0 203.124 255 0 0
175.345 0 166.153 255 255 0
165.788 0 190.975 0 255 255
179.788 0 191.054 255 0 0
173.105 0 160.331 255 0 0
162.898 0 163.641 255 0 0
162.546 0 185.75 255 255 0
168.342 0 184.997 255 0 0
173.666 0 156.186 255 0 255
200.309 0 187.553 0 255 255
191.322 0 173.194 0 255 0
166.719 0 165.125 255 0 0
165.58 0 185.95 255 0 0
149.359 0 181.166 255 0 0
161.79 0 179.927 255 0 0
159.002 0 187.376 255 0 0
301.652 113.177 555 255 255 255
198.383 0 189.5 255 0 0
164.28 0 182.164 255 255 0
182.978 0 151.089 255 0 0
175.943 0 181.919 255 0 255
160.84 0 169.963 255 255 0
185.751 0 177.126 255 0 255
147.482 0 174.692 255 0 0
160.015 0 155.298 255 255 0
191.41 0 180.787 255 0 255
75.7208 555 293.998 255 0 255
171.758 0 157.731 255 0 0
175.433 0 184.584 0 255 0
166.536 0 160.579 255 0 0
323.23 0 215.001 255 255 255
183.122 0 182.241 255 0 0
0 160.595 87.6791 255 255 255
167.742 0 160.911 0 255 0
47.685 555 324.648 255 0 0
193.749 0 188.562 255 0 0
191.306 0 173.04 255 0 0
172.376 0 156.444 255 0 0
176.5 0 152.697 255 0 0
206.267 0 176.87 255 0 0
197.56 0 186.092 255 0 0
134.298 0 137.06 0 255 0
270.256 555 438.947 255 255 0
295.323 555 463.653 255 255 255
179.027 0 179.545 255 0 0
190.573 0 197.583 255 0 0
150.026 0 175.783 255 255 0
177.934 0 179.745 255 0 0
176.007 0 172.842 255 0 255
146.76 0 193.174 255 0 0
187.512 2.22045e-16 170.704 255 0 0
148.722 0 186.949 255 255 0
155.822 0 177.483 255 255 0
196.466 0 159.465 0 255 255
204.434 0 353.403 255 255 255
182.577 0 167.371 255 0 0
198.22 0 163.457 0 255 255
155.623 0 166.645 0 255 0
194.216 0 154.4 0 255 0
186.309 0 171.057 255 0 0
213.428 11.0061 555 255 0 0
160.644 0 193.517 255 0 0
184.902 0 191.955 255 255 0
161.149 0 173.919 255 0 0
198.129 0 149.953 0 255 255
196.387 0 194.364 255 0 255
191.474 0 150.302 255 255 0
160.495 0 171.768 0 255 255
191.409 0 182.003 255 0 0
164.198 0 183.165 255 0 255
184.714 0 188.985 255 255 0
182.352 0 176.727 255 0 0
281.515 555 11.0384 255 0 0
0 261.649 333.088 255 255 255
150.228 0 157.497 255 0 0
195.529 0 186.662 0 255 0
275.661 -1.42109e-14 11.1729 255 255 255
172.512 0 190.73 255 0 0
180.257 0 182.174 0 0 255
182.998 0 168.326 0 255 0
174.872 0 181.885 255 0 255
0 42.8114 206.565 255 0 255
0 312.957 429.476 255 255 255
146.124 0 182.459 0 255 0
174.551 0 159.414 255 0 0
184.527 5.55112e-17 182.948 255 0 0
182.213 0 162.988 0 255 255
311.417 82.6013 282.563 255 255 255
188.412 0 192.745 255 0 255
165.357 0 151.309 255 255 0
120.013 0 169.647 255 255 0
34.2986 1.42109e-14 171.813 255 255 255
158.029 0 170.943 255 0 255
186.908 0 181.401 255 0 255
184.546 0 195.4 255 0 0
159.737 0 171.409 255 0 255
146.938 1.77636e-15 158.638 255 0 0
158.692 0 178.677 0 255 255
186.131 0 151.357 0 255 0
172.687 0 191.312 0 255 255
165.775 0 186.946 0 255 255
170.26 0 158.101 0 255 255
180.394 0 178.972 0 0 255
188.565 0 158.745 255 0 0
180.141 0 165.399 255 0 0
201.966 0 195.96 255 0 255
191.031 0 124.587 255 255 0
161.315 0 158.126 255 0 0
167.249 0 192.435 255 0 0
186.51 0 156.057 255 255 0
173.897 0 172.301 255 0 255
178.058 4.44089e-16 169.862 255 0 255
296.995 301.894 286.427 0 255 0
187.483 -5.55112e-17 178.899 255 255 0
153.557 0 177.541 0 255 0
555 541.701 148.319 255 0 0
154.812 0 185.919 255 0 0
176.605 0 186.051 0 255 255
170.967 0 162.784 255 0 0
203.505 0 174.696 255 0 0
172.423 0 196.76 0 255 0
507.561 555 199.146 255 0 255
167.182 0 188.934 255 0 0
179.74 0 186.265 255 0 0
193.649 0 175.459 0 255 255
189.413 0 162.442 0 255 255
144.9 555 214.278 255 0 0
169.574 0 188.747 255 0 0
153.557 0 178.021 0 255 0
193.514 0 162.259 255 0 0
148.859 0 161.458 255 0 0
203.186 555 535.364 255 0 0
152.621 0 164.582 0 255 0
183.678 5.55112e-17 183.698 0 255 255
169.983 0 164.773 255 0 0
163.715 0 177.71 255 0 0
178.654 0 156.461 255 0 0
193.943 0 399.806 255 255 255
184.758 -2.77556e-17 193.932 0 255 255
158.388 0 168.605 255 255 0
192.822 0 174.367 255 0 0
150.728 0 183.823 255 0 0
156.948 0 168.477 255 0 0
182.312 0 165.675 255 0 255
190.055 0 162.522 0 255 255
152.391 0 175.791 255 0 0
160.63 0 167.822 255 0 255
185.115 0 183.635 255 0 0
148.543 0 159.353 255 0 0
184.46 0 161.699 255 255 0
166.724 0 162.159 0 255 0
188.761 -2.22045e-16 170.999 255 0 0
180.041 0 183.642 255 0 255
0 188.483 357.407 255 255 255
153.791 0 164.51 255 0 0
173.389 2.22045e-16 192.477 255 0 255
190.997 0 183.599 255 0 0
193.513 0 183.908 255 255 0
171.993 0 187.961 0 255 255
176.546 0 177.569 0 255 255
177.5 0 185.382 255 0 255
0 79.0953 454.391 255 255 255
61.2699 0 112.805 255 255 255
175.87 0 200.562 255 0 0
146.153 0 175.768 255 0 255
154.129 0 157.132 255 255 0
148.352 0 174.169 255 0 0
197.695 0 182.002 255 0 0
0 5.3322 510.818 255 255 255
170.385 0 179.713 255 0 0
150.395 0 192.801 255 255 0
176.62 0 194.048 255 0 0
190.252 0 151.584 255 255 0
191.475 0 172.263 255 0 0
198.699 0 184.991 255 0 0
177.761 0 167.372 255 255 0
184.841 0 155.797 255 255 0
156.702 0 158.697 255 255 0
203.563 0 172.858 0 0 255
143.939 0 189.406 255 0 0
153.797 0 159.367 255 255 0
156.109 0 172.29 255 255 0
196.732 0 156.371 255 0 255
193.525 0 188.216 255 255 0
203.389 0 188.677 255 255 0
106.788 555 182.411 255 0 0
159.775 0 176.753 0 255 0
196.763 0 175.488 255 0 0
75.929 0 485.603 255 255 255
262.031 0 406.729 255 255 255
98.9131 0 47.0861 255 255 255
195.863 0 154.979 255 0 0
181.106 0 169.404 255 0 255
159.818 0 164.063 0 255 255
183.088 0 177.522 255 0 0
154.156 0 186.225 0 255 255
181.055 0 190.075 255 0 255
183.092 0 169.14 255 255 0
196.674 -2.22045e-16 177.052 0 255 255
149.245 0 182.532 255 0 0
196.314 0 182.88 255 0 0
185.491 0 181.977 255 0 0
176.773 0 170.814 255 0 0
189.727 0 154.53 255 0 0
191.778 0 170.584 255 255 0
187.287 0 184.417 255 0 0
162.784 0 170.051 255 0 255
190.691 0 149.122 255 0 0
144.55 0 187.038 255 255 0
555 178.237 188.286 255 255 255
156.298 0 155.448 255 0 255
193.348 0 175.287 255 0 0
252.627 0 153.244 0 255 255
0 153.475 328.706 255 255 255
154.627 0 196.4 255 255 0
175.134 0 167.548 255 255 0
143.257 0 161.514 255 255 0
188.313 -6.93889e-18 192.653 0 255 255
165.222 0 192.635 0 255 0
186.527 0 176.412 0 0 255
153.914 0 152.894 255 0 0
147.987 0 171.273 255 0 0
187.116 0 169.207 255 0 0
160.031 0 157.722 255 0 0
174.568 0 174.323 255 0 0
185.236 0 157.643 255 255 0
153.102 0 155.902 255 0 0
190.178 0 180.638 0 255 0
196.991 0 194.865 255 0 0
275.282 0 182.395 255 0 0
160.181 0 179.466 0 255 0
193.521 -4.44089e-16 170.495 255 0 0
178.464 0 186.222 255 0 0
170.245 0 180.395 255 0 0
172.359 0 192.599 255 0 0
0 141.081 170.896 255 255 255
192.908 0 167.681 255 255 0
163.014 0 198.176 255 0 0
175.794 0 186.753 255 255 0
172.672 0 159.356 255 0 255
157.823 0 177.183 0 255 0
182.55 8.88178e-16 157.873 255 0 0
201.675 0 176.997 255 0 255
195.172 0 155.275 255 0 255
149.334 0 182.288 255 0 0
271.2 0 277.11 255 255 255
199.89 -1.42109e-14 435.815 255 255 255
149.188 0 189.723 255 0 0
184.513 0 173.177 0 255 255
189.802 0 188.891 0 255 0
142.688 8.88178e-16 119.246 255 0 0
149.212 0 161.394 255 0 0
0 182.858 111.598 255 255 255
193.096 0 200.34 255 0 0
176.711 0 178.601 255 0 0
166.738 0 149.46 255 0 255
175.366 0 183.51 255 0 255
184.136 0 190.548 255 0 0
273.098 48.0609 325.222 255 255 255
163.274 0 160.114 0 255 255
225.236 555 457.135 0 255 255
175.811 0 187.559 0 255 255
162.873 0 194.844 255 255 0
185.606 0 155.034 0 255 0
202.632 0 373.373 255 255 255
181.764 0 176.573 255 0 0
202.851 0 147.195 255 0 0
156.981 4.44089e-16 177.237 255 255 0
183.781 0 155.045 255 0 0
210.833 0 333.873 255 255 255
164.491 0 170.746 0 255 255
177.078 0 165.465 255 0 0
160.072 -8.88178e-16 171.873 255 255 0
190.002 0 157.921 255 255 0
171.606 0 176.898 255 0 255
188.479 0 154.425 255 0 255
179.741 -4.44089e-16 169.99 0 255 0
177.723 0 192.475 255 0 0
161.712 8.88178e-16 183.151 255 0 0
178.327 0 152.991 255 0 0
188.144 0 164.202 255 0 0
126.607 0 208.104 255 0 0
173.14 0 171.694 255 0 0
170.132 0 191.655 255 0 0
177.43 0 150.144 255 0 0
292.696 0 273.943 255 255 255
150.939 0 193.402 0 255 0
185.941 0 185.023 255 0 255
288.718 181.668 288.645 0 255 255
196.795 0 197.447 255 0 0
174.448 0 187.341 255 0 0
174.87 0 175.021 0 255 0
196.175 1.11022e-16 179.409 255 0 0
164.15 0 174.062 255 255 0
216.223 57.4801 555 255 255 255
305.831 555 421.02 0 255 255
175.777 0 176.757 255 0 0
200.294 0 174.499 255 0 0
286.282 132.535 289.297 255 255 255
178.168 0 497.303 255 255 255
159.855 0 178.74 255 0 0
142.832 0 170.921 255 0 0
193.27 4.44089e-16 167.552 255 0 0
350.455 113.13 272.103 255 255 255
155.638 0 168.094 255 0 0
159.404 0 158.867 255 255 0
3.75324 362.735 555 255 255 255
176.508 0 174.366 255 0 0
194.626 0 164.026 255 0 0
357.223 246.495 270.289 255 255 255
180.39 0 187.987 255 0 0
195.196 0 178.557 255 0 0
166.41 0 155.044 255 0 0
182.964 0 165.222 255 0 0
158.029 0 160.919 255 255 0
207.817 0 185.607 255 255 0
153.915 0 156.793 255 0 0
32.9425 555 476.287 255 255 255
164.361 0 171.494 0 255 255
148.339 0 159.209 255 0 0
176.675 -1.11022e-16 186.416 255 0 0
168.366 0 169.713 0 255 0
178.359 0 179.744 255 0 0
194.577 0 183.987 255 0 0
148.865 0 176.06 255 0 0
233.179 0 304.285 255 255 255
202.217 0 147.294 255 255 0
184.609 0 172.869 255 0 0
197.658 0 186.745 255 0 0
154.141 0 203.473 255 0 0
192.703 0 177.753 0 255 0
185.049 0 154.788 255 0 0
129.91 555 146.014 255 0 0
185.284 0 160.964 0 255 255
182.176 0 157.341 255 0 0
298.852 0 269.979 255 0 0
178.009 0 153.116 255 0 255
314.172 234.335 281.824 0 255 255
154.684 0 164.939 255 0 255
151.055 0 172.503 255 0 255
195.594 2.22045e-16 205.433 255 0 0
162.582 0 177.01 255 0 255
163.317 0 166.479 0 255 255
163.03 0 182.803 255 0 0
269.359 555 387.588 255 0 0
165.907 0 155.187 255 255 0
182.344 0 189.06 0 255 255
189.393 0 178.061 255 0 255
174.108 0 184.726 255 0 255
179.681 -1.11022e-16 189.942 255 255 0
0 17.6007 157.919 255 0 0
169.722 0 187.56 255 0 0
164.584 0 187.612 255 0 0
161.262 0 176.366 255 0 0
162.254 0 162.245 255 0 0
190.643 0 173.78 0 255 255
158.215 0 184.342 0 255 0
176.041 0 198.611 255 0 0
157.863 0 147.154 255 0 0
170.462 0 158.94 0 255 255
177.78 0 171.9 255 0 0
167.926 0 192.826 255 0 0
193.049 0 205.272 0 255 0
149.221 0 177.171 255 0 255
200.604 0 175.878 255 0 0
182.789 0 197.828 255 0 255
177.581 0 199.875 255 0 0
164.948 0 199.772 0 255 255
189.69 0 160.144 255 0 0
178.758 0 162.971 255 255 0
170.494 0 172.258 255 0 0
176.927 0 164.804 255 0 0
374.791 62.7077 265.582 255 255 255
157.606 0 172.641 255 0 255
149.712 0 164.925 255 0 0
194.713 0 167.305 0 255 255
155.72 0 186.713 255 0 0
190.465 0 196.908 255 0 0
172.906 0 159.702 255 0 0
186.606 0 149.471 255 0 0
44.491 0 390.967 255 255 255
163.607 0 164.417 255 255 0
171.305 -4.44089e-16 168.855 255 0 0
155.794 0 171.087 255 255 0
179.55 0 158.876 255 255 0
164.725 0 150.021 255 0 0
243.072 0 82.7333 255 255 255
161.101 0 151.664 255 0 0
186.42 0 189.35 0 255 255
340.905 255.043 274.661 0 255 255
169.459 0 193.868 255 255 0
170.42 0 196.078 255 0 255
175.042 0 161.034 255 0 0
445.143 555 218.889 255 0 0
181.781 0 171.203 255 0 0
355.75 94.0752 270.684 255 255 255
171.853 0 202.277 255 0 0
171.802 -4.44089e-16 205.495 255 0 0
166.453 0 165.763 255 0 255
178.307 0 162.144 0 255 0
153.204 0 160.84 255 0 255
274.544 0 255.967 255 255 255
180.163 0 156.6 255 0 255
172.709 0 196.218 255 0 255
182.328 0 166.321 255 0 0
281.644 555 514.973 255 255 255
181.927 0 154.097 255 0 0
0 29.0747 106.942 0 255 0
152.993 0 168.091 255 255 0
173.116 0 157.916 255 0 255
37.8818 0 91.0034 255 255 255
152.478 0 181.705 0 255 0
188.987 0 185.799 255 0 0
189.732 0 164.545 255 0 255
165.42 0 171.471 0 0 255
151.023 0 161.816 255 0 0
159.862 0 158.267 0 255 0
166.024 0 203.827 0 255 255
161.598 0 154.425 0 255 255
163.323 0 180.319 255 0 0
161.75 0 165.847 255 0 0
184.606 0 180.418 255 0 0
194.939 0 177 255 0 0
154.972 0 189.487 255 255 0
152.146 0 184.459 255 0 0
182.463 0 172.434 255 0 0
182.013 0 200.095 255 0 0
152.447 0 163.837 255 0 255
201.181 0 185.166 255 0 0
162.73 0 165.493 255 0 0
185.65 0 172.731 255 0 255
199.16 0 174.536 255 255 0
200.267 0 191.694 0 255 255
160.441 0 181.335 0 255 0
176.017 0 166.701 0 255 255
170.067 0 167.77 255 0 0
176.34 0 183.226 255 255 0
164.414 0 169.896 255 255 0
152.719 0 187.06 0 255 255
175.737 0 182.086 0 0 255
156.454 0 187.367 255 0 0
155.81 0 188.838 255 0 255
162.919 0 164.88 255 0 0
170.121 0 322.207 255 255 255
189.596 0 154.778 0 0 255
366.882 138.37 267.701 255 255 255
151.478 0 183.961 255 0 0
186.187 0 168.701 255 0 0
173.994 0 174.05 255 0 0
143.918 0 157.416 0 255 255
149.112 0 160.077 255 255 0
187.957 0 186.079 255 0 0
179.969 0 153.864 0 255 0
186.482 -2.22045e-16 170.775 255 0 0
156.762 0 160.001 255 255 0
150.214 8.88178e-16 196.239 255 0 0
158.937 0 181.02 255 255 0
151.337 -4.44089e-16 174.152 0 255 255
171.498 0 156.096 255 0 0
180.951 0 153.925 255 0 255
170.393 0 193.753 255 0 0
187.804 0 168.871 255 0 0
189.688 0 173.637 255 0 255
165.121 0 179.702 255 255 0
167.934 0 168.981 255 0 255
151.52 0 176.7 255 0 0
204.874 0 170.541 0 255 255
187.83 0 156.558 0 255 0
187.432 0 153.621 255 0 255
267.555 129.888 294.315 255 255 255
157.256 0 156.902 255 0 0
151.193 0 183.328 0 255 0
166.397 0 196.388 0 255 0
282.053 0 155.921 255 255 255
128.853 0 152.601 255 0 255
177.263 0 198.369 255 0 0
197.381 0 161.76 255 255 0
202.84 0 178.54 255 0 0
197.659 0 162.867 255 0 0
173.046 0 174.995 255 0 0
176.716 0 162.022 255 0 0
0 7.70859 88.1619 255 0 255
158.447 0 153.714 255 0 0
188.474 0 172.894 255 0 0
164.724 0 159.568 0 255 255
174.826 0 172.479 0 255 255
164.984 0 192.114 255 0 0
195.203 0 178.054 255 0 0
188.689 0 191.484 255 0 0
182.874 0 158.504 255 255 0
163.269 0 188.069 255 255 0
190.833 0 168.827 255 0 0
155.91 0 179.543 0 255 255
185.207 0 176.549 255 0 0
128.209 0 237.735 255 0 0
147.765 0 161.351 255 0 0
0 23.4009 104.994 255 255 0
188.409 0 171.651 255 0 0
0 70.4424 221.819 255 255 255
161.539 0 178.62 0 255 255
161.134 0 184.755 255 0 0
181.077 0 177.595 255 0 0
169.099 0 182.013 255 255 0
123.393 0 174.404 255 255 0
173.163 0 185.04 255 0 0
175.134 0 164.96 255 0 255
160.718 0 181.461 255 0 0
178.271 0 170.241 255 255 0
160.731 0 202.664 0 255 255
187.812 0 184.685 255 0 0
148.911 0 182.269 0 255 255
184.684 0 168.891 0 255 0
182.988 0 187.038 255 0 0
0 152.411 112.687 255 255 255
187.313 0 175.795 255 255 0
295.548 301.029 286.815 255 0 0
168.728 0 184.075 0 255 0
358.61 0 231.748 255 255 255
180.489 0 158.445 255 0 0
163.527 0 180.8 255 0 0
196.409 2.22045e-16 206.392 255 0 0
269.987 555 141.174 255 0 0
175.201 555 400.213 255 0 255
1.42109e-14 6.44326 123.831 255 255 255
192.365 0 169.615 255 0 0
179.699 0 159.064 255 0 0
172.838 0 186.975 255 0 0
176.379 0 181.618 255 0 0
0 12.9779 380.997 255 255 255
170.262 0 189.693 255 0 0
160.93 0 175.481 255 0 0
169.219 0 196.329 255 0 0
162.52 0 173.418 255 0 0
180.542 -1.11022e-16 183.681 255 0 0
191.358 0 192.857 0 255 0
151.712 0 166.564 0 255 0
184.265 0 184.45 0 255 0
0 14.1807 87.32 0 0 255
197.188 0 168.11 255 0 0
329.312 160.919 277.768 255 255 255
176.167 0 181.341 255 0 0
201.38 0 169.863 255 0 0
206.768 0 169.899 0 255 0
172.486 0 178.55 255 255 0
180.932 0 168.196 255 255 0
146.685 92.8825 555 255 255 255
159.383 0 148.711 255 0 0
190.191 0 181.172 255 0 0
163.518 0 191.22 0 255 0
177.099 0 172.492 255 0 0
0 126.076 102.129 255 255 255
169.507 0 204.566 255 0 0
172.562 0 183.217 255 0 0
173.192 0 155.232 0 255 255
196.101 0 185.883 255 0 0
173.02 0 151.587 255 0 255
231.941 555 168.861 255 0 0
190.521 0 198.414 255 0 0
192.64 -8.88178e-16 156.798 255 255 0
147.664 0 188.375 255 0 0
187.762 0 198.133 255 255 0
164.716 0 167.076 255 0 255
177.498 0 172.026 0 255 255
157.156 0 167.687 0 255 0
142.963 0 188.213 0 255 255
170.686 0 169.59 255 255 0
190.174 2.22045e-16 172.58 255 0 255
190.751 0 150.133 0 255 255
181.732 0 181.472 255 0 0
189.951 0 150.789 255 0 0
352.527 555 74.6298 0 255 0
314.212 1.42109e-14 99.3923 255 255 255
166.349 0 184.378 255 0 0
173.231 0 163.832 0 255 0
331.025 516.837 555 255 255 255
387.84 540.247 555 255 0 0
161.209 0 170.486 255 255 0
0 238.792 33.425 255 255 255
181.15 0 171.897 255 255 0
191.249 3.46945e-18 188.383 255 0 0
180.345 0 200.6 255 0 0
180.384 0 180.921 255 0 0
190.705 0 188.182 255 0 0
157.608 0 177.142 255 0 0
195.904 0 161.396 255 255 0
0 152.358 155.212 255 255 255
194.476 0 185.631 255 255 0
177.855 0 167.114 255 255 0
152.309 0 174.443 0 255 255
266.901 555 122.936 255 0 0
185.947 0 177.282 255 0 0
163.718 0 172.813 255 0 255
164.893 0 167.3 255 0 0
167.724 0 184.376 255 0 0
196.767 0 189.135 255 0 0
180.717 0 160.032 255 255 0
235.053 0 283.825 255 255 255
182.441 0 165.832 255 0 0
183.544 4.44089e-16 162.683 255 0 0
164.766 0 149.848 255 0 0
146.635 1.77636e-15 153.465 255 0 0
0 41.8918 287.521 255 255 255
204.087 0 162.303 255 0 0
168.014 0 172.187 255 0 0
195.571 0 182.798 0 255 0
181.296 0 152.048 255 255 0
169.186 0 161.373 255 0 255
191.38 0 147.718 255 0 0
178.498 0 167.41 0 255 255
170.911 0 176.282 255 0 0
166.691 0 183.483 255 0 0
0 256.334 272.533 255 255 255
148.403 0 165.973 255 255 0
420.525 314.973 253.327 255 255 255
184.053 -2.77556e-17 190.169 255 0 0
145.658 0 193.892 255 0 0
191.219 0 172.235 255 0 0
176.221 0 171.882 255 0 0
244.918 555 468.254 0 255 255
286.657 555 421.926 255 255 255
178.141 0 178.008 255 0 0
175.185 0 165.069 255 0 0
159.21 0 160.407 0 0 255
178.534 0 150.703 255 0 255
0 163.38 258.187 255 255 255
196.548 0 196.821 255 0 0
158.969 0 172.854 255 0 0
158.847 0 175.58 255 0 0
174.524 0 178.826 255 0 0
187.559 0 161.86 255 0 0
163.352 -1.77636e-15 148.84 0 255 255
147.766 1.77636e-15 179.277 255 0 0
176.051 0 193.652 255 0 255
6.78262 555 267.857 255 0 0
173.884 0 162.22 255 0 0
131.026 555 111.174 255 0 0
181.548 0 162.381 0 255 0
377.816 555 141.646 255 0 0
186.74 0 178.424 255 0 255
182.959 0 174.507 255 0 0
175.469 0 161.101 255 255 0
148.945 0 165.904 0 255 0
203.255 0 147.708 0 255 255
0 200.558 160.571 255 255 255
38.9846 0 327.355 255 255 255
179.246 0 157.886 0 255 0
158.828 0 186.92 255 0 0
163.127 0 192.813 255 0 255
188.552 0 167.195 255 0 0
188.43 -1.11022e-16 177.237 255 0 0
191.749 0 169.522 255 0 0
0 106.772 185.712 255 255 255
194.139 0 173.595 255 0 0
170.839 555 436.148 0 255 255
171.632 0 184.425 255 0 0
158.004 0 176.577 255 0 0
176.67 0 167.089 0 255 255
22.1976 0 534.56 255 255 255
177.801 0 189.694 0 255 0
207.456 0 173.275 255 255 0
154.767 0 162.934 0 0 255
166.471 0 170.675 255 0 0
167.873 0 194.71 255 0 0
160.531 0 330.154 255 255 255
184.435 0 180.03 255 0 0
188.29 0 180.956 255 0 255
165.593 0 185.576 255 0 0
204.055 0 191.318 255 0 0
198.471 0 160.875 255 0 0
186.907 0 154.704 255 0 0
195.065 0 203.394 255 255 0
178.845 0 164.634 0 255 255
199.368 0 170.459 0 255 0
0 137.734 465.408 255 255 255
166.026 -4.44089e-16 179.621 255 0 255
167.828 0 156.157 255 0 0
201.667 0 187.288 255 0 0
185.23 0 164.582 0 255 255
156.835 1.77636e-15 163.749 255 0 0
169.334 0 161.985 255 0 0
182.278 4.44089e-16 168.721 255 0 0
192.966 0 172.402 255 0 0
193.611 0 186.827 255 0 0
168.045 0 151.581 0 255 0
177.117 0 159.15 255 0 0
190.275 0 159.664 0 255 0
147.564 0 154.281 255 0 0
166.63 0 168.301 0 255 255
188.394 0 167.85 255 0 0
176.421 0 170.023 255 0 0
172.025 0 189.729 255 0 0
177.4 0 145.729 255 0 0
199.419 0 174.872 255 0 255
150.631 0 149.369 255 255 0
171.823 0 174.35 255 0 0
168.556 0 160.099 255 0 0
168.726 0 164.323 255 0 0
157.451 -8.88178e-16 170.765 255 0 0
157.464 0 156.628 255 0 0
176.569 0 146.784 0 255 0
181.866 0 171.282 0 255 255
197.936 0 193.635 255 0 0
177.854 1.11022e-16 187.305 255 0 255
179.532 0 150.483 0 255 255
167.275 0 175.909 255 0 0
171.661 0 174.475 255 0 255
182.321 0 182.616 255 0 255
180.451 0 161.201 255 0 0
160.03 0 162.797 0 255 0
153.54 0 177.655 0 255 0
151.351 0 165.544 255 0 255
185.637 0 180.195 255 0 0
197.433 0 186.998 255 0 255
150.992 0 186.965 255 0 0
164.96 0 185.422 255 0 0
155.641 0 174.278 255 0 0
166.84 0 164.177 0 255 255
183.622 -8.88178e-16 152.664 0 255 255
174.138 0 157.926 255 0 0
157.976 0 168.922 0 0 255
195.405 0 177.177 0 255 255
195.156 0 158.825 0 255 255
181.35 0 180.405 0 255 255
152.318 -8.88178e-16 186.215 255 0 0
180.169 0 185.622 255 0 0
21.2639 224.249 555 255 255 255
201.179 0 399.67 255 255 255
172.432 4.44089e-16 168.742 255 0 0
170.182 0 160.619 255 0 255
160.66 0 271.526 255 255 255
181.464 0 161.31 255 255 0
183.207 5.55112e-17 183.8 255 0 0
202.511 0 180.982 255 255 0
171.058 0 159.673 255 0 255
555 290.458 176.631 255 255 255
147.461 0 158.56 255 0 0
162.697 0 182.683 255 0 0
153.668 0 169.33 255 0 255
180.901 0 200.967 255 0 0
153.92 0 169.798 255 0 0
183.264 0 173.579 255 0 255
181.017 0 178.772 255 0 0
147.867 0 171.189 255 0 255
198.547 0 129.258 255 0 0
198.872 0 195.544 255 0 0
184.298 0 177.7 255 0 255
159.352 0 157.523 255 255 0
305.267 555 502.497 255 0 255
555 539.985 285.255 255 0 0
155.625 555 427.83 0 255 255
156.742 0 189.649 255 0 0
167.529 0 161.982 255 0 0
180.006 0 162.65 255 0 0
145.795 1.77636e-15 154.842 255 0 0
177.926 0 151.815 255 0 0
153.829 0 182.881 255 0 0
178.465 0 185.051 255 0 0
154.436 -1.77636e-15 150.739 0 255 0
203.672 0 165.133 255 0 0
209.37 0 187.316 255 0 0
206.18 0 178.962 255 0 0
195.451 0 146.074 0 255 255
177.719 0 156.833 255 0 0
155.945 0 178.051 255 0 255
354.179 183.844 271.105 255 255 255
163.127 0 167.801 255 0 0
155.874 0 161.365 255 0 0
266.512 119.121 300.644 255 255 255
176.557 0 159.816 255 0 0
159.348 0 155.877 255 255 0
186.558 0 154.626 255 0 255
197.767 5.55112e-17 188.938 255 0 0
158.872 0 172.611 255 0 0
173.146 0 114.277 255 0 0
161.625 0 163.445 255 0 0
206.508 0 193.62 0 255 0
180.797 0 160.388 0 255 0
368.174 555 126.44 255 0 0
196.962 0 151.383 0 255 255
158.999 0 179.469 255 0 0
172.806 0 172.391 255 0 0
171.46 0 165.368 255 255 0
197.531 0 149.318 255 0 0
152.866 0 174.811 255 0 0
154.772 0 196.081 255 0 0
196.878 0 201.788 255 0 0
206.579 0 203.661 255 0 0
156.264 0 196.749 0 255 0
162.326 0 188.581 0 255 255
188.712 0 202.653 255 0 0
169.601 0 199.98 0 255 255
168.15 0 184.879 255 0 0
198.155 0 177.357 255 0 255
161.988 0 155.297 255 0 0
148.023 0 180.486 255 0 0
202.207 0 204.148 0 255 255
152.06 0 163.007 255 0 0
182.848 0 172.844 255 0 0
151.322 0 154.26 0 0 255
174.739 0 177.021 255 0 0
157.559 0 173.125 0 255 255
81.7897 555 235.768 255 0 0
169.856 0 183.914 0 255 255
180.203 0 169.27 255 0 0
185.537 0 183.399 255 0 255
182.704 0 160.163 255 0 0
171.659 0 172.7 255 255 0
188.019 -2.22045e-16 172.971 0 255 255
284.986 343.272 555 255 255 255
199.327 0 177.915 255 0 0
155.61 0 187.306 0 255 0
172.37 0 172.96 255 0 0
194.35 0 174.303 255 0 255
152.057 0 155.119 255 0 0
174.551 0 163.217 255 0 0
192.218 0 194.487 255 0 0
150.385 0 152.08 255 0 0
159.88 0 194.731 0 255 255
167.378 0 178.375 255 0 0
189.052 0 182.597 255 0 255
150.467 0 151.486 255 0 0
162.691 0 187.672 0 255 255
199.027 0 174.243 255 0 0
280.077 19.3529 290.96 255 255 255
151.649 0 184.347 0 255 0
127.111 0 19.0179 255 255 255
166.225 0 151.62 255 0 0
159.367 0 186.885 255 0 0
185.387 0 202.33 255 0 0
327.412 0 222.859 255 255 255
166.864 0 179.106 255 0 0
173.337 0 165.336 0 255 0
181.265 0 157.146 255 255 0
159.383 0 200.955 255 0 0
163.253 555 148.348 0 255 255
191.861 0 189.663 255 0 255
202.36 0 162.957 255 0 0
167.685 4.44089e-16 201.27 255 0 0
170.826 0 182.525 255 0 0
173.867 0 172.883 255 0 0
184.484 0 191.418 255 0 0
156.227 0 157.585 255 0 255
428.127 555 156.624 255 255 255
163.914 0 184.325 0 255 255
-1.42109e-14 71.5005 231.895 255 255 255
189.974 0 148.268 255 0 255
195.722 5.55112e-17 182.649 255 255 0
0 114.405 41.6675 255 255 255
507.748 555 348.597 255 255 255
145.254 0 157.393 255 0 0
172.212 0 185.096 255 0 0
171.702 0 193.907 255 0 255
0 485.114 231.375 255 255 255
176.559 0 196.138 255 0 0
191.932 0 157.919 255 0 0
195.878 0 156.682 255 0 0
153.042 0 187.762 255 0 255
209.509 0 170.01 255 255 0
179.618 1.11022e-16 181.474 255 0 255
171.507 0 165.334 255 0 255
182.475 0 164.314 255 0 0
175.035 0 186.379 255 0 0
110.621 1.42109e-14 50.5568 255 255 255
158.467 0 183.648 255 255 0
119.641 0 180.065 0 255 255
190.869 0 271.788 255 255 255
158.511 0 166.877 255 255 0
180.167 0 176.63 255 0 0
152.191 0 155.109 255 0 0
30.5687 0 255.477 255 255 255
156.264 0 176.643 255 0 0
157.827 0 175.681 255 0 0
202.527 0 157.607 255 255 0
167.906 0 178.086 0 0 255
183.877 0 176.04 255 255 0
196.288 0 168.754 0 255 255
154.156 0 175.842 255 0 0
157.638 0 186.561 255 255 0
147.004 0 182.929 255 0 0
154.784 0 164.969 0 255 0
163.012 0 178.571 255 0 255
151.131 0 175.105 255 0 0
174.503 0 150.358 255 0 0
188.989 0 177.589 255 0 255
185.909 0 176.952 255 0 0
171.835 0 177.698 0 255 0
117.636 0 303.274 255 255 255
208.491 0 189.067 0 255 255
172.029 0 158.678 255 0 0
524.543 555 69.8131 255 255 255
178.558 0 174.853 0 255 255
181.356 0 157.14 255 0 0
300.293 555 466.599 255 255 255
191.833 0 184.636 255 0 0
163.634 0 174.478 255 0 255
162.74 0 196.165 255 255 0
167.254 0 157.97 0 255 0
150.377 0 189.268 0 0 255
164.99 -8.88178e-16 179.359 255 0 0
555 45.3857 35.7526 255 0 255
184.421 0 167.692 255 0 0
226.635 555 447.329 255 255 0
184.147 0 169.275 0 255 255
168.957 0 163.812 255 255 0
169.048 0 180.574 255 0 0
0 24.9781 94.7021 0 0 255
162.285 0 194.897 255 0 0
163.44 0 170.505 0 255 255
175.106 0 184.353 255 0 0
184.454 0 187.003 255 0 0
167.664 0 160.873 0 255 255
184.653 0 168.524 255 255 0
200.129 0 161.103 255 0 0
155.133 0 188.505 255 0 0
197.975 0 167.453 255 0 0
197.225 0 186.775 0 0 255
176.152 0 197.908 255 0 0
155.007 0 169.17 255 0 0
417.887 555 89.4109 255 0 0
157.189 0 163.548 255 0 0
153.017 0 179.654 255 0 0
171.152 0 187.063 0 255 255
481.314 555 359.317 255 255 255
180.087 0 181.499 255 0 0
191.808 0 172.05 255 0 0
184.52 0 182.095 0 255 255
203.084 0 185.855 255 255 0
178.943 0 170.965 255 255 0
150.201 0 192.979 255 0 0
38.307 555 212.468 0 255 255
339.671 0 206.119 255 255 255
192.859 0 188.229 255 0 0
173.09 0 150.657 0 255 255
175.989 0 190.386 0 255 0
167.049 0 182.955 255 0 0
146.283 0 155.02 255 0 0
186.331 0 169.937 255 0 255
176.466 -4.44089e-16 169.896 0 255 255
209.458 0 171.339 255 0 0
205.913 2.22045e-16 187.472 255 0 0
540.627 555 279.36 255 255 255
180.888 0 146.745 0 0 255
171.91 0 166.681 255 0 0
182.978 0 188.626 255 0 255
160.464 0 192.957 255 0 0
155.545 0 172.215 255 0 255
348.383 0 111.985 255 255 255
170.349 0 183.105 255 0 0
176.608 0 177.011 255 0 0
164.957 0 173.353 255 0 255
200.821 0 190.173 255 255 0
180.577 0 162.383 255 0 255
148.729 0 182.102 255 255 0
532.904 1.42109e-14 246.289 255 255 255
195.446 0 171.804 255 255 0
179.759 0 155.228 255 0 0
159.483 0 163.889 0 255 0
163.57 0 193.338 0 255 0
173.305 0 161.488 255 0 0
183.055 0 195.868 0 255 255
93.7445 555 337.653 255 0 0
48.1422 0 226.789 255 255 255
0 87.2789 1.24653 255 255 255
165.134 0 173.315 255 255 0
197.932 0 171.644 255 0 0
169.001 0 189.66 0 255 0
175.197 0 170.267 255 0 0
156.854 0 189.877 255 255 0
555 408.228 88.9761 255 255 255
152.561 0 187.56 0 255 255
176.561 0 192.95 255 0 0
205.044 0 166.013 0 255 255
198.929 5.55112e-17 190.94 255 0 0
191.155 0 181.592 255 0 0
0 26.3924 92.9162 255 0 0
305.829 0 105.494 255 255 255
169.997 0 180.87 255 0 0
151.193 0 169.676 255 0 0
191.256 0 153.362 255 0 0
209.37 0 175.199 255 0 0
199.403 0 158.497 255 0 0
200.496 0 156.703 255 0 0
178.937 0 175.481 255 0 255
416.988 555 291.219 255 0 255
191.308 0 168.175 0 255 0
170.171 0 194.926 0 255 255
159.623 0 193.647 255 0 0
297.408 244.836 286.316 255 255 255
147.541 0 165.605 0 255 0
191.261 0 181.008 255 0 0
147.494 0 163.1 255 0 255
193.156 0 156.625 255 0 0
158.94 0 159.769 255 0 0
182.495 0 148.133 255 0 0
171.249 -4.44089e-16 169.793 255 0 255
325.135 0 11.9002 255 0 255
174.326 0 189.226 255 0 0
176.322 0 176.519 0 255 255
188.198 0 187.708 255 0 255
181.779 0 165.519 255 0 0
183.821 0 184.918 255 0 0
162.447 0 178.193 255 0 0
190.669 0 170.564 255 0 255
177.874 0 173.496 0 0 255
175.98 0 197.916 0 255 0
199.401 0 177.298 0 255 0
220.501 0 309.081 255 255 255
188.432 0 187.517 0 255 0
165.586 0 169.657 255 255 0
199.998 0 156.308 255 0 0
185.832 0 171.667 255 0 0
169.509 0 160.142 255 0 255
432.599 555 203.358 255 0 0
152.362 1.77636e-15 177.124 255 0 255
179.138 0 170.609 0 255 0
144.456 0 159.078 255 0 0
170.354 -4.44089e-16 189.904 255 0 0
303.661 555 434.92 255 255 0
179.124 0 183.02 255 0 255
183.272 0 152.6 255 0 0
164.484 0 175.111 255 0 0
284.253 0 255.052 255 255 255
187.214 0 161.115 255 0 255
152.573 0 189.076 255 0 255
158.299 0 176.185 0 255 0
188.096 0 174.768 255 255 0
175.546 0 168.312 255 0 255
0 64.4802 142.718 255 255 255
255.114 555 407.595 0 255 0
164.949 0 171.833 0 255 0
183.141 0 201.305 255 0 0
178.824 0 161.14 255 0 0
182.235 0 190.141 255 0 0
146.732 0 171.432 255 0 0
140.337 0 69.5353 255 255 255
160.118 0 167.145 255 255 0
164.914 0 170.205 255 255 0
187.83 0 154.401 255 0 0
161.617 0 189.043 255 0 0
155.837 0 154.391 255 0 255
174.731 0 200.686 255 0 0
160.59 0 171.281 0 255 0
166.245 0 177.973 255 0 0
176.106 0 193.921 255 0 0
506.218 555 33.3897 255 255 255
197.615 0 194.779 0 255 255
159.861 0 176.351 255 255 0
179.46 0 191.129 255 255 0
160.22 0 182.426 0 255 255
166.84 0 148.014 255 255 0
162.724 8.88178e-16 163.021 255 0 0
167.243 0 178.016 255 0 0
165.026 0 182.124 255 0 255
183.717 0 167.861 0 255 0
196.499 0 182.3 0 255 255
173.13 0 187.457 255 0 0
189.332 0 159.662 255 0 255
311.076 1.42109e-14 106.811 255 255 255
193.369 0 182.436 255 0 0
187.703 0 169.182 255 0 0
157.191 0 174.572 0 255 0
159.811 0 177.702 255 0 0
175.848 0 181.418 255 0 255
187.662 0 184.849 0 255 0
190.214 -5.55112e-17 198.902 0 255 255
198.681 0 170.476 255 255 0
188.083 0 162.209 255 255 0
190.303 0 171.53 0 0 255
166.552 0 168.95 0 255 255
176.075 0 149.557 0 255 0
167.981 -4.44089e-16 204.348 255 0 0
169.51 0 165.712 0 255 0
182.316 0 167.903 255 0 0
257.827 0 74.0786 255 255 255
182.141 0 167.333 255 0 255
161.257 0 172.393 0 255 0
147.395 0 195.485 255 0 255
186.217 0 192.837 255 0 0
171.901 0 179.898 0 255 255
177.131 8.88178e-16 154.63 255 255 0
175.256 555 400.455 255 255 0
174.422 0 162.197 255 0 255
162.164 0 189.367 0 255 0
173.188 0 174.844 255 0 0
178.999 0 173.878 255 0 0
148.615 0 185.295 255 0 0
166.492 0 192.467 255 0 0
21.9559 555 276.961 255 255 0
173.419 0 194.977 255 255 0
178.157 0 176.23 0 255 255
155.836 0 171.824 255 255 0
178.908 0 153.809 255 0 0
181.397 0 178.443 255 0 0
163.524 0 156.019 0 255 255
406.345 0 213.471 255 255 255
176.035 0 150.072 255 255 0
158.965 0 179.615 255 0 0
179.13 0 164.982 255 0 255
160.837 555 522.365 255 0 0
175.107 0 160.911 255 255 0
167.555 0 164.478 0 255 255
185.806 0 192.739 0 255 255
191.476 0 187.84 255 0 255
195.284 0 154.044 255 0 255
202.72 -4.44089e-16 167.785 0 255 255
180.776 0 175.141 255 0 0
272.379 226.116 293.023 255 0 0
176.623 0 176.434 255 0 255
181.574 0 177.545 255 0 0
196.915 1.11022e-16 200.52 255 0 0
165.86 0 157.126 255 0 0
192.751 0 191.315 0 255 255
0 84.601 176.433 255 255 255
171.701 0 160.493 255 0 0
543.012 555 274.572 255 0 0
176.103 8.88178e-16 154.566 0 255 255
187.1 0 170.951 0 255 0
186.131 0 156.468 0 0 255
158.855 -8.88178e-16 167.765 0 255 255
180.932 0 184.348 255 0 255
165.13 0 176.852 255 255 0
179.72 0 164.332 255 0 0
170.781 0 201.982 0 255 255
158.694 0 169.602 0 255 255
0 23.4981 271.333 255 0 0
154.526 0 161.234 255 255 0
171.677 0 165.764 255 0 0
163.429 0 172.333 255 0 255
193.39 0 159.902 255 0 0
195.535 0 169.936 255 0 255
179.724 0 166.129 255 255 0
165.828 0 179.97 255 0 255
188.184 5.55112e-17 180.965 0 0 255
200.692 0 174.168 255 255 0
89.0121 555 273.035 255 0 255
147.738 0 173.353 255 0 0
168.87 0 175.787 255 0 0
170.057 0 482.798 255 255 255
180.096 0 159.645 255 0 0
288.472 219.7 288.711 255 0 0
198.216 0 167.396 255 0 0
0 216.137 13.0839 255 255 255
176.574 0 183.619 0 255 0
446.616 555 263.773 255 0 0
168.739 0 166.496 255 0 0
250.61 555 412.938 255 0 0
176.03 0 176.747 255 0 255
206.567 0 168.941 255 0 0
210.005 0 186.915 255 0 0
161.675 0 177.947 255 0 255
189.157 0 181.76 255 0 0
142.315 0 184.419 0 255 255
158.614 1.77636e-15 152.358 255 0 0
151.054 8.88178e-16 185.588 255 0 255
196.247 0 166.825 255 255 0
200.371 0 200.568 255 0 0
188.213 0 188.586 255 255 0
170.683 0 180.767 255 0 0
184.036 0 153.604 255 0 0
176.179 0 183.851 255 255 0
196.292 0 195.487 255 255 0
184.717 0 173.036 255 0 0
201.493 555 439.637 255 255 255
192.024 -6.93889e-18 187.35 255 255 0
45.1304 0 23.133 255 255 255
162.656 0 183.642 255 0 0
163.833 0 172.393 255 255 0
178.155 0 193.107 0 255 0
176.855 0 167.632 0 255 0
35.2668 0 64.9342 255 255 255
423.599 555 291.599 255 0 0
79.4968 555 182.663 255 0 0
313.768 555 471.461 255 255 0
0 153.842 172.301 255 255 255
162.866 0 184.397 255 0 0
187.946 0 172.643 0 255 255
151.21 0 195.974 255 0 0
184.071 -5.55112e-17 180.732 255 0 0
162.79 0 172.068 255 255 0
162.857 0 180.944 255 0 0
37.0467 0 29.0241 255 255 255
171.033 0 156.534 255 0 0
201.521 0 179.49 255 0 0
149.829 0 153.157 255 0 0
194.712 0 160.281 255 0 0
188.03 0 187.794 0 255 255
192.957 0 182.607 0 255 0
157.353 0 163.105 255 0 0
229.516 0 282.117 255 255 255
205.358 0 169.727 255 255 0
180.479 0 191.305 255 0 0
171.046 0 157.102 255 255 0
150.271 0 169.852 255 0 255
172.977 0 177.056 255 0 0
292.853 555 456.923 255 0 0
180.812 0 171.405 255 0 0
354.461 0 127.181 255 255 255
191.296 0 161.178 255 0 0
190.026 -2.22045e-16 171.824 255 0 0
194.341 0 171.804 255 255 0
190.35 0 184.404 255 0 0
174.567 0 172.581 255 0 255
555 306.984 96.5018 255 255 255
189.005 0 173.751 0 255 255
178.827 0 166.25 255 255 0
169.568 0 173.128 255 0 255
156.263 8.88178e-16 169.165 255 0 0
155.561 0 177.054 255 0 0
172.976 0 158.093 255 0 0
159.903 1.77636e-15 163.28 255 0 0
179.598 0 159.333 255 0 255
154.739 0 179.195 255 255 0
177.904 0 186.995 255 0 0
167.369 0 160.252 255 0 255
175.633 0 172.16 255 0 0
175.386 0 155.949 255 0 0
166.395 0 169.985 255 0 0
183.403 0 174.559 255 0 0
172.392 0 162.11 0 255 255
282.116 555 505.169 255 0 0
108.922 -1.42109e-14 314.912 255 255 255
183.958 0 195.574 255 0 0
163.119 0 173.787 255 0 0
149.71 0 154.53 255 0 0
204.208 0 197.014 255 0 0
183.395 0 192.494 255 0 0
159.811 0 152.667 0 255 255
182.616 0 186.482 0 255 0
120.811 555 59.0036 255 255 255
179.444 0 199.887 0 255 255
195.929 0 182.936 255 0 0
215.88 0 355.169 255 255 255
166.622 0 179.842 255 0 0
170.522 0 184.644 0 255 255
150.524 0 175.906 0 255 0
167.388 0 196.745 255 0 255
189.242 0 171.29 255 0 0
180.032 0 166.303 255 0 255
450.355 555 7.03624 0 255 0
151.749 0 155.102 255 0 0
146.194 0 185.781 0 255 0
184.039 4.44089e-16 168.935 255 0 0
162.413 0 173.696 255 0 0
156.197 0 192.835 255 0 255
204.221 0 162.729 0 255 255
199.613 0 173.075 255 0 0
150.55 0 163.977 255 0 0
180.991 0 177.968 255 0 255
44.0315 0 525.994 255 255 255
168.434 0 161.855 255 255 0
203.631 0 184.786 255 255 0
335.302 196.445 276.163 255 0 0
160.752 0 166.499 0 255 0
202.209 0 179.768 255 0 0
202.891 0 307.065 255 255 255
161.126 0 184.94 255 0 255
204.406 2.22045e-16 180.533 0 255 255
180.194 -2.22045e-16 202.386 255 255 0
173.045 0 173.14 0 255 255
178.705 0 178.353 255 0 0
163.877 0 193.629 255 0 255
163.852 0 160.374 0 255 255
163.44 0 181.618 255 0 0
176.816 0 174 255 0 0
184.637 0 188.105 255 0 255
183.749 0 160.064 255 0 0
161.332 1.77636e-15 160.549 255 0 0
196.69 0 196.39 255 0 255
173.87 0 160.334 255 0 0
156.903 0 184.156 255 0 0
279.732 0 262.706 255 255 255
367.022 -1.42109e-14 207.611 255 255 255
155.485 0 192.666 255 255 0
509.592 555 189.311 255 255 255
149.202 0 154.883 255 0 0
175.184 0 196.916 255 0 0
176.508 0 175.336 255 255 0
174.984 0 163.951 255 0 0
169.417 0 397.255 255 255 255
175.462 0 150.596 255 0 0
170.823 0 167.929 255 0 0
172.386 0 163.034 0 255 0
168.08 0 155.052 0 255 255
173.89 0 175.407 255 255 0
174.909 -2.22045e-16 181.07 255 0 255
186.321 0 159.543 0 255 0
196.656 0 198.657 255 0 0
173.677 0 155.915 255 255 0
193.881 0 183.555 0 255 255
197.773 0 178.824 255 255 0
151.515 0 174.932 0 255 0
231.314 0 104.489 255 0 0
156.568 0 187.859 255 0 0
160.722 0 187.488 255 0 0
315.85 107.27 281.375 255 255 255
199.117 0 184.493 0 255 255
196.932 0 192.027 255 0 0
234.271 0 300.054 255 255 255
200.38 0 161.11 255 0 0
142.903 0 183.07 255 0 0
170.581 0 163.815 255 0 255
315.956 0 245.526 255 255 255
104.225 0 280.859 255 255 255
169.364 0 163.683 255 255 0
149.45 0 191.887 0 255 0
148.605 0 169.182 255 0 0
179.646 0 194.474 255 0 255
171.231 0 178.256 255 0 0
165.76 0 180.423 255 0 0
194.848 8.88178e-16 161.074 255 0 0
185.787 0 192.215 255 0 0
157.884 8.88178e-16 175.134 255 0 0
179.11 0 156.294 255 0 255
555 257.882 156.755 255 255 255
155.21 0 164.3 255 0 0
155.55 0 182.299 255 255 0
152.259 0 183.04 255 0 0
163.086 1.77636e-15 154.711 255 0 0
309.146 246.683 283.171 255 0 0
167.029 0 177.059 255 0 0
182.981 0 162.726 0 255 255
176.543 0 174.9 255 0 0
192.635 0 189.994 0 255 255
147.787 0 179.375 255 255 0
185.985 0 194.105 255 0 0
175.544 0 191.959 255 255 0
497.146 555 365.888 255 255 255
100.2 0 183.917 0 255 0
186.398 4.44089e-16 168.869 255 255 0
202.105 0 149.503 255 255 0
205.056 0 163.024 255 0 0
154.536 0 161.943 0 255 255
163.649 0 175.236 255 0 0
316.81 0 34.5144 255 255 255
185.596 0 174.491 0 255 0
175.508 0 165.379 0 255 0
185.047 0 168.665 0 255 0
164.518 0 186.433 255 255 0
191.137 0 163.321 255 255 0
0 126.058 237.45 255 255 255
162.864 0 154.815 0 255 255
170.006 0 167.765 255 0 0
224.592 0 165.823 255 255 0
182.866 0 151.925 255 0 0
302.661 0 257.553 255 255 255
0 108.812 220.754 255 255 255
188.66 0 155.186 255 255 0
165.835 0 177.4 255 0 0
162.069 4.44089e-16 191.383 255 0 255
172.814 0 179.091 0 255 0
194.295 0 198.078 255 0 0
186.117 0 161.598 255 0 0
167.405 0 165.563 255 0 0
190.614 0 193.808 0 255 0
171.724 0 184.617 255 255 0
408.594 555 239.303 255 0 255
196.259 0 183.627 0 255 255
175.815 0 165.521 255 0 0
156.767 0 165.668 255 0 0
208.538 0 178.893 255 0 0
160.587 0 173.054 255 0 255
172.131 0 34.5765 255 0 0
169.835 0 177.829 255 0 0
182.657 0 201.231 0 0 255
159.297 0 184.041 255 255 0
283.23 272.751 363.036 255 0 0
160.145 0 151.618 0 255 255
179.979 0 159.045 0 255 255
235.121 515.804 555 255 255 255
192.893 0 187.013 0 255 255
198.306 5.55112e-17 185.802 255 0 0
156.86 0 193.659 255 0 255
171.933 0 182.647 255 0 255
144.966 0 177.693 255 0 0
172.269 0 181.252 255 0 0
176.378 0 186.992 255 0 255
174.961 0 155.263 255 0 0
72.69 555 114.094 255 0 255
161.86 0 189.01 255 0 0
209.283 4.44089e-16 177.669 0 255 0
177.696 0 184.106 255 0 0
184.927 0 179.088 255 0 0
187.352 0 177.025 0 255 255
169.216 0 176.567 255 0 0
171.016 0 166.02 255 0 0
165.365 0 184.079 255 0 0
119.308 237.202 555 255 255 255
178.244 4.44089e-16 164.821 255 0 0
183.408 0 170.108 0 255 255
180.465 2.22045e-16 180.623 0 0 255
176.478 0 160.986 255 0 255
158.453 0 177.361 255 255 0
186.822 0 202.246 255 0 0
63.2588 0 84.7131 255 255 255
149.49 0 184.92 255 0 0
155.48 0 182.809 255 0 0
179.917 -8.88178e-16 160.916 255 0 0
208.486 0 184.318 255 0 0
183.828 0 172.214 0 255 255
164.264 0 155.848 255 0 255
179.138 0 199.454 255 0 255
175.146 0 165.696 255 0 0
181.436 0 172.79 255 0 255
149.396 0 188.435 255 0 0
172.582 0 168.508 0 255 255
184.912 0 188.898 255 0 255
296.435 320.813 286.577 0 255 255
147.418 0 163.258 255 0 0
177.074 0 194.815 0 255 0
172.136 0 150.86 255 0 0
182.408 4.44089e-16 164.492 0 255 0
174.875 0 148.985 255 0 0
180.253 0 159.812 255 0 0
303.064 270.154 284.801 255 0 0
155.549 0 158.057 255 0 0
299.212 102.053 285.833 255 255 255
179.768 0 148.817 255 0 0
146.838 0 192.207 255 0 0
203.564 0 158.64 255 0 0
201.497 0 173.934 255 255 0
193.264 0 187.689 255 0 255
176.497 0 197.679 0 255 0
171.675 0 167.683 255 255 0
165.338 0 194.198 0 255 255
159.814 0 168.031 255 0 0
164.148 0 153.952 255 0 255
161.302 0 157.682 0 255 0
167.765 0 159.106 0 255 0
173.798 4.44089e-16 182.057 255 0 0
163.45 0 158.003 255 255 0
192.099 0 166.899 255 0 255
187.26 2.77556e-17 195.359 0 255 0
141.785 0 175.325 255 0 0
155.902 0 168.507 255 0 255
182.62 0 172.849 255 0 255
154.241 0 196.06 255 0 0
182.389 0 153.476 255 0 0
193.218 0 172.847 255 0 255
197.43 -1.11022e-16 179.439 0 0 255
157.24 0 177.349 255 255 0
159.825 0 166.39 255 0 0
183.275 0 159.104 0 255 255
159.63 0 181.17 255 0 0
153.327 0 153.341 255 0 0
158.545 0 165.183 0 255 255
154.013 0 172.545 0 255 255
194.038 0 182.624 255 0 0
185.094 0 169.537 255 0 0
185.984 -2.77556e-17 185.573 255 0 255
172.16 555 97.9481 255 0 0
157.36 0 196.415 0 0 255
166.44 0 180.784 255 255 0
199.583 0 179.022 255 0 0
154.752 0 177.668 255 0 0
498.779 555 248.635 255 0 255
152.883 0 187.016 255 0 0
93.878 0 9.21247 255 255 255
197.766 0 201.509 255 0 0
158.732 0 150.645 255 0 0
163.092 0 158.738 255 0 0
195.406 0 183.914 255 0 0
197.09 0 177.217 0 255 255
163.84 0 297.296 255 255 255
173.046 0 180.633 255 0 0
172.995 0 184.663 255 255 0
180.109 0 160.281 255 255 0
186.973 0 177.967 0 255 0
148.582 0 166.297 255 0 0
165.644 0 169.578 255 0 255
194.965 0 167.571 255 255 0
187.526 0 305.809 255 255 255
167.057 0 175.186 255 0 0
158.086 0 160.911 0 255 0
180.214 0 184.645 255 0 0
198.657 0 176.364 0 255 255
169.889 4.44089e-16 179.704 255 255 0
159.169 0 187.349 255 0 0
197.384 0 162.911 255 0 0
185.789 0 172.603 255 0 0
148.085 0 153.138 255 0 0
151.164 -2.22045e-16 193.351 255 0 0
182.711 0 158.944 255 255 0
178.936 0 183.859 255 0 0
198.563 0 160.725 0 255 0
41.6661 87.3913 555 255 255 255
158.463 1.77636e-15 152.06 255 0 255
170.232 0 200.602 255 0 255
169.309 0 155.486 0 255 0
160.209 0 172.49 255 0 0
164.536 0 176.532 255 0 0
317.901 167.053 280.825 255 255 255
153.138 0 174.316 255 0 0
166.377 0 201.005 255 255 0
267.793 182.013 305.423 255 255 255
194.122 0 156.004 255 0 0
187.819 0 184.586 255 0 0
187.788 0 153.174 255 0 0
0 475.758 500.657 255 255 255
0 247.693 188.41 255 255 255
186.05 0 200.697 255 0 0
179.833 0 190.035 255 0 0
178.082 0 156.974 0 255 255
68.2994 0 155.028 255 255 255
89.9518 555 424.17 0 255 255
187.399 0 170.259 0 255 255
157.814 0 162.028 255 0 0
166.098 0 203.256 255 0 0
187.563 0 194.6 0 0 255
171.961 0 190.442 255 0 0
181.562 0 171.253 255 0 0
200.151 0 188.471 0 0 255
200.792 0 160.497 255 0 0
176.051 0 179.647 0 255 255
209.237 0 183.264 0 255 0
317.836 211.387 280.843 255 0 0
167.53 -4.44089e-16 189.664 255 255 0
148.99 0 174.605 255 0 255
159.06 0 171.062 255 0 0
158.958 0 182.921 255 0 0
161.152 0 174.217 255 255 0
196.733 0 167.114 255 0 255
161.106 0 177.038 255 0 0
267.549 15.7991 304.514 255 255 255
155.29 0 162.272 255 0 255
343.267 0 120.647 255 255 255
191.77 0 169.018 0 255 0
166.137 0 158.162 0 255 255
185.934 0 198.36 0 255 255
167.699 0 178.105 255 255 0
184.278 0 148.129 255 0 0
167.871 0 191.253 255 0 0
150.82 0 171.515 0 255 255
185.117 0 190.794 255 0 255
178.118 0 172.334 255 255 0
152.818 0 160.507 0 255 255
167.727 0 181.198 0 255 0
169.449 0 170.503 0 255 0
199.657 0 207.584 255 0 0
193.379 2.22045e-16 173.138 255 0 0
184.991 0 186.525 255 0 0
187.289 0 201.376 255 0 0
172.263 0 193.842 0 255 255
175.714 0 179.345 255 0 255
177.173 0 163.521 0 255 0
166.084 0 185.014 255 0 0
173.329 0 169.958 255 0 255
167.249 0 185.766 255 255 0
173.058 0 153.089 255 0 0
175.324 0 154.03 255 0 0
38.0935 0 109.934 255 255 255
170.8 0 151.628 255 0 255
0 47.0973 218.494 255 255 255
184.874 0 188.883 0 255 0
0 212.274 170.26 255 255 255
147.153 0 188.659 255 0 0
177.099 0 169.61 255 0 0
176.114 0 172.66 255 0 0
170.306 0 190.962 255 0 255
177.657 0 178.91 255 0 0
185.285 0 172.269 0 255 0
195.346 0 176.899 255 0 0
111.915 0 329.203 255 255 255
0 129.383 263.817 255 255 255
200.943 0 167.301 0 255 0
178.085 0 171.137 0 255 255
153.542 0 175.555 255 0 0
195.221 0 200.376 255 0 0
172.694 0 152.468 0 255 255
200.95 0 151.759 0 255 255
175.131 0 176.482 255 0 255
48.8972 -1.42109e-14 286.219 255 255 255
150.432 0 189.69 0 255 0
152.807 0 179.457 255 255 0
130.416 0 156.955 255 0 255
168.571 0 162.673 255 255 0
200.712 0 187.613 255 0 0
192.224 0 181.59 255 0 255
106.822 555 422.561 255 0 0
168.42 0 182.008 255 0 0
164.18 0 185.449 255 0 0
170.819 0 183.066 255 0 0
189.289 0 165.106 255 0 255
173.347 0 192.553 255 0 0
161.363 0 175.468 0 255 0
195.464 0 163.702 255 0 0
194.37 0 174.234 255 0 255
261.683 0 48.3136 255 255 255
200.44 0 172.391 255 255 0
314.921 0 134.842 255 255 255
169.713 0 189.013 255 0 0
173.846 0 190.622 255 0 255
192.32 0 157.061 255 0 255
0 440.918 203.159 255 255 255
196.304 0 174.482 255 0 0
180.397 0 150.823 0 255 0
185.001 0 169.017 255 0 0
193.603 0 201.023 255 0 0
185.682 0 174.932 255 0 0
173.718 0 154.421 255 0 0
183.126 0 198.283 255 0 0
165.908 0 165.39 255 0 0
187.465 0 182.814 255 255 0
157.929 0 182.697 0 255 255
165.756 -1.77636e-15 148.585 255 0 0
423.704 284.859 252.475 255 255 255
158.667 0 181.932 255 0 255
163.747 0 178.625 0 255 0
152.98 0 149.749 0 255 0
169.242 0 187.871 255 0 0
170.217 0 189.924 255 0 255
164.704 0 168.459 255 0 0
200.375 0 203.142 255 0 0
174.249 0 173.415 0 255 255
277.194 555 95.1951 255 255 255
168.899 0 177.987 255 0 255
145.898 0 179.516 255 0 0
189.232 0 167.917 255 0 255
155.972 8.88178e-16 179.772 0 255 255
152.562 0 160.388 255 0 0
184.651 0 179.811 255 0 255
148.235 0 180.717 255 0 255
160.469 0 181.845 255 0 0
178.647 0 180.21 255 0 0
189.336 0 179.984 0 0 255
175.688 0 203.761 255 0 0
179.839 0 153.631 0 255 255
178.148 0 165.95 0 255 0
176.313 0 186.843 255 0 0
149.813 0 176.025 255 0 255
166.299 0 182.878 255 255 0
128.488 217.454 555 255 255 255
359.058 -1.42109e-14 184.159 255 255 255
190.8 0 171.059 255 0 0
223.739 0 139.194 255 0 255
185.13 0 181.283 255 0 0
200.627 0 163.531 255 0 0
183.867 0 158.055 255 0 0
273.944 62.4834 292.604 255 255 255
181.747 -2.22045e-16 174.056 255 0 0
197.579 0 167.434 255 0 0
181.892 -1.11022e-16 199.734 255 0 0
159.323 0 173.843 255 0 0
172.727 0 188.546 0 255 0
291.061 120.313 288.017 255 255 255
157.985 0 175.079 0 0 255
178.731 0 188.278 255 255 0
150.258 0 157.357 255 255 0
159.191 0 180.772 255 0 0
149.931 0 168.918 255 0 0
166.988 0 160.684 255 0 0
160.971 0 166.096 0 255 0
175.59 0 193.585 255 0 0
198.013 0 178.236 255 0 0
155.037 0 177.589 255 0 0
185.117 555 472.03 255 0 0
155.814 0 182.176 255 0 0
184.884 0 171.378 255 0 255
197.509 -5.55112e-17 180.959 255 0 255
153.918 0 155.321 255 0 0
164.988 0 173.243 0 255 255
153.376 0 173.34 0 255 0
186.695 0 172.163 0 255 255
180.648 0 188.618 255 0 0
175.345 0 168.828 255 0 0
174.554 0 179.863 0 255 255
-1.42109e-14 56.2488 144.149 255 255 255
159.368 0 137.697 255 0 0
203.911 0 186.362 255 0 255
183.965 0 182.982 255 0 0
183.257 -5.55112e-17 195.758 255 0 0
200.571 0 193.326 0 255 0
172.983 0 182.507 255 0 0
165.683 0 190.59 255 0 255
189.046 0 185.925 0 255 0
194.737 0 164.743 0 0 255
177.077 0 79.1159 255 255 255
181.513 0 167.233 255 0 0
189.655 0 180.123 255 0 255
188.314 0 193.803 255 0 255
157.925 -8.88178e-16 175.733 255 0 0
187.45 0 153.983 0 255 255
270.858 0 89.5502 255 255 255
165.651 4.44089e-16 200.239 255 0 0
187.457 0 177.286 255 0 0
287.373 555 124.673 255 0 0
186.516 0 180.367 255 0 0
182.013 0 148.064 255 0 0
162.23 555 428.241 255 0 0
171.93 0 157.788 255 0 0
193.743 0 184.682 255 0 0
156.323 0 172.82 255 0 0
208.68 0 186.771 255 0 0
196.587 0 184.681 0 255 0
130.479 0 4.77686 255 255 255
190.2 0 181.702 0 255 255
173.127 0 170.628 255 0 0
171.896 417.649 555 255 255 255
163.05 0 177.091 255 0 0
147.446 0 173.67 255 0 0
203.767 0 164.582 255 0 0
159.661 0 175.243 255 255 0
178.575 0 183.635 255 0 0
164.617 0 189.908 255 255 0
172.633 0 193.648 255 0 0
184.858 0 176.45 255 0 0
154.146 0 173.345 255 255 0
183.694 0 171.725 255 255 0
137.308 0 428.162 255 255 255
161.367 0 158.27 255 0 0
172.403 4.44089e-16 178.808 255 255 0
183.057 0 182.186 0 255 255
155.864 0 186.64 0 255 255
166.881 0 191.366 0 255 255
165.317 0 155.812 255 0 0
172.605 2.22045e-16 181.91 255 0 0
1.42109e-14 53.3552 102.234 255 255 255
139.716 555 155.878 255 255 255
190.13 0 174.706 255 0 0
369.173 555 391.261 255 255 255
163.344 0 180.1 255 0 0
169.539 0 179.699 0 255 255
1.42109e-14 3.36763 195.045 255 255 255
0 29.1277 144.254 255 0 0
0 18.4695 139.772 0 255 0
0 77.7441 97.8153 255 0 255
177.274 2.22045e-16 177.822 255 0 0
189.777 0 147.644 255 255 0
153.368 0 178.936 255 0 0
187.997 0 151.396 0 255 0
177.023 0 174.549 0 255 0
164.236 0 155.795 255 0 0
177.972 0 173.705 0 255 255
193.751 0 167.588 255 0 0
175.86 0 193.959 255 0 255
200.798 0 177.671 255 0 0
166.542 0 193.719 255 0 255
152.061 0 186.233 0 0 255
194.557 0 186.982 255 255 0
173.009 2.22045e-16 181.07 255 255 0
181.64 0 201.479 0 255 0
166.12 0 197.152 255 0 255
160.89 -1.77636e-15 148.822 255 0 0
171.034 0 154.2 255 255 0
0 182.457 301.892 255 255 255
199.772 0 332.921 255 255 255
178.578 0 162.5 255 255 0
151.441 0 190.213 255 0 255
173.63 0 187.001 255 0 0
156.059 0 92.4401 255 0 0
165.222 0 170.002 255 0 0
150.145 0 162.661 0 255 255
196.153 0 189.595 255 0 0
199.186 0 176.637 255 0 0
190.916 0 167.2 255 0 0
194.116 0 158.908 255 0 0
205.698 0 167.191 255 0 0
170.546 0 162.903 255 255 0
199.477 0 167.881 255 0 255
157.15 0 189.91 255 0 0
318.179 0 35.4662 255 255 255
188.952 0 174.644 255 0 0
152.346 555 158.731 255 0 255
154.815 0 177.601 255 0 255
186.343 0 159.63 255 0 255
155.004 0 183.651 0 255 0
171.066 0 192.551 255 0 255
146.245 0 161.511 255 255 0
183.38 0 156.934 255 255 0
200.348 0 183.285 255 0 0
170.856 0 153.53 255 0 0
170.631 0 180.228 255 0 0
167.842 0 193.734 255 0 0
177.489 0 162.731 0 255 0
161.016 0 170.109 255 0 0
194.266 0 161.468 0 255 0
159.055 0 161.478 255 0 255
202.838 0 184.246 255 0 0
183.413 0 176.964 255 0 0
164.772 0 170.647 255 0 255
156.424 0 173.832 0 255 0
150.576 0 157.547 255 255 0
147.768 0 190.498 255 0 0
163.802 0 189.57 255 0 0
182.158 0 171.737 255 0 0
200.386 0 176.553 255 0 0
169.066 0 203.091 0 255 255
204.223 0 179.979 0 255 255
167.454 0 176.136 255 0 0
160.352 0 182.363 0 255 255
167.497 0 162.089 255 0 0
167.007 -4.44089e-16 179.771 0 255 0
185.826 0 203.675 255 0 0
194.285 0 167.137 0 255 255
162.249 -1.77636e-15 152.811 255 0 255
281.817 555 122.657 255 0 0
0 303.691 233.49 255 255 255
458.012 555 10.6576 255 0 255
160.547 0 201.127 255 0 0
166.613 0 165.331 0 255 255
164.739 0 156.912 0 255 0
166.546 0 191.839 255 0 0
179.407 0 168.288 0 255 0
144.244 0 159.015 255 0 255
174.845 0 165.217 255 0 0
353.669 269.803 271.241 255 0 0
155.721 0 177.344 255 0 0
244.625 0 24.4081 255 0 0
187.57 -5.55112e-17 181.078 255 0 0
174.458 0 172.454 255 0 255
164.807 0 161.45 0 255 0
187.134 0 173.276 255 0 0
327.529 264.474 278.245 255 0 255
170.304 0 181.617 0 255 255
181.579 0 184.074 255 255 0
172.661 0 182.509 255 255 0
200.096 0 149.954 255 0 0
168.908 0 188.966 255 0 0
195.784 0 203.401 0 255 0
189.24 0 184.932 255 255 0
188.247 0 185.1 255 0 0
194.05 0 178.221 255 0 0
162.602 0 184.489 255 255 0
168.781 0 193.338 255 0 255
191.244 0 194.428 255 255 0
150.32 0 185.17 255 0 0
172.909 0 148.641 0 255 0
170.428 0 166.262 255 0 0
181.558 4.44089e-16 158.618 0 255 255
154.221 0 193.755 0 255 255
186.402 0 198.932 255 0 255
151.723 0 191.142 255 0 0
189.209 0 159.606 0 255 0
187.829 0 180.501 0 255 0
182.248 0 185.526 255 0 0
200.071 0 151.314 255 0 0
160.554 0 158.935 255 255 0
178.536 4.44089e-16 167.028 255 0 0
169.26 0 189.807 255 255 0
0 42.3208 148.963 255 255 255
199.389 0 166.613 255 0 255
184.853 0 175.545 255 0 0
201.236 0 190.896 255 0 0
182.893 0 173.178 255 0 0
175.404 0 160.785 255 0 255
172.995 0 194.347 255 0 0
169.843 0 202.129 0 255 0
197.11 0 182.777 255 0 0
202.417 0 179.375 255 0 0
175.575 0 167.328 255 0 255
191.389 2.22045e-16 170.568 255 0 0
266.822 0 294.254 255 255 255
171.51 0 142.897 255 0 255
162.969 0 155.129 255 0 0
280.338 71.6456 352.242 255 255 255
157.834 0 168.589 255 0 0
184.653 0 175.114 255 0 0
374.87 555 80.6416 0 255 255
325.455 555 422.547 255 0 0
155.946 0 164.779 255 0 0
160.288 0 180.27 255 0 0
170.346 0 157.362 255 0 0
161.699 0 193.207 255 0 0
167.214 0 160.706 255 0 255
179.201 0 167.014 255 0 0
195.77 0 176.926 255 0 255
177.227 0 160.077 255 0 0
173.578 0 186.141 255 0 0
170.143 0 170.853 255 0 0
84.1328 555 395.936 255 255 255
177.598 0 154.101 255 0 0
258.922 0 9.53987 255 255 255
205.931 0 160.101 255 0 0
195.429 1.42109e-14 379.081 255 255 255
184.152 -2.77556e-17 188.86 0 255 255
161.028 0 157.216 255 0 0
169.449 0 173.076 255 255 0
177.369 0 191.513 255 0 0
157.222 0 190.592 255 0 0
0 218.305 151.46 255 255 255
187.778 0 189.666 255 255 0
282.379 58.3408 555 255 255 255
171.856 0 169.235 255 0 0
189.021 2.22045e-16 171.196 255 0 0
252.951 555 395.783 0 255 255
0 23.4195 62.4459 255 0 0
194.751 0 161.781 255 0 0
178.439 0 175.448 255 0 0
173.26 0 182.27 255 0 0
0 58.987 77.9147 255 255 255
163.616 0 167.725 0 255 255
173.828 0 159.363 255 0 0
162.07 0 179.53 255 0 0
283.626 555 468.445 255 255 0
322.421 555 547.459 255 0 0
154.784 0 176.813 255 0 0
183.421 8.88178e-16 161.809 0 255 0
181.686 0 171.469 255 0 0
169.115 4.44089e-16 169.438 0 255 0
171.201 -4.44089e-16 170.393 0 255 0
158.21 0 162.623 255 0 0
0 113.116 234.345 255 255 255
152.205 0 149.206 0 255 255
154.166 0 151.336 255 255 0
203.455 0 180.263 255 0 255
187.512 0 148.397 0 255 0
356.034 233.455 270.608 0 255 0
157.996 0 176.897 255 0 0
168.16 0 197.339 255 255 0
162.508 0 192.399 255 0 255
182.617 0 191.795 255 255 0
168.285 0 191.978 0 255 255
174.477 0 152.423 0 255 255
176.861 0 160.328 255 0 0
183.601 0 178.189 255 255 0
254.319 0 45.1479 255 255 255
172.412 0 161.337 255 0 0
0 13.294 449.524 255 255 255
185.516 0 198.408 255 0 255
171.02 0 174.846 255 255 0
555 84.6659 17.922 255 255 255
131.014 276.717 555 255 255 255
180.264 0 189.171 255 0 0
166.639 0 177.834 255 255 0
154.44 0 155.653 255 255 0
159.775 0 166.164 255 0 0
182.155 0 149.104 255 0 255
168.048 0 184.868 0 0 255
179.329 -4.44089e-16 165.282 255 255 0
169.581 8.88178e-16 166.139 255 0 0
198.914 0 168.265 0 255 255
555 546.323 71.6568 255 255 255
353.416 161.467 271.309 255 255 255
117.609 555 224.566 255 0 0
183.467 0 151.423 255 0 0
190.933 0 146.739 0 255 255
0.252077 0 13.7216 255 255 255
178.787 0 184.055 255 0 0
161.792 0 161.989 0 255 255
198.976 0 177.503 255 0 0
184.601 0 180.946 0 255 0
201.399 0 173.298 255 0 0
0 220.316 290.792 255 255 255
173.683 0 158.254 255 0 255
186.844 0 168.371 255 0 0
189.948 0 168.14 0 255 0
198.876 0 155.255 255 0 0
178.097 0 178.875 255 0 0
175.182 0 167.517 0 255 0
188.965 0 161.982 255 0 0
158.312 0 193.379 255 0 255
190.505 0 179.964 255 255 0
187.069 0 176.676 255 0 0
179.649 -2.22045e-16 200.127 255 0 0
181.983 0 185.211 255 255 0
200.927 0 159.499 255 0 0
363.887 6.29199 268.503 255 255 255
182.125 4.44089e-16 167.488 255 0 0
175.272 0 153.057 255 0 0
174.999 0 192.575 255 0 255
168.509 -4.44089e-16 192.503 255 0 0
431.739 0 28.4374 255 255 255
165.67 0 168.716 255 0 0
163.047 0 176.389 255 0 0
195.538 0 167.834 0 255 0
181.098 0 189.51 255 0 0
173.054 0 182.794 255 0 0
157.144 0 168.361 255 255 0
179.087 0 179.078 255 0 0
157.999 0 188.477 255 0 0
148.096 0 178.757 255 0 0
164.055 0 197.101 255 0 255
180.694 0 178.079 255 255 0
161.684 0 156.711 255 0 0
180.559 0 166.646 255 0 0
173.873 0 167.218 0 255 0
176.361 4.44089e-16 170.454 255 0 0
180.65 0 197.46 255 0 255
176.449 0 189.77 255 0 0
194.932 0 170.847 0 255 0
181.682 0 158.951 255 0 255
159.408 0 182.517 0 255 255
190.65 0 200.388 0 0 255
190.92 0 149.609 255 0 0
177.952 0 164.394 0 0 255
177.841 0 178.977 255 0 0
157.59 8.88178e-16 175.943 255 0 255
181.821 0 177.6 0 255 255
188.901 -5.55112e-17 180.327 255 0 255
206.846 555 457.785 255 255 255
186.919 0 182.493 255 0 0
182.21 0 169.851 255 0 0
167.262 0 190.365 255 0 0
286.754 164.871 289.171 255 255 255
199.496 0 190.844 0 0 255
186.247 0 201.067 255 255 0
190.319 0 184.354 255 0 255
302.838 35.5161 436.213 255 255 255
205.712 0 189.562 255 0 0
186.948 0 178.163 255 0 255
205.892 0 199.523 255 0 0
170.223 4.44089e-16 171.617 255 0 0
202.289 555 168.335 255 0 0
175.826 0 154.458 255 255 0
161.946 0 187.014 255 0 0
274.732 130.279 331.319 255 255 255
180.563 0 186.302 255 0 0
186.686 -2.22045e-16 173.811 255 0 0
171.469 0 155.8 255 0 255
155.066 0 189.367 255 0 0
189.139 -1.11022e-16 176.599 255 0 0
430.91 555 207.517 0 255 255
164.283 0 160.474 0 255 0
160.293 0 171.888 255 255 0
163.157 0 178.799 255 0 255
147.904 0 182.675 255 255 0
283.62 188.631 364.493 255 255 255
307.448 0 261.082 255 255 255
161.3 0 174.819 255 0 0
167.259 0 182.118 255 0 0
191.297 0 163.366 255 0 255
170.636 -4.44089e-16 170.343 255 0 255
170.884 -4.44089e-16 170.266 255 255 0
146.712 0 163.616 0 255 0
298.555 555 46.9529 0 255 255
172.026 -2.22045e-16 192.827 255 0 0
182.109 0 179.04 0 255 255
157.452 0 182.62 255 255 0
276.099 208.246 292.026 255 255 255
156.202 0 194.622 255 0 255
175.344 2.22045e-16 182.865 255 0 0
234.508 4.85673 555 255 255 255
178.233 0 198.071 255 0 0
161.669 8.88178e-16 163.243 255 255 0
148.503 0 157.704 255 0 255
198.712 0 170.949 0 255 0
314.105 0 488.175 255 255 255
173.331 0 159.085 255 0 0
147.237 0 183.718 255 0 0
151.891 1.77636e-15 173.147 0 255 255
178.221 0 188.528 255 0 0
174.694 0 174.017 255 0 0
379.983 0 199.735 255 255 255
166.321 0 186.854 255 0 0
265.238 79.718 294.936 255 255 255
188.195 0 154.009 255 0 0
183.374 0 161.281 255 0 0
167.807 0 181.505 255 0 0
166.702 0 183.293 255 0 0
176.611 0 149.124 255 255 0
140.224 0 171.468 255 0 0
146.822 0 177.145 255 0 0
0 41.3745 215.963 255 255 255
177.142 0 183.114 255 0 0
155.477 0 177.778 255 0 0
178.149 0 167.863 255 0 0
188.562 0 164.573 0 255 255
160.585 0 173.77 255 0 0
175.065 8.88178e-16 159.215 255 0 0
173.721 0 181.303 255 0 255
180.351 0 195.61 255 0 0
376.347 0 29.2678 255 255 255
248.015 0 116.466 255 0 0
169.589 8.88178e-16 167.626 255 0 255
151.435 0 189.746 255 0 255
167.455 0 193.648 255 0 0
200.786 0 182.051 0 255 255
171.691 0 185.785 0 255 0
191.256 0 157.808 0 255 255
183.172 0 173.337 255 0 255
0 46.136 364.806 255 0 255
179.777 0 170.987 255 255 0
175.801 0 327.289 255 255 255
168.845 0 176.575 0 255 255
92.0562 555 379.353 255 0 0
190.835 0 154.775 255 255 0
141.72 1.77636e-15 192.162 255 0 0
174.159 0 181.315 255 0 0
183.362 8.88178e-16 152.717 255 0 255
165.09 0 188.4 255 0 0
165.142 0 163.456 255 255 0
182.824 0 151.015 255 0 0
44.9224 555 260.954 255 0 255
172.212 -4.44089e-16 175.332 255 255 0
205.701 0 167.778 255 255 0
203.465 -8.88178e-16 162.686 255 0 0
191.15 0 171.352 255 0 0
171.954 0 185.068 255 0 0
178.498 0 164.184 255 0 0
184.417 555 113.521 255 0 0
190.23 0 179.895 255 255 0
192.42 0 171.327 255 0 255
157.672 0 164.503 255 0 255
175.704 0 186.422 255 0 0
155.339 0 155.972 255 0 255
144.098 0 162.522 255 0 0
147.735 0 174.567 255 0 255
175.628 0 153.075 255 0 0
169.146 0 178.986 255 0 255
190.29 0 151.684 255 0 0
188.236 0 180.95 255 0 0
174.041 0 173.352 0 0 255
163.653 0 179.997 255 0 0
238.314 400.97 555 255 255 255
146.789 0 185.638 255 255 0
160.399 0 174.462 255 0 0
202.634 0 182.176 255 0 255
156.809 0 170.079 0 255 0
190.266 0 186.791 0 255 255
161.43 0 166.954 255 0 0
156.525 0 170.316 0 255 255
176.243 0 169.301 255 0 0
0 75.0198 291.303 255 255 255
170.776 0 162.675 255 0 0
205.964 0 172.765 255 0 0
188.565 0 176.494 255 0 0
189.217 0 153.452 255 0 255
172.116 0 176.38 255 0 0
55.1063 0 205.153 255 255 255
154.963 0 180.672 255 255 0
359.403 0 6.51002 255 255 255
163.347 0 186.691 0 255 0
384.73 174.288 262.918 255 255 255
200.771 2.22045e-16 176.124 255 0 0
166.189 0 166.352 255 0 0
160.389 0 203.411 255 255 0
149.429 0 198.708 255 255 0
198.971 0 177.365 0 255 255
163.633 0 159.073 0 255 255
181.646 0 172.594 255 0 0
149.528 0 167.862 255 0 0
184.295 0 163.787 255 0 0
137.772 1.42109e-14 30.813 255 255 255
187.876 0 168.799 0 255 0
180.26 0 178.625 255 255 0
168.906 0 184.922 0 0 255
170.25 0 181.941 255 255 0
325.487 0 174.771 255 255 255
166.343 0 192.777 0 255 255
186.576 0 183.598 0 255 0
252.094 555 124.385 255 0 0
284.229 555 551.721 255 0 0
167.689 0 177.464 0 255 255
194.708 0 184.982 0 255 255
150.991 0 154.825 255 0 0
147.654 0 183.469 255 0 0
162.744 0 160.514 255 0 0
179.473 0 158.723 255 0 0
130.927 0 179.248 0 255 255
159.524 0 158.545 255 0 0
169.804 0 173.122 255 0 255
157.459 0 163.713 0 255 0
0 105.153 5.80547 255 255 255
177.272 0 184.684 255 0 255
45.5102 555 169.079 0 255 0
176.986 0 176.166 0 255 255
154.893 0 187.067 255 0 0
161.975 0 200.821 255 255 0
152.296 -8.88178e-16 165.044 255 0 0
186.786 0 174.897 255 0 0
167.71 0 162.912 0 255 255
283.89 157.859 289.938 255 255 255
179.771 0 149.13 255 0 0
169.096 0 183.3 0 255 0
198.979 0 180.418 255 0 255
169.911 0 181.984 0 255 255
205.196 0 161.753 255 0 0
192.682 0 173.816 255 0 0
180.573 -2.22045e-16 174.338 255 0 0
191.135 0 191.837 255 0 0
188.887 0 174.281 255 0 255
189.11 0 182.156 255 0 255
201.977 0 189.627 255 0 0
187.017 0 173.621 255 0 0
156.985 0 185.58 255 0 0
177.745 0 187.485 255 0 0
174.213 0 168.281 255 0 255
158.327 0 166.328 255 0 0
190.194 0 183.812 0 255 255
171.336 0 177.151 255 0 0
170.522 0 152.651 255 0 255
181.206 0 204.596 255 0 0
146.227 0 175.93 255 0 0
166.213 0 163.094 255 255 0
184.313 0 166.892 0 255 255
164.64 0 164.48 255 0 0
163.297 0 166.818 255 0 0
172.005 0 166.794 255 255 0
186.573 0 191.974 255 0 0
154.6 0 176.957 255 255 0
182.489 0 171.337 255 0 0
146.083 0 158.533 255 255 0
165.861 0 155.203 255 0 0
179.387 0 165.346 255 0 0
136.098 555 382.369 255 0 0
197.108 0 177.483 255 0 0
127.389 555 289.948 255 255 0
209.091 0 189.599 255 0 0
177.635 0 149.981 255 255 0
196.035 0 172.801 255 255 0
183.997 0 170.658 255 0 0
148.75 0 170.498 255 0 255
377.065 555 501.153 255 255 255
186.586 0 179.503 255 0 255
186.274 0 183.39 0 255 0
157.656 0 174.199 0 255 255
0 29.9548 294.795 255 255 255
160.027 0 180.754 255 0 0
195.406 0 179.037 255 0 0
180.894 0 196.705 255 255 0
182.609 0 157.9 255 0 255
148.388 0 196.299 0 255 0
159.081 0 173.478 255 0 255
170.749 0 181.606 255 0 0
156.248 0 184.246 0 255 255
186.74 0 195.301 255 0 0
555 339.776 43.5294 255 255 255
155.552 0 184.237 0 255 255
158.003 0 189.027 255 0 0
168.208 0 184.912 0 255 0
272.231 555 401.407 255 255 255
166.678 0 171.052 0 255 0
198.198 0 154.19 255 0 0
203.784 0 185.448 255 0 0
163.885 0 175.182 0 255 255
170.268 0 186.01 255 0 0
207.375 0 116.342 0 255 0
169.883 0 188.226 255 0 0
155.335 0 177.995 255 0 0
185.634 0 178.981 255 0 0
162.801 0 194.804 255 0 0
185.035 0 181.985 255 0 0
160.59 0 160.611 255 255 0
0 12.8884 191.947 255 255 0
181.62 0 192.673 255 0 0
296.731 1.9378 555 255 255 255
0 175.148 196.331 255 255 255
170.155 4.44089e-16 169.011 0 255 255
199.557 -2.22045e-16 176.715 0 255 255
165.652 0 175.268 255 0 0
160.375 0 169.662 255 0 0
289.647 0 205.813 255 255 255
0 11.298 222.008 255 0 255
157.139 0 162.654 0 255 0
163.451 0 184.181 255 0 0
194.013 -1.11022e-16 177.739 255 0 0
199.722 0 172.13 255 255 0
170.74 0 190.078 0 255 255
151.45 0 177.491 0 255 255
175.624 0 186.945 0 255 0
351.246 0 34.9107 255 255 255
182.478 0 159.297 0 255 255
164.186 0 182.61 0 255 255
191.428 4.44089e-16 166.439 255 0 255
188 0 181.647 255 0 0
147.002 1.77636e-15 158.654 255 0 0
151.315 0 183.289 0 0 255
182.587 0 167.55 255 255 0
141.697 -8.88178e-16 155.185 0 255 255
156.342 0 168.837 255 0 0
175.007 0 172.165 255 0 0
148.813 0 158.043 255 0 0
190.375 6.93889e-18 193.133 0 255 255
173.02 0 170.396 255 0 0
278.793 0 255.774 255 255 255
151.594 0 158.226 255 0 0
170.476 2.22045e-16 194.139 255 0 0
154.837 -8.88178e-16 180.065 255 0 0
156.087 8.88178e-16 199.616 255 0 0
157.348 8.88178e-16 184.552 255 0 0
190.434 0 195.542 255 0 0
162.877 0 168.75 255 0 0
175.133 0 165.262 255 0 0
152.338 0 177.675 255 0 0
0 18.3055 178.88 255 0 0
173.574 0 152.242 255 0 0
0 230.237 259.488 255 255 255
168.006 0 180.276 255 0 255
184.21 0 198.289 255 0 255
175.362 0 154.634 255 0 0
359.393 299.634 269.707 255 0 0
235.517 0 401.934 255 255 255
297.729 0 259.01 255 255 255
194.299 -2.22045e-16 170.852 0 255 255
159.072 0 172.141 255 0 0
426.198 555 95.9554 255 0 0
149.308 0 186.344 255 0 0
163.595 1.77636e-15 163.96 255 0 0
174.566 -4.44089e-16 162.399 0 255 255
188.163 0 154.701 0 255 0
203.666 0 169.351 255 0 255
172.98 0 174.254 255 0 0
205.653 0 185.842 255 255 0
172.499 -8.88178e-16 169.865 255 255 0
169.12 0 174.872 255 255 0
191.215 0 158.382 255 0 0
180.927 0 164.464 255 0 0
314.583 0 253.498 255 255 255
183.581 0 197.499 0 255 255
185.22 0 170.42 255 0 255
159.575 0 166.518 0 255 255
300.44 0 98.0486 255 255 255
197.824 0 171.297 255 0 0
167.509 0 175.53 0 255 255
187.322 0 175.756 0 255 255
164.74 8.88178e-16 153.782 255 0 0
191.207 106.725 555 255 255 255
168.39 0 171.978 255 0 0
179.838 0 163.214 0 255 0
192.118 0 159.597 0 255 255
187.017 0 173.247 255 0 0
0 131.567 274.895 255 255 255
179.743 0 153.64 255 0 0
156.462 -8.88178e-16 171.425 255 0 0
145.16 0 158.816 0 255 255
154.488 0 175.581 255 255 0
160.603 0 182.974 0 255 255
160.002 0 169.94 255 0 0
555 267.116 66.8436 255 255 255
0 414.719 489.958 255 255 255
0 28.1251 96.1634 0 255 255
173.659 8.88178e-16 166.483 255 0 0
199.119 0 164.77 0 255 0
410.231 555 262.246 255 255 0
160.127 0 191.855 0 255 0
175.9 0 151.627 0 255 255
186.026 0 181.23 255 0 0
202.961 0 191.904 255 255 0
132.081 0 186.8 255 0 255
350.838 0 181.555 255 255 255
300.715 555 463.18 0 255 0
167.881 0 185.459 255 0 0
151.818 0 179.815 255 0 0
350.642 1.42109e-14 166.097 255 255 255
186.825 0 166.272 255 0 255
472.422 555 104.287 255 255 255
196.743 0 183.499 255 0 0
180.234 0 172.585 0 255 255
47.1421 0 100.556 255 255 255
175.212 0 184.581 255 0 0
200.82 0 173.636 255 0 0
183.948 0 204.473 0 255 255
310.685 325.473 282.759 255 255 255
198.252 0 177.413 0 255 255
178.903 0 185.879 0 255 255
194.145 0 171.702 255 0 0
184.74 0 200.77 255 0 0
178.583 0 175.006 255 255 0
152.777 0 164.431 0 255 255
165.861 0 165.986 255 0 255
191.362 0 163.834 255 0 0
153.497 0 170.731 255 0 0
187.509 0 160.221 255 0 0
161.289 0 178.109 255 0 0
173.77 0 168.002 255 0 0
194.929 -8.88178e-16 156.988 255 0 0
193.014 0 150.619 255 0 0
190.247 0 164.461 255 255 0
191.025 0 191.139 0 255 255
171.621 0 148.983 255 255 0
189.128 0 172.135 255 255 0
411.882 555 267.513 255 0 0
187.825 0 174.644 0 255 0
183.587 0 162.702 255 0 255
30.674 555 309.217 255 0 0
158.542 0 187.331 255 255 0
189.849 0 154.489 255 0 0
176.693 0 175.216 255 0 0
293.395 146.375 287.392 255 255 255
175.004 0 154.748 0 255 0
181.352 0 161.989 0 255 0
181.931 0 165.174 255 0 255
555 364.654 261.53 255 255 255
169.599 0 197.57 255 0 0
167.803 0 195.728 0 255 0
180.463 0 182.42 255 255 0
181.987 0 168.97 255 0 0
0 52.1672 258.065 255 255 255
197.905 0 159.792 255 0 0
177.638 0 171.708 255 0 0
161.791 0 159.227 0 255 255
176.081 0 166.617 255 255 0
177.58 0 160.377 255 0 0
149.168 0 182.978 0 255 0
190.636 -1.11022e-16 202.56 255 0 0
185.907 0 164.86 0 255 0
317.979 148.683 280.804 255 255 255
194.592 0 191.29 255 0 0
174.47 -2.22045e-16 177.901 255 255 0
157.296 0 190.32 255 0 255
152.903 0 174.891 255 0 0
220.722 0 70.4443 255 255 0
174.912 0 184.375 255 255 0
248.971 555 407.867 255 0 255
204.438 0 168.516 255 0 255
196.585 0 186.701 255 0 255
24.9771 0 208.727 255 255 255
177.253 0 180.677 255 0 255
358.182 0 169.713 255 255 255
151.263 0 181.195 0 255 255
146.811 555 438.978 0 255 255
168.79 0 168.521 255 255 0
183.758 0 155.111 255 255 0
192.463 0 178.048 255 0 0
178.823 -2.22045e-16 173.002 255 0 0
197.031 -8.88178e-16 161.181 255 0 0
162.979 0 151.599 255 0 0
173.324 0 172.231 255 0 255
177.839 0 181.645 0 255 0
266.772 217.777 294.525 255 255 255
118.941 555 381.183 255 255 0
206.859 0 168.146 0 255 0
304.297 1.42109e-14 64.8518 255 255 255
165.681 0 193.005 255 0 0
174.178 0 190.808 255 0 0
172.944 0 158.862 255 255 0
182.9 0 193.784 255 0 0
175.457 -8.88178e-16 159.592 0 0 255
175.771 0 143.656 255 0 0
154.723 0 176.689 255 0 255
200.964 0 173.152 255 255 0
190.289 0 157.161 0 0 255
152.461 0 167.721 255 255 0
182.737 0 175.128 0 255 255
405.269 92.4224 257.415 255 255 255
195.577 0 195.594 255 0 0
164.731 0 173.544 255 0 0
181.315 0 169.547 255 0 255
173.956 0 161.818 255 255 0
168.12 0 164.179 0 255 255
187.121 2.22045e-16 171.917 255 0 0
175.267 0 152.31 255 0 0
173.312 0 153.383 255 0 0
177.169 0 149.67 255 0 0
174.114 0 159.763 255 0 0
177.562 -8.88178e-16 153.624 255 0 0
188.975 0 153.803 255 0 0
174.95 -2.22045e-16 182.396 255 0 255
168.61 0 150.586 255 0 255
283.007 38.1327 290.175 255 255 255
183.264 0 170.385 255 0 0
178.258 0 168.639 255 0 0
158.467 0 162.303 255 0 0
182.246 0 175.31 255 0 255
159.614 0 170.628 0 255 0
166.594 0 187.857 0 255 0
181.772 4.44089e-16 166.75 255 0 0
0 12.814 176.632 255 0 0
345.844 176.229 273.338 255 255 255
0 15.1261 256.365 255 0 0
180.106 0 187.117 255 255 0
146.204 0 182.739 0 0 255
153.594 -8.88178e-16 171.325 255 0 0
0 213.764 393.731 255 255 255
161.287 0 147.422 255 0 0
0 269.507 274.738 255 255 255
175.763 0 158.726 0 255 0
181.281 0 167.359 255 255 0
167.912 0 163.592 255 0 255
152.555 0 171.253 255 0 0
555 261.217 43.6789 255 255 255
166.86 0 153.039 255 0 255
155.483 0 162.729 255 255 0
0 138.476 307.811 255 255 255
175.371 0 189.949 0 255 0
102.635 555 293.511 255 0 0
183.105 0 181.726 0 255 255
161.695 0 166.657 255 0 255
179.453 0 160.26 255 255 0
163.936 0 190.341 0 255 255
178.026 0 194.149 0 255 0
206.048 0 179.771 255 0 0
161.303 0 190.622 0 255 255
166.646 0 176.435 255 0 0
146.533 0 187.802 0 255 255
157.098 0 157.517 0 255 0
174.965 0 178.704 255 0 0
447.636 555 237.348 0 255 255
172.871 0 157.78 255 0 255
171.556 0 185.441 255 0 0
157.873 0 185.777 255 255 0
161.977 0 191.122 255 0 255
144.166 0 170.089 255 0 0
127.169 555 382.192 255 0 255
168.277 0 181.277 255 0 255
189.926 0 167.873 255 0 0
180.852 0 193.258 255 255 0
159.346 0 183.712 255 0 0
167.208 0 189.158 255 0 0
197.955 0 198.282 255 0 0
189.291 0 180.831 255 0 0
380.327 1.42109e-14 230.08 255 255 255
171.284 0 183.53 255 0 0
173.143 0 182.517 0 255 255
197.696 0 170.883 255 0 255
202.785 0 155.212 0 255 255
175.775 -2.22045e-16 176.166 0 255 255
193.205 0 198.135 255 255 0
157.012 0 169.647 0 255 255
154.394 0 148.415 255 0 0
166.61 0 173.378 255 0 0
142.605 0 167.131 0 255 255
192.578 0 150.354 255 0 255
168.838 0 170.983 255 0 0
206.849 0 189.514 255 0 0
162.459 0 182.216 255 0 0
156.439 0 189.92 255 0 0
222.664 0 170.484 0 255 255
165.702 0 188.81 0 0 255
333.54 555 43.4583 255 255 0
267.021 555 40.4411 255 255 0
145.337 0 196.556 0 255 0
163.344 0 182.222 255 0 0
152.624 -8.88178e-16 182.636 255 0 0
169.286 0 176.319 0 255 255
188.609 0 189.813 255 0 255
166.945 0 185.225 255 0 0
121.717 555 443.3 255 255 0
143.199 0 174.688 255 0 0
156.474 0 153.906 255 0 0
164.005 0 167.075 255 0 255
176.26 0 155.462 255 0 0
356.76 555 128.851 0 255 0
197.904 0 187.707 0 255 255
165.142 0 159.716 255 255 0
155.994 0 159.557 255 0 0
194.495 0 166.676 0 255 255
166.44 0 189.467 255 255 0
182.858 0 143.502 255 0 0
194.566 0 165.003 255 0 0
283.717 232.607 289.985 255 0 255
187.036 0 178.458 255 0 0
77.9732 0 128.23 255 255 255
179.284 0 169.857 255 0 0
179.92 0 154.179 0 255 0
180.828 0 166.911 0 255 0
63.3183 0 14.2708 255 255 255
186.397 0 186.215 255 0 255
193.292 0 164.688 255 0 0
172.886 0 153.55 255 0 255
181.729 0 189.28 255 255 0
160.614 0 159.165 255 0 0
164.349 0 177.173 255 0 0
176.344 0 197.407 255 0 0
174.972 0 166.796 255 0 0
190.482 0 171.749 255 0 255
194.134 0 164.423 0 255 0
177.298 0 169.784 255 0 0
175.325 0 161.172 255 0 0
156.22 0 190.455 255 0 0
64.3191 0 414.065 255 255 255
170.003 0 180.918 0 255 0
185.303 0 168.842 0 255 255
164.217 0 202.744 255 0 0
0 9.21335 168.035 255 0 0
230.005 555 399.923 0 255 255
76.3744 1.42109e-14 103.814 255 255 255
187.356 0 148.688 255 0 255
180.817 0 196.324 0 255 0
52.2983 0 205.909 255 255 255
155.794 0 171.174 255 0 0
145.07 0 187.227 255 255 0
145.462 0 177.212 0 255 255
185.353 0 144.766 255 255 0
156.723 0 167.85 255 255 0
194.122 0 180.308 255 0 0
195.224 0 170.63 255 0 0
190.484 0 173.633 255 0 0
195.791 0 165.364 0 255 255
0 21.8359 548.476 255 255 255
202.723 0 181.579 255 0 255
163.549 0 168.27 255 255 0
171.208 0 197.81 255 0 0
213.197 555 72.577 255 0 255
195.909 0 184.854 255 0 0
181.906 0 180.238 0 255 255
182.914 0 156.847 255 255 0
151.252 0 173.052 255 0 0
156.351 0 155.189 0 255 255
184.34 0 189.497 255 0 0
162.827 0 180.629 255 0 0
152.24 0 171.842 255 255 0
190.729 0 182.205 0 255 0
166.584 0 179.556 255 0 0
157.11 0 176.17 255 0 255
181.902 0 173.33 255 0 0
198.13 0 199.979 0 0 255
207.883 0 187.151 255 0 0
155.081 0 160.565 255 0 0
195.775 0 166.046 255 0 0
196.852 0 148.633 255 255 0
129.505 0 408.363 255 255 255
0 486.697 526.136 255 255 255
174.687 0 186.313 255 0 0
150.677 0 192.078 255 0 0
199.213 0 193.475 255 255 0
191.376 0 171.578 255 0 0
204.6 555 432.131 255 0 255
166.035 0 168.74 0 255 255
208.155 0 170.341 255 0 0
175.097 0 159.106 255 0 0
162.498 0 177.901 255 0 0
204.91 0 178.259 0 255 0
153.163 0 157.215 255 0 0
164.788 0 150.036 0 255 255
192.814 0 192.908 255 0 0
174.163 0 177.321 255 0 0
165.358 0 178.922 255 0 0
48.869 555 178.262 255 0 0
359.068 202.838 269.795 255 255 255
167.34 0 189.489 255 0 0
188.78 0 184.107 255 0 0
1.42109e-14 66.6924 180.154 255 255 255
200.919 0 190.414 255 255 0
197.887 0 190.964 255 0 0
176.399 0 164.475 0 255 255
163.414 0 185.537 255 0 0
302.937 555 38.9669 255 0 0
151.405 0 163.863 255 0 0
182.024 0 154.973 255 0 255
166.98 0 185.624 255 0 255
169.632 0 148.85 255 0 0
143.83 0 166.836 0 255 255
124.65 0 209.457 255 0 0
175.573 0 137.354 255 0 0
226.601 555 385.438 255 0 0
301.372 0 150.055 255 255 255
196.646 0 148.225 255 0 0
200.026 0 196.041 255 0 255
180.083 0 168.648 255 0 255
0 313.957 282.12 255 255 255
188.279 0 188.12 255 0 0
322.25 128.506 279.66 255 255 255
187.379 0 153.495 255 0 0
167.003 0 165.732 0 255 255
145.288 0 151.212 255 0 255
47.1633 0 108.843 255 255 255
178.371 0 198.395 255 0 255
185.743 0 151.119 255 0 0
210.48 0 191.738 255 0 0
185.422 0 172.907 255 255 0
191.75 0 206.634 255 0 0
166.828 0 188.265 255 0 0
190.676 0 172.49 255 0 0
195.22 0 185.523 255 255 0
187.113 0 163.383 255 0 0
153.684 0 193.258 255 255 0
185.923 -2.22045e-16 171.75 0 255 255
163.002 0 172.591 255 0 0
169.557 0 170.907 255 255 0
172.409 0 173.047 0 255 0
154.342 -8.88178e-16 192.088 255 0 255
161.641 0 182.775 255 0 0
167.35 0 183.39 255 0 255
168.758 0 151.998 255 0 0
168.102 0 171.807 255 0 255
159.502 0 157.994 255 0 0
155.482 0 150.199 255 0 0
22.0627 -1.42109e-14 106.977 255 255 255
174.528 0 175.511 0 255 0
182.79 0 176.756 255 0 0
183.563 -4.44089e-16 172.095 0 255 0
192.064 0 172.666 255 0 0
190.298 0 183.006 255 255 0
194.38 0 190.034 255 0 0
193.022 0 192.772 255 0 255
163.55 0 189.939 255 0 0
303.818 87.3684 284.599 255 255 255
160.001 0 178.533 255 0 0
183.978 0 176.491 255 0 0
182.65 0 186.064 255 0 0
148.087 0 98.5069 255 0 0
188.59 0 158.447 0 255 255
174.295 0 170.185 255 0 255
173.531 0 156.784 255 0 0
155.594 0 152.805 255 0 0
196.588 0 177.985 255 0 0
170.917 -8.88178e-16 159.029 0 255 0
181.192 0 180.721 255 0 255
200.085 0 158.911 255 0 0
194.633 0 160.489 0 255 0
301.096 555 91.2136 255 0 0
197.578 0 193.118 255 0 0
177.027 0 155.94 255 0 0
180.709 0 179.458 255 255 0
162.876 0 166.154 0 0 255
150.803 0 172.398 0 255 0
154.683 0 186.301 255 255 0
173.557 0 160.708 0 0 255
149.748 0 164.293 255 0 0
189.782 0 152.69 255 0 0
176.565 2.22045e-16 176.706 255 0 0
180.343 0 166.075 0 255 0
184.143 0 166.097 255 0 0
180.053 0 171.224 255 0 0
186.177 0 157.736 255 0 0
0 3.02369 187.411 255 255 255
173.96 0 182.804 255 255 0
111.741 0 303.201 255 255 255
193.31 0 199.149 255 0 0
155.903 0 165.857 255 255 0
179.517 0 169.461 0 255 255
173.482 0 160.731 255 0 0
178.506 0 174.423 255 0 0
555 156.981 198.313 255 255 255
204.978 0 190.074 255 255 0
171.187 0 178.745 255 0 0
555 509.965 106.673 255 255 255
202.131 8.88178e-16 159.816 0 255 255
190.348 0 156.052 255 0 255
147.624 0 169.677 255 0 0
93.4773 0 323.975 255 255 255
195.687 0 184.226 0 255 255
168.348 0 180.257 255 0 255
184.904 0 200.48 255 0 255
170.191 0 167.675 255 0 0
183.582 0 169.2 255 0 0
198.514 0 179.208 255 0 0
93.5991 -4.44089e-16 156.043 255 0 0
149.572 0 179.811 0 255 0
182.627 0 162.171 255 255 0
368.936 0 179.819 255 255 255
168.44 0 183.374 255 0 0
177.574 -1.11022e-16 192.433 255 0 0
346.264 0 268.146 255 255 255
162.339 0 173.805 0 255 0
197.381 -4.44089e-16 172.824 255 255 0
188.515 0 183.542 255 0 0
284.419 283.672 289.797 255 0 255
198.232 0 160.439 255 255 0
197.641 0 195.047 255 0 0
182.878 0 168.784 255 0 0
177.721 0 160.758 255 255 0
166.245 0 151.561 255 0 0
168.193 0 192.994 255 0 0
181.801 0 169.478 255 0 0
194.973 0 188.707 0 255 255
0 42.3698 252.161 255 0 0
194.78 0 180.655 0 255 255
157.963 0 190.536 255 0 255
186.104 0 160.826 255 0 255
147.505 0 185.317 255 0 0
265.227 215.921 295.849 255 255 255
174.815 0 196.285 255 0 0
193.219 0 149.734 255 0 0
156.601 0 168.958 255 0 0
183.512 0 164.399 255 0 0
176.069 0 185.312 255 255 0
155.448 0 159.755 255 0 0
0 550.266 359.783 0 255 0
154.312 0 178.075 255 0 0
193.709 0 176.11 0 255 0
173.722 0 179.837 255 0 255
157.509 0 148.403 0 255 255
189.984 0 176.391 255 255 0
175.528 0 188.738 255 0 0
25.2257 0 258.801 255 255 255
189.064 0 178.435 255 0 255
197.464 -4.44089e-16 167.785 255 0 255
169.502 0 152.81 0 255 255
165.932 0 177.727 0 255 0
158.468 0 158.699 0 255 255
0 91.8012 270.848 255 255 255
169.882 0 203.88 255 255 0
0 26.6344 173.175 255 0 0
170.871 0 196.043 0 255 255
148.802 0 185.247 255 0 0
176.978 0 163.313 0 255 255
188.124 0 173.985 255 255 0
167.837 0 190.497 0 255 255
185.002 0 159.573 255 0 0
199.483 555 71.0013 255 0 255
198.509 0 180.388 255 0 0
155.529 8.88178e-16 171.285 255 255 0
166.143 0 200.613 255 0 0
204.9 4.44089e-16 175.157 255 0 0
196.311 0 194.658 0 255 0
96.4561 0 132.622 255 0 0
166.208 0 175.449 255 0 0
159.839 0 153.682 255 0 0
174.181 0 164.127 255 0 0
164.879 0 174.863 255 0 0
161.535 0 154.462 255 0 0
161.244 0 158.026 255 0 255
164.77 328.785 555 255 255 255
200.615 0 177.756 255 0 0
78.151 0 163.857 255 0 0
555 520.627 206.869 255 255 0
150.034 0 157.313 255 0 0
187.268 0 145.782 255 0 0
307.892 555 136.558 255 255 255
51.2957 0 8.63362 255 255 255
153.894 -1.77636e-15 151.145 255 0 0
155.229 0 168.753 255 0 255
158.321 0 164.259 255 0 0
169.951 4.44089e-16 174.675 255 0 255
182.968 0 189.42 0 255 0
178.037 0 173.822 255 255 0
275.885 555 459.084 255 0 0
555 553.767 152.241 0 255 255
0 238.16 453.766 255 255 255
202.488 1.42109e-14 40.7419 255 255 255
193.074 0 173.994 255 255 0
156.446 0 180.33 255 0 0
173.274 4.44089e-16 169.605 255 0 0
162.425 0 157.444 0 255 0
173.931 2.22045e-16 196.684 255 255 0
190.025 -2.22045e-16 169.945 255 0 0
155.858 0 168.253 255 0 0
157.336 0 189.61 255 0 0
183.502 0 202.956 255 0 0
188.528 0 189.757 255 0 0
172.099 0 174.863 255 0 255
191.39 0 177.889 255 255 0
160.434 0 197.559 255 0 255
175.512 2.22045e-16 182.091 0 255 0
161.978 0 194.525 255 0 0
165.613 0 187.084 255 0 0
176.967 0 154.093 0 255 0
167.709 0 192.006 255 0 0
176.431 0 192.886 255 0 0
166.626 0 196.449 255 0 0
152.518 0 179.325 255 0 0
196.049 0 167.553 0 255 0
151.991 0 175.172 255 0 0
201.407 0 181.478 255 255 0
334.896 555 154.765 255 0 0
191.562 0 190.275 255 255 0
200.044 0 174.219 0 255 255
175.271 0 169.434 0 255 0
187.132 0 152.32 255 0 0
178.829 0 151.348 255 0 0
182.958 0 156.253 255 0 0
163.186 0 172.162 0 255 255
199.809 0 151.461 0 0 255
0 19.3107 435.969 255 255 255
189.675 0 161.242 255 0 0
184.511 8.88178e-16 153.616 255 255 0
168.676 0 163.61 255 0 255
149.569 0 155.749 255 255 0
168.481 0 186.752 0 255 0
182.115 -8.88178e-16 152.584 255 0 0
186.848 0 191.152 255 0 0
117.491 555 166.944 0 255 255
161.974 0 168.042 255 0 0
174.693 0 165.056 0 255 255
170.506 0 187.117 255 0 0
199.168 0 184.013 0 255 255
164.503 0 177.239 255 0 255
176.105 -4.44089e-16 166.538 255 0 0
200.225 0 148.813 255 0 0
161.041 -8.88178e-16 187.323 255 0 0
172.511 0 177.157 0 255 0
181.368 0 184.777 255 0 0
190.441 0 181.113 0 255 255
185.206 0 191.644 0 255 0
201.501 0 161.391 255 0 0
167.742 0 187.585 255 0 0
181.718 0 165.088 0 0 255
159.847 0 159.418 0 255 255
437.955 555 186.38 255 255 0
177.285 0 155.473 255 0 0
182.308 0 197.354 255 0 0
170.023 0 172.362 0 255 255
170.837 0 152.128 0 255 255
175.1 0 181.485 255 0 255
162.466 1.77636e-15 158.867 255 0 0
184.359 0 179.011 255 0 255
160.298 0 178.469 255 0 0
171.854 0 161.28 255 0 0
176.774 0 161.291 0 255 255
179.381 0 172.405 255 0 0
175.427 0 165.401 255 0 255
200.968 0 173.989 0 255 255
176.789 0 177.29 255 255 0
184.261 0 156.163 255 0 0
194.509 0 158.088 255 0 0
142.552 0 177.511 255 255 0
159.964 0 188.012 255 0 0
170.794 0 167.75 255 0 0
191.962 0 178.82 255 0 0
162.78 0 172.921 0 0 255
179.091 0 192.993 255 0 0
159.899 0 169.915 255 0 0
190.5 0 156.985 255 255 0
170.867 0 181.367 255 0 0
171.658 0 181.716 255 0 255
155.872 0 169.777 255 255 0
232.49 555 134.638 0 255 255
172.31 0 162.813 0 0 255
164.791 -8.88178e-16 174.135 255 0 0
188.468 0 175.892 255 0 255
186.285 0 164.64 255 0 0
152.093 0 182.646 0 255 0
155.798 0 150.996 255 0 0
180.897 0 192.603 255 0 0
155.355 0 178.07 0 255 255
187.973 0 184.372 255 0 0
144.473 0 163.827 255 0 0
158.157 0 187.923 255 0 0
177.56 0 177.51 255 0 0
155.105 0 174.322 0 255 255
151.587 1.77636e-15 172.921 255 0 0
161.817 0 160.41 0 255 0
170.679 8.88178e-16 166.506 255 0 0
173.035 0 168.74 255 0 0
154.676 8.88178e-16 174.586 255 0 0
177.777 0 159.187 255 0 0
193.975 0 176.839 0 255 0
190.223 0 181.978 0 255 0
203.985 0 187.013 255 0 0
0 24.3705 286.596 255 255 255
152.595 0 153.621 255 255 0
115.764 555 442.019 255 0 255
172.552 0 183.264 255 0 255
362.84 0 263.219 255 255 255
188.71 0 166.582 255 0 255
173.771 2.22045e-16 190.859 0 255 0
167.028 0 182.945 255 0 0
170.14 0 177.868 255 0 0
164.514 0 162.402 255 0 255
168.004 0 156.182 255 0 0
182.158 0 202.255 255 0 255
163.093 0 176.918 255 255 0
181.03 0 167.547 0 0 255
226.721 555 128.155 0 0 255
155.955 0 188.977 0 255 255
183.088 0 188.114 0 255 255
152.339 0 167.708 0 255 0
72.7622 0 353.037 255 255 255
171.448 0 149.918 255 0 0
177.216 0 180.329 255 255 0
185.273 0 199.604 255 0 0
168.462 0 176.142 255 0 0
278.147 168.744 291.477 255 255 255
199.425 0 190.256 255 0 0
177.975 1.11022e-16 189.688 0 255 255
158.702 0 167.325 255 0 0
167.912 -8.88178e-16 160.991 255 0 0
170.902 0 171.542 255 0 255
173.74 0 163.003 255 255 0
187.281 0 164.104 0 0 255
234.149 0 284.296 255 255 255
155.376 0 175.725 255 0 255
188.639 0 181.519 0 255 255
170.63 0 164.889 255 0 0
208.448 0 169.961 0 255 0
168.108 0 166.392 255 0 0
0 27.2004 282.821 255 0 255
166.284 0 165.057 255 0 255
16.9113 555 227.44 255 0 0
186.696 0 175.208 255 0 0
148.992 0 211.581 255 0 255
149.571 0 193.878 255 0 0
194.131 0 154.435 255 0 255
165.138 0 163.724 0 255 255
223.086 1.42109e-14 44.5787 255 255 255
204.067 0 200.913 255 255 0
167.409 0 165.074 255 0 0
166.67 0 183.277 0 255 0
167.775 0 156.903 255 255 0
194.809 0 165.066 255 255 0
143.411 0 188.136 255 0 255
180.916 0 180.298 255 0 0
169.241 0 160.566 255 0 0
169.498 0 182.142 255 255 0
379.185 284.131 264.404 0 0 255
199.829 0 176.341 255 0 0
162.861 0 171.582 0 255 255
184.838 0 190.411 0 255 0
165.455 0 169.63 255 0 0
179.171 0 184.709 255 0 255
190.823 0 146.221 255 0 0
200.918 2.22045e-16 200.385 255 0 0
156.164 0 161.782 0 255 255
181.412 0 187.09 255 0 0
201.255 0 185.257 0 255 255
153.045 0 193.397 255 0 0
207.155 0 179.655 0 0 255
343.25 3.31471 274.033 255 255 255
173.111 0 175.331 255 0 0
180.955 0 198.226 0 255 0
152.775 0 186.879 0 255 255
555 346.255 187.106 255 255 255
162.166 0 197.469 255 0 0
172.755 0 172.348 255 0 255
0 69.2873 98.2472 255 255 0
164.42 0 176.437 255 0 0
72.1232 77.9802 555 255 255 255
151.137 0 165.408 255 0 0
171.93 0 167.2 255 0 0
0 146.029 365.727 255 255 255
147.116 555 326.766 255 0 255
154.308 0 170.011 0 0 255
147.281 0 173.463 255 0 0
170.186 0 172.528 255 0 0
185.987 0 175.682 255 0 0
188.743 -5.55112e-17 180.57 0 255 0
212.27 -4.44089e-16 183.409 255 255 0
0 17.3122 225.465 255 0 0
194.104 0 157.31 255 0 0
69.4852 0 5.96043 255 255 255
59.3125 555 315.076 255 0 255
156.694 8.88178e-16 195.136 0 0 255
159.041 0 173.721 255 255 0
170.537 0 150.379 255 0 0
0 16.7991 154.071 255 0 0
0 45.2322 214.687 255 0 0
25.1207 516.156 555 255 255 255
150.445 0 193.806 255 0 0
157.637 0 172.95 255 0 0
92.165 555 25.6015 255 255 255
204.918 0 171.592 255 0 0
182.441 0 167.813 0 255 255
326.147 555 149.95 255 0 0
164.529 0 173.743 255 255 0
0 117.402 153.471 255 255 255
191.767 0 153.984 255 0 0
190.613 0 168.724 255 0 0
194.86 0 161.956 0 255 255
206.836 0 173.776 255 0 0
157.128 0 196.822 255 0 0
169.208 0 169.391 255 0 0
200.244 0 185.293 0 0 255
187.072 0 170.379 0 255 255
181.269 0 169.199 255 255 0
187.476 0 181.524 0 255 0
146.933 0 182.413 255 0 0
172.34 0 170.546 255 255 0
162.715 0 166.384 0 255 255
0 361.352 299.951 255 255 255
201.15 0 136.014 255 255 0
146.461 0 181.657 255 0 0
164.508 0 161.1 255 0 0
173.604 0 158.141 255 0 0
196.547 0 165.646 255 255 0
241.787 555 469.393 0 255 0
158.537 0 151.188 255 0 0
185.163 0 198.74 255 255 0
159.459 0 165.313 255 255 0
161.343 0 185.907 0 255 255
198.896 0 169.071 255 0 0
173.644 0 184.465 255 0 0
182.922 0 188.077 255 0 255
174.798 0 170.213 0 0 255
169.287 0 171.06 255 255 0
150.525 0 163.626 255 0 0
175.42 0 171.847 0 255 0
148.682 0 155.848 255 255 0
181.215 0 193.908 255 0 0
166.937 0 179.718 255 0 0
178.746 0 190.729 255 0 0
155.27 -1.77636e-15 156.86 255 255 0
172.663 0 159.073 0 255 255
198.947 0 196.788 255 0 0
181.016 0 193.978 255 0 0
191.463 0 157.089 255 0 255
138.951 0 172.784 255 0 0
187.248 0 174.022 0 255 255
155.723 0 181.091 255 0 0
152.26 0 188.292 255 0 0
170.882 0 146.58 255 255 0
173.453 0 204.447 255 0 0
159.553 0 165.044 255 0 255
143.659 0 346.467 255 255 255
171.151 -4.44089e-16 172.923 255 0 0
165.856 0 169.685 255 0 255
0 536.715 306.853 255 0 0
196.309 0 177.423 255 255 0
191.051 0 176.397 255 0 0
171.305 0 177.388 255 0 0
178.806 0 178.782 255 0 0
182.387 0 166.178 255 0 255
171.088 0 185.365 255 0 255
158.234 0 163.022 255 255 0
177.503 0 187.243 0 255 255
181.688 0 163.376 0 255 0
184.962 0 173.288 0 255 255
170.784 0 169.619 255 255 0
170.127 0 164.812 255 0 255
182.176 0 174.907 255 0 0
159.511 0 154.918 255 0 0
172.073 0 151.543 255 0 0
202.995 0 183.631 255 0 0
169.763 0 172.798 255 255 0
185.402 0 169.908 255 0 0
178.46 0 167.366 255 255 0
159.868 0 147.704 0 255 255
187.118 0 159.859 255 0 0
151.677 0 180.957 255 0 0
197.346 0 174.451 255 255 0
192.809 0 157.954 255 0 0
193.363 0 184.588 0 255 255
0 451.969 176.406 255 255 255
191.057 0 158.189 255 0 0
175.369 0 164.526 255 0 0
415.902 0 94.2647 255 255 255
269.264 555 435.142 255 0 0
160.609 0 191.986 255 0 0
472.022 555 180.05 255 255 0
192.275 0 200.165 0 255 255
177.568 0 176.614 255 0 0
290.526 0 46.0739 255 255 255
185.056 0 179.941 255 0 255
182.347 0 174.281 255 255 0
162.42 0 157.139 255 0 0
167.458 0 153.956 255 0 0
86.4093 7.10543e-15 118.79 0 255 255
188.456 0 156.598 255 0 0
187.71 -3.46945e-18 190.006 255 0 0
188.864 0 159.16 0 255 0
179.297 0 179.602 255 0 0
220.421 0 316.282 255 255 255
184.966 0 190.155 255 0 0
157.657 0 169.833 255 0 0
188.129 0 166.314 255 0 0
175.383 0 167.842 255 0 0
289.393 555 434.937 255 0 0
172.071 0 199.388 255 0 0
192.581 0 153.944 255 0 0
555 95.1356 274.3 255 255 255
175.034 -2.22045e-16 183.699 255 0 0
193.002 0 158.809 0 255 0
189.86 0 200.562 255 0 0
244.218 0 69.9966 255 255 255
195.355 0 155.531 255 0 0
169.77 0 163.822 255 0 0
108.184 276.897 555 255 255 255
117.404 488.938 555 255 255 255
161.27 0 144.035 255 0 0
202.063 0 163.39 255 0 0
152.168 0 193.427 0 255 255
159.818 0 166.993 255 0 0
172.996 0 182.195 255 0 0
202.495 0 189.876 255 0 0
194.831 0 196.234 255 0 0
167.059 0 168.264 255 0 255
172.75 0 183.309 255 0 0
180.749 0 184.362 0 255 255
185.379 0 171.227 255 0 0
205.879 0 164.403 255 255 0
160.525 8.88178e-16 164.771 0 255 0
164.451 0 171.037 255 255 0
169.383 0 185.12 255 255 0
194.885 0 145.795 255 0 0
167.304 0 195.161 255 0 255
210.456 0 179.919 255 0 255
165.078 0 169.939 255 255 0
143.072 0 177.634 255 0 0
180.321 0 164.089 255 0 0
157.93 0 154.596 255 0 0
194.112 0 176.166 0 0 255
148.965 0 167.98 255 255 0
185.339 2.77556e-17 185.142 255 0 0
154.567 1.77636e-15 152.343 255 0 0
156.672 0 186.063 255 0 0
158.268 8.88178e-16 175.003 255 0 0
171.747 0 193.06 255 0 0
177.697 0 162.119 255 0 255
0 286.11 93.2598 255 255 255
205.805 0 176.77 255 0 255
185.099 -2.22045e-16 174.477 255 0 0
185.053 0 155.995 255 0 0
159.15 8.88178e-16 167.09 255 255 0
169.45 0 171.047 0 255 255
159.704 8.88178e-16 160.913 255 0 255
143.917 0 203.082 255 0 0
187.622 0 155.258 255 0 0
199.33 0 180.219 255 0 0
170.895 0 183.204 255 0 0
198.644 1.11022e-16 199.373 255 0 0
323.979 91.6594 279.197 255 255 255
206.586 0 201.833 255 0 0
176.295 0 195.021 255 0 255
172.74 0 167.407 255 0 0
164.386 0 199.775 0 255 255
297.916 0 111.801 255 255 255
179.206 0 177.387 255 0 0
188.514 0 182.715 0 255 255
187.033 0 168.329 255 0 0
154.142 0 148.271 0 255 0
173.544 0 153.173 255 255 0
96.2922 555 300.817 255 0 255
199.931 0 165.737 255 0 255
193.068 0 180.715 255 0 0
193.045 0 172.429 0 255 0
147.548 0 163.291 255 255 0
168.646 0 196.78 0 255 0
154.213 0 185.18 255 0 0
180.928 0 181.112 255 255 0
174.556 0 161.39 0 255 255
156.882 0 173.347 255 0 0
187.407 0 190.889 255 0 0
198.388 0 147.33 255 0 0
168.837 0 175.429 255 0 0
154.958 1.77636e-15 155.027 255 0 0
152.816 0 166.959 0 255 0
192.192 0 188.472 255 0 0
192.03 0 154.137 255 0 0
184.004 0 189.597 255 255 0
159.625 0 182.824 255 0 255
99.9813 253.665 555 255 255 255
177.355 0 179.459 255 255 0
276.679 555 51.7866 255 255 255
192.039 0 167.74 255 0 0
182.676 0 172.748 255 0 0
155.34 0 171.804 255 0 0
180.476 2.22045e-16 175.365 255 0 0
397.577 0 29.3515 255 255 255
191.665 0 173.908 255 0 0
161.116 0 177.253 255 0 0
187.489 0 178.518 255 0 0
159.024 0 168.469 255 0 0
179.8 0 193.2 255 0 0
181.642 0 6.98217 255 255 255
149.006 0 187.529 255 0 0
182.346 0 170.124 255 0 0
156.376 0 180.236 255 255 0
152.777 0 396.867 255 255 255
387.772 258.211 262.103 255 0 0
198.756 0 147.824 255 255 0
138.172 263.085 555 255 255 255
163.968 0 167.456 255 255 0
163.91 0 185.03 255 0 0
189.173 0 200.199 255 0 255
172.304 0 183.572 0 255 0
166.262 -4.44089e-16 197.856 255 0 255
197.581 0 183.521 255 0 0
0 13.7408 137.105 255 0 0
149.622 0 165.903 255 0 0
196.435 0 183.266 255 0 0
181.821 0 185.882 255 0 0
176.573 0 172.996 255 0 0
342.798 0 109.965 255 255 255
156.73 0 189.962 0 255 0
179.992 0 190.095 255 0 0
11.6822 0 266.881 255 255 0
196.255 0 174.629 0 0 255
193.855 0 190.068 255 0 0
164.034 0 195.505 255 0 0
174.954 0 192.064 255 255 0
172.53 0 175.619 0 255 255
170.19 0 181.378 255 255 0
186.839 0 176.016 255 0 0
204.853 0 201.971 0 255 0
176.919 0 174.822 255 0 0
193.577 0 146.957 255 255 0
192.163 0 200.304 255 0 0
190.511 0 203.152 255 255 0
413.752 555 284.179 255 255 0
187.768 0 143.921 255 0 0
192.545 0 153.406 255 0 0
183.132 0 161.903 255 255 0
186.513 0 165.261 0 255 0
202.559 0 195.507 0 255 0
196.041 0 180.284 255 0 0
187.151 0 164.003 255 0 255
186.88 0 190.545 255 0 255
189.582 0 172.745 255 0 0
170.698 0 179.09 255 0 0
183.043 0 185.103 0 0 255
182.873 0 158.1 0 255 0
158.675 0 154.084 255 0 0
190.472 0 184.625 255 0 0
152.868 -4.44089e-16 191.36 255 0 0
185.885 0 165.412 0 255 0
181.8 0 177.433 255 0 0
171.407 0 152.552 255 0 0
187.155 0 161.169 255 0 255
272.821 325.297 324.188 255 255 255
171.666 0 165.139 255 255 0
186.439 0 201.639 255 0 0
180.155 0 181.399 255 0 0
146.167 0 194.658 0 255 0
184.836 0 174.369 255 0 0
182.417 0 185.726 255 0 0
178.929 0 191.902 255 0 0
182.055 0 197.106 255 0 0
303.539 232.635 284.674 255 0 0
180.591 0 156.513 0 255 0
192.749 0 166.383 255 0 0
155.783 0 178.217 0 255 255
178.456 0 164.509 255 0 0
157.153 8.88178e-16 187.681 255 0 0
198.055 0 165.75 0 255 255
186.76 0 166.714 255 255 0
81.6831 555 179.506 255 0 0
195.813 2.22045e-16 174.618 255 0 0
210.246 0 179.833 255 0 0
172.096 0 171.978 255 255 0
157.757 0 156.696 255 0 0
156.547 0 182.357 255 0 255
160.369 0 171.317 255 0 255
177.842 0 173.795 255 0 0
178.975 0 161.849 255 0 255
159.618 0 162.033 255 255 0
181.755 0 159.232 255 0 255
149.662 0 148.914 255 0 0
173.589 -2.22045e-16 199.178 0 255 0
161.521 0 152.149 255 0 255
189.592 0 186.392 255 255 0
298.12 201.549 286.126 0 255 255
171.903 0 178.152 0 255 255
149.542 0 183.421 255 0 0
174.285 0 183.87 255 0 255
159.575 0 182.138 255 0 255
329.788 278.921 277.64 0 255 255
167.855 0 190.226 255 255 0
168.748 0 167.411 0 255 0
555 93.6028 120.523 255 255 255
166.432 0 181.036 0 255 255
0 171.431 221.177 255 255 255
142.797 0 181.421 0 255 255
181.304 0 185.526 0 255 255
193.303 0 182 255 0 0
212.223 0 309.997 255 255 255
503.936 555 186.451 255 255 255
152.733 0 175.199 255 0 0
555 79.6494 30.6591 255 255 255
184.096 0 181.003 255 255 0
174.227 0 168.937 255 0 0
171.994 0 189.605 255 0 0
0 472.955 110.824 255 255 255
142.88 0 180.387 0 255 255
193.842 0 201.695 0 255 0
195.866 0 160.806 255 255 0
149.806 0 178.415 255 0 0
192.461 0 178.012 0 255 255
174.809 0 157.412 255 0 0
188.677 0 73.3292 255 255 255
0 401.168 35.7354 255 255 255
192.878 0 168.003 0 255 0
197.629 0 159.036 0 255 0
161.191 8.88178e-16 181.98 255 0 255
149.238 0 168.978 255 0 0
182.471 0 170.662 0 255 0
419.888 555 226.396 255 255 255
150.398 0 154.093 255 0 0
194.791 0 160.1 0 255 0
156.236 0 174.284 255 0 0
158.493 0 166.802 255 0 0
160.274 -8.88178e-16 167.083 255 0 0
168.185 0 169.081 0 0 255
158.434 0 147.231 255 0 0
158.031 0 154.956 255 255 0
183.253 0 202.493 255 255 0
47.9377 0 110.411 255 255 255
180.472 0 145.439 255 0 0
78.2722 555 325.814 255 0 255
152.363 -1.77636e-15 166.149 255 0 255
184.609 0 199.774 255 0 0
172.171 0 180.163 255 0 0
205.584 0 164.252 255 0 0
165.246 0 166.67 255 255 0
0 136.755 263.93 255 255 255
177.916 0 183.708 255 0 0
148.008 0 179.784 0 255 0
274.148 179.528 555 255 255 255
156.103 0 149.533 0 255 0
0 288.403 255.258 255 255 255
184.969 0 182.744 0 0 255
182.44 0 178.638 0 0 255
170.667 0 193.899 255 0 255
164.275 0 194.112 255 0 255
161.433 0 192.227 255 0 0
190.619 0 190.913 255 0 255
158.657 0 149.96 0 255 255
159.543 0 172.053 255 0 0
164.086 -8.88178e-16 168.257 255 0 0
190.986 0 197.938 255 255 0
168.503 0 149.989 255 0 0
177.586 0 174.302 255 0 255
196.224 0 184.283 255 255 0
153.05 0 169.208 255 0 0
156.935 0 177.718 255 0 0
153.104 0 177.508 0 255 255
163.902 0 168.235 255 0 255
178.925 0 160.168 0 255 0
0 86.4035 203.596 255 255 255
175.126 0 178.734 255 255 0
168.364 0 155.828 255 0 0
184.628 0 188.827 255 0 255
160.314 0 195.413 255 0 0
165.316 -8.88178e-16 173.322 255 0 255
162.721 0 177.156 0 255 255
147.352 0 157.836 0 255 0
162.13 -8.88178e-16 165.252 255 0 0
187.033 0 170.719 255 0 0
172.71 0 177.485 255 255 0
176.126 0 180.715 255 0 0
200.218 0 177.397 255 0 0
158.879 0 195.387 255 255 0
204.745 0 183.717 255 0 0
167.197 0 156.879 255 0 255
181.823 0 166.708 255 0 255
107.773 555 72.5273 255 255 0
197.297 0 165.449 0 255 0
150.381 0 170.775 0 255 0
184.255 0 150.066 255 0 0
190.292 0 154.919 255 0 0
555 233.384 251.796 255 255 255
169.16 0 180.632 255 0 0
157.019 1.77636e-15 165.224 255 0 0
172.043 0 174.095 255 0 0
151.639 0 176.587 255 255 0
175.126 0 168.408 255 0 0
316.034 0 143.039 255 255 255
0 18.5617 84.7567 0 255 0
187.905 0 168.412 255 0 0
160.998 0 174.242 255 255 0
153.739 0 165.901 255 0 0
177.804 0 195.775 255 0 0
196.743 0 165.084 255 0 0
159.94 0 186.216 255 0 255
16.7503 0 433.823 255 255 255
183.681 0 190.622 0 255 255
173.364 0 175.03 255 255 0
169.846 4.44089e-16 172.359 255 0 0
185.953 0 177.316 255 0 255
137.655 555 227.986 255 0 255
159.991 0 166.503 255 0 255
0 92.9967 42.8577 255 255 255
151.445 0 187.514 255 0 0
189.314 0 148.172 0 255 0
182.504 -1.11022e-16 196.763 255 0 0
178.342 0 158.006 255 0 0
169.788 0 185.156 255 0 0
239.35 0 38.2125 255 255 255
207.962 0 184.01 255 0 0
35.2547 0 48.1399 255 255 255
191.499 0 182.053 255 0 255
163.577 0 158.827 0 255 255
179.283 0 155.642 0 255 255
173.484 0 204.51 255 0 0
266.624 0 303.23 255 255 255
161.513 0 155.982 255 0 0
147.069 -1.77636e-15 154.701 0 255 0
167.347 0 190.015 255 0 255
157.77 0 166.748 255 0 0
191.373 0 157.875 255 0 0
0 208.19 225.904 255 255 255
206.692 0 183.818 255 0 0
185.745 0 180.051 255 255 0
168.624 0 154.929 255 0 0
161.818 0 162.524 255 0 255
165.245 0 194.731 0 255 255
160.584 0 177.19 255 0 255
194.955 0 164.327 255 0 0
150.741 0 178.445 255 255 0
167.403 0 162.667 255 0 0
175.712 0 159.394 255 0 0
171.888 2.22045e-16 189.927 255 0 0
151.376 0 190.258 255 0 0
224.876 509.962 555 255 0 0
59.4282 555 76.5126 255 0 255
177.576 0 197.708 255 255 0
191.197 0 180.237 255 0 255
180.11 0 177.919 255 0 0
189.497 0 167.549 255 0 0
191.793 0 150.737 255 0 0
193.173 0 195.673 255 255 0
114.428 158.854 555 255 255 255
153.934 0 161.863 255 0 255
140.578 -1.42109e-14 385.655 255 255 255
116.41 0 241.977 255 255 255
199.431 0 174.758 255 0 0
188.398 0 167.512 255 0 255
198.914 0 195.505 255 0 255
159.131 8.88178e-16 168.329 255 0 0
186.156 0 155.25 255 255 0
184.095 0 165.933 255 0 0
180.911 0 196.268 255 0 255
0 88.0721 61.9029 255 255 255
0 44.5309 442.753 0 0 255
166.944 0 157.871 255 0 0
163.492 0 172.044 255 0 0
153.294 -1.77636e-15 160.041 0 255 255
192.869 0 177.834 255 0 0
164.583 0 165.683 255 0 255
152.506 0 168.768 255 0 0
184.63 0 193.843 0 255 0
130.073 555 253.479 0 255 255
185.507 0 166.179 255 0 0
174.65 0 189.61 0 255 255
188.92 0 187.213 255 0 0
153.122 0 165.918 255 0 0
196.238 0 171.933 255 0 0
191.145 0 152.633 255 0 0
180.344 0 168.106 255 0 0
192.941 0 133.339 255 0 255
188.017 0 184.103 255 0 0
8.60906 0 240.295 255 255 255
181.694 0 159.267 255 0 0
204.871 0 173.296 255 0 0
153.316 0 171.621 255 0 0
207.652 0 161.362 255 0 0
170.608 0 160.822 0 255 0
197.608 0 184.583 255 0 0
188.186 0 161.718 255 0 255
177.335 0 191.436 255 0 0
154.353 0 167.947 255 0 0
0 67.5093 290.84 255 255 255
160.75 0 165.108 255 0 0
169.392 0 160.118 0 255 255
186.5 0 157.11 0 255 0
166.858 0 161.193 255 255 0
171.735 0 185.298 255 0 255
193.527 0 155.254 255 0 0
194.433 0 150.771 255 255 0
177.54 0 174.06 255 0 0
168.968 0 176.592 255 0 0
191.166 0 147.063 255 0 0
177.874 0 178.544 255 255 0
70.1163 0 392.073 255 255 255
166.632 0 188.164 255 0 0
184.405 -2.77556e-17 186.918 0 255 255
172.258 0 181.473 255 0 255
188.512 0 180.158 255 0 0
154.774 0 180.504 255 0 0
181.183 0 159.671 255 0 0
0 283.338 276.318 255 255 255
0 305.195 157.175 255 255 255
171.725 0 186.802 255 0 0
162.148 0 198.747 0 255 0
188.959 0 185.687 0 0 255
182.561 0 175.009 255 0 0
177.787 0 160.912 255 0 0
164.776 0 183.833 255 0 0
182.105 2.22045e-16 172.947 255 0 0
156.564 0 157.485 255 0 0
161.717 0 171.6 255 0 0
190.74 0 160.632 255 255 0
0 10.1552 242.334 255 255 255
168.865 0 179.03 0 255 0
159.7 0 172.963 0 255 0
106.054 0 288.571 255 0 0
171.564 0 183.246 255 0 0
182.591 0 159.484 255 0 0
205.27 0 187.956 255 0 0
0.76275 351.47 555 255 255 255
265.221 555 73.8694 0 255 255
185.45 0 167.797 0 0 255
159.39 -8.88178e-16 177.001 255 0 0
173.164 0 168.384 0 255 0
181.575 0 151.141 255 0 0
168.329 0 163.768 255 255 0
178.978 0 172.584 255 0 0
169.233 0 173.921 0 255 255
186.221 0 164.175 255 0 255
162.12 -4.44089e-16 198.515 255 0 255
183.339 0 158.297 255 255 0
158.235 0 170.52 255 0 0
179.751 0 173.188 255 0 0
166.199 0 183.401 255 0 255
205.721 0 187.808 0 255 255
169.833 0 159.778 255 0 0
171.331 0 187.542 255 0 0
169.062 0 178.757 255 0 255
169.619 0 182.943 255 0 0
164.842 0 179.176 255 0 0
200.638 0 172.978 255 0 0
183.055 0 156.181 0 255 255
193.46 0 169.5 255 0 0
155.527 0 189.223 255 0 0
185.134 0 161.225 255 0 0
463.486 555 302.167 255 0 0
175.914 0 154.671 255 0 0
190.322 0 102.808 255 0 0
190.807 0 174.86 255 0 255
302.497 555 171.739 255 0 0
168.256 0 193.391 255 0 255
164.109 0 185.143 255 255 0
161.703 0 179.236 255 0 0
181.946 0 172.869 255 0 0
191.716 0 170.703 255 0 0
187.545 0 164.978 255 0 0
308.384 0 101.152 255 255 255
145.508 0 152.005 255 255 0
185.86 0 171.605 255 255 0
178.05 0 167.061 255 255 0
176.037 0 186.444 255 0 0
197.883 0 169.621 255 255 0
171.082 0 186.33 255 0 255
195.758 0 168.916 0 255 255
188.579 0 176.435 255 0 0
160.065 0 180.606 255 0 0
168.392 0 188.369 255 0 255
155.606 0 190.414 0 0 255
174.753 0 160.504 0 255 0
252.31 0 61.7272 255 255 255
162.65 0 163.675 255 0 255
164.064 0 183.128 255 0 0
257.244 0 125.643 255 255 255
160.535 0 149.069 255 0 0
179.818 0 164.471 255 0 0
151.985 0 188.849 255 0 255
393.055 555 27.1156 255 0 0
0 105.17 194.53 255 255 255
203.716 0 154.646 255 0 0
186.358 0 176.794 0 255 255
145.06 1.77636e-15 181.322 255 0 0
172.745 0 171.423 255 0 255
184.739 0 174.515 255 0 0
180.524 0 202.279 255 0 0
193.929 0 191.059 255 0 255
184.158 0 176.059 255 0 255
184.992 0 182.409 255 0 255
22.3629 -1.42109e-14 138.561 255 255 255
0 309.894 225.309 255 255 255
186.414 0 177.093 255 255 0
172.176 0 172.544 255 0 0
90.1301 0 166.047 0 255 255
164.528 4.44089e-16 187.494 0 255 0
260.342 555 108.952 255 0 255
160.846 0 194.692 0 255 255
172.965 0 197.325 255 0 0
201.357 0 147.714 255 255 0
183.062 0 165.226 255 0 0
193.189 0 174.605 0 255 255
140.381 0 192.735 255 0 0
180.598 0 158.778 255 0 0
173.718 0 168.74 255 0 0
175.005 0 164.31 0 255 0
158.899 0 159.79 255 0 255
153.086 0 171.379 0 255 255
192.634 0 174.614 255 0 255
194.09 0 173.186 0 255 255
170.53 0 160.239 255 0 0
177.708 8.88178e-16 162.354 255 0 0
172.01 0 157.556 0 255 0
142.187 0 178.111 0 255 0
163.341 0 165.749 0 255 255
198.512 0 185.704 255 0 255
176.643 0 178.013 255 0 255
171.052 0 155.903 255 0 0
149.304 0 159.69 255 0 0
166.518 0 177.706 255 255 0
201.478 0 176.312 255 0 0
172.86 4.44089e-16 167.724 0 255 255
166.529 0 166.405 255 0 255
169.068 0 175.881 255 0 0
0 378.473 172.97 255 255 255
183.647 0 187.524 255 0 0
186.702 0 188.989 255 0 0
184.292 0 148.993 255 0 0
184.726 0 169.129 0 255 255
165.896 0 158.309 0 255 0
167.614 0 163.869 255 0 0
199.611 0 188.924 255 0 255
264.378 0 536.008 255 255 255
186.255 0 170.049 255 0 0
162.537 8.88178e-16 166.889 0 255 255
164.548 0 180.664 255 0 0
454.008 555 201.992 255 0 0
338.662 0 214.952 255 255 255
178.397 0 176.483 255 0 255
155.608 0 189.457 255 0 255
189.473 0 186.006 0 255 255
190.145 0 163.104 255 0 0
529.995 0 181.812 255 255 255
150.361 -1.77636e-15 161.779 255 0 0
524.005 555 317.565 255 255 255
156.303 -8.88178e-16 169.95 255 0 0
187.974 0 159.028 255 0 0
170.847 0 173.992 255 0 255
174.067 2.22045e-16 199.817 255 0 0
174.531 0 190.399 255 0 0
141.627 0 181.745 255 255 0
184.297 0 189.355 255 0 0
158.937 -8.88178e-16 162.074 0 0 255
168.253 0 148.482 255 0 0
201.937 0 174.488 255 0 0
180.07 0 195.256 255 0 0
185.723 0 168.929 255 0 0
149.901 0 162.461 255 0 0
181.039 0 167.491 255 0 0
158.798 0 176.274 255 0 0
169.16 0 189.028 255 0 0
172.561 0 196.842 0 255 255
173.811 0 161.908 0 255 255
183.093 0 191.893 0 255 0
185.039 0 180.587 255 0 255
164.834 0 162.085 255 0 255
173.466 0 168.387 255 0 255
1.42109e-14 56.8577 271.42 255 0 255
9.7886 0 167.282 255 255 255
0 64.5655 70.2928 255 0 0
181.178 0 170.376 255 0 255
186.635 0 177.767 255 0 0
0 335.153 339.727 255 255 255
185.49 0 190.618 255 255 0
153.779 0 162.183 255 0 0
177.438 0 183.465 255 0 0
166.141 0 200.937 255 0 0
153.245 0 189.361 255 0 0
147.956 0 179.695 255 0 0
0 190.246 165.372 255 255 255
194.493 0 202.499 255 0 0
181.564 -4.44089e-16 158.892 255 0 0
179.449 0 186.213 255 0 255
173.86 0 167.391 255 0 255
265.317 86.0723 296.185 255 255 255
142.314 1.77636e-15 161.418 0 255 255
182.386 0 174.481 255 0 0
276.733 0 181.899 255 255 255
189.224 0 169.271 255 0 0
188.77 0 146.956 255 255 0
168.69 0 179.797 255 0 255
165.012 4.44089e-16 175.955 255 0 0
160.994 0 171.502 0 255 0
141.651 40.2934 555 255 255 255
150.676 0 151.135 255 0 0
152.789 0 157.673 255 0 255
417.313 555 269.532 255 0 0
189.775 0 184.062 255 0 0
150.655 0 163.27 255 0 0
151.934 0 175.814 255 0 0
187.55 0 184.442 255 0 0
291.674 0 243.058 255 255 255
179.789 0 167.961 255 255 0
0 105.139 234.731 255 255 255
172.521 0 196.586 255 0 0
173.092 0 151.606 0 255 255
152.108 0 189.39 255 0 0
178.569 0 205.589 255 0 0
178.68 0 164.042 0 255 0
181.104 0 156.369 255 0 0
0 399.349 231.129 255 255 255
182.453 0 179.358 255 255 0
179.44 0 162.688 0 255 0
186.735 0 168.591 255 0 0
173.67 0 192.508 0 255 255
159.494 0 162.56 255 255 0
154.008 -8.88178e-16 189.025 0 255 0
160.273 117.425 555 255 255 255
168.173 0 167.993 255 0 0
179.884 0 177.299 0 255 255
181.606 0 169.452 255 0 0
142.268 0 189.554 255 0 0
555 126.373 201.486 255 255 255
275.896 239.776 335.664 0 255 255
197.308 0 195.7 255 0 0
183.159 0 158.342 255 0 0
181.27 4.44089e-16 164.29 255 0 0
162.936 0 176.582 0 255 0
165.551 0 164.374 0 255 255
171.716 0 174.047 0 255 255
189.272 0 194.235 255 255 0
457.293 555 293.722 255 255 0
181.99 0 172.908 255 255 0
168.72 0 160.88 255 0 0
142.546 1.77636e-15 193.863 255 0 0
161.713 0 182.562 255 0 0
165.569 0 164.333 255 0 255
191.504 0 167.561 0 0 255
165.026 0 180.734 255 0 255
154.373 0 163.083 255 0 0
211.035 0 187.165 255 0 0
173.822 0 150.444 255 0 255
169.731 0 172.266 255 0 0
203.932 0 188.906 255 0 0
184.08 0 174.877 255 0 0
148.245 0 193.015 255 255 0
147.045 0 189.772 255 0 0
183.305 8.88178e-16 165.587 255 255 0
155.288 0 161.367 255 0 0
197.216 0 160.588 255 0 0
181.289 0 156.005 255 0 0
169.549 0 167.553 255 0 255
159.179 0 163.863 255 0 255
287.107 0 70.8561 255 255 255
150.183 0 186.213 255 255 0
161.293 -8.88178e-16 159.219 255 0 0
160.351 0 196.568 255 0 0
179.934 0 199.735 255 255 0
129.525 0 229.861 0 255 0
110.603 0 155.693 255 0 0
0 422.701 75.6044 255 255 255
185.017 0 174.128 255 0 0
206.621 0 187.871 255 0 255
152.973 0 177.379 255 255 0
153.349 0 183.555 0 255 0
0 9.74184 237.44 255 0 255
163.767 0 187.037 0 255 255
180.261 0 199.131 0 255 255
150.148 0 189.263 0 255 0
159.161 1.77636e-15 154.767 255 0 0
178.378 0 178.837 255 0 0
219.722 555 133.252 255 255 255
307.085 0 195.111 255 255 255
159.963 0 158.622 255 0 0
262.517 0 77.1338 255 255 255
121.187 555 371.742 255 255 0
148.69 0 171.81 255 0 0
192.727 0 181.979 0 0 255
156.174 0 161.279 255 0 0
182.847 0 174.703 255 0 0
202.112 1.42109e-14 347.455 255 255 255
196.688 0 159.329 255 0 255
170.59 0 176.022 255 255 0
165.39 4.44089e-16 198.973 255 0 0
172.186 0 176.931 255 0 0
203.109 0 186.481 0 255 0
179.346 0 198.921 255 255 0
170.882 0 151.657 255 255 0
156.199 0 178.406 0 255 255
168.334 0 157.439 255 255 0
184.5 0 206.874 255 255 0
171.459 0 179.956 0 255 0
178.628 0 198.147 255 0 255
146.016 0 192.531 0 255 255
162.77 0 158.221 255 0 255
186.973 0 182.29 255 255 0
163.763 0 173.815 255 0 0
302.556 228.859 284.937 255 0 0
196.249 0 162.252 255 0 0
270.613 184.406 555 255 255 255
158.702 0 184.374 0 255 0
185.601 0 177.271 255 255 0
195.973 0 183.379 255 0 0
196.733 0 124.583 255 0 0
195.2 0 152.765 0 255 0
161.946 0 175.67 255 255 0
194.838 0 200.642 0 255 0
0 4.04623 13.3401 255 0 255
142.821 0 167.094 255 0 0
199.185 0 171.357 255 0 0
172.148 0 172.8 255 0 0
189.782 0 191.88 255 0 255
256.385 555 16.4133 255 255 255
181.138 0 149.515 255 0 0
186.404 0 168.858 255 0 0
0 222.604 176.993 255 255 255
155.73 0 187.344 255 0 255
171.193 -8.88178e-16 159.962 255 0 0
184.502 0 165.013 255 0 0
153.41 0 201.181 255 0 0
203.829 4.44089e-16 168.566 0 255 255
205.432 2.22045e-16 181.152 255 0 0
179.904 0 188.818 255 0 255
168.442 0 176.803 255 0 255
186.267 0 195.99 255 255 0
0 177.303 3.76261 255 255 255
183.281 0 171.196 255 255 0
0 357.187 112.203 255 255 255
191.088 -6.93889e-18 186.885 255 0 255
193.78 0 172.368 255 0 0
186.485 0 161.815 255 0 0
157.43 0 183.509 255 0 255
163.846 0 155.99 255 255 0
205.47 0 181.927 255 0 0
161.431 0 162.472 255 0 0
178.801 0 173.559 0 255 0
153.04 0 176.418 255 0 0
347.208 555 167.09 255 255 0
172.159 0 182.842 255 0 255
184.712 0 161.478 255 0 0
153.691 0 171.475 255 0 255
173.281 -4.44089e-16 173.997 255 0 0
184.839 0 181.995 0 255 0
173.6 0 193.631 255 0 0
184.132 0 163.987 255 0 0
190.216 0 202.26 255 0 0
179.95 0 180.76 0 255 0
203.897 0 190.78 255 0 255
192.675 0 174.261 255 255 0
344.698 66.0845 555 255 255 255
179.222 0 175.49 255 0 0
0 148.399 386.593 255 255 255
182.049 0 154.515 255 0 0
186.705 0 178.737 0 255 255
190.438 0 181.5 255 0 0
205.465 0 184.799 255 0 0
192.567 0 164.661 0 255 0
143.048 0 165.135 255 0 0
179.283 0 192.747 0 0 255
156.114 0 176.54 255 0 0
101.87 555 477.413 255 255 255
157.4 -8.88178e-16 177.875 255 0 0
151.873 0 167.431 255 0 0
184.213 0 171.603 255 0 0
155.045 0 180.778 255 0 255
187.109 0 172.003 0 255 255
196.781 0 168.72 255 0 0
182.575 0 173.442 255 0 0
170.275 0 190.473 255 0 255
147.167 0 182.162 0 255 0
166.575 0 154.616 0 255 255
168.042 0 161.434 0 255 255
167.914 0 169.621 255 0 0
99.5921 0 195.103 0 0 255
174.574 0 147.196 255 0 0
290.924 403.988 555 255 255 255
179.197 0 170.627 255 0 255
178.54 0 186.739 255 0 0
185.836 0 152.926 0 0 255
161.389 -8.88178e-16 158.872 0 255 255
195.546 0 193.757 0 255 255
191.867 0 194.846 0 255 255
0 280.824 23.4237 255 255 255
89.4155 0 173.081 255 255 0
185.677 1.38778e-17 189.911 255 0 0
160.441 0 188.446 255 0 0
177.644 -1.11022e-16 183.77 0 255 0
161.887 0 168.369 255 0 255
190.95 0 196.188 255 0 0
311.7 0 199.042 255 255 255
178.279 0 153.662 255 0 0
186.247 0 167.589 255 0 0
409.893 555 182.092 255 255 255
156.622 0 157.884 255 0 255
160.746 0 170.7 255 0 255
158.574 0 184.473 255 0 0
158.511 -8.88178e-16 168.34 255 0 0
0 194.594 115.843 255 255 255
321.229 555 91.2065 255 0 0
173.947 0 182.506 255 0 0
203.107 0 179.796 255 0 0
153.282 0 178.855 255 0 255
184.983 0 163.956 255 0 0
204.927 0 175.481 0 255 255
147.309 -1.77636e-15 169.069 255 0 0
177.593 0 164.414 255 0 0
155.469 0 186.118 255 0 0
162.624 0 173.073 0 0 255
191.671 0 161.956 0 255 0
177.791 -1.11022e-16 186.961 0 255 255
179.537 0 161.795 255 0 0
149.12 0 187.301 255 0 0
179.581 0 192.059 255 0 0
146.275 0 179.992 0 255 255
192.938 0 167.01 255 0 0
177.141 0 185.543 255 0 255
291.686 555 419.987 0 255 0
492.633 555 363.78 255 255 255
203.593 0 168.937 255 0 0
166.149 0 175.484 255 0 0
195.944 555 84.241 255 0 0
158.177 0 173.756 255 0 0
157.678 0 179.347 255 0 0
473.081 0 35.1677 255 255 255
185.027 0 159.361 0 255 255
147.573 0 170.333 255 255 0
170.866 0 167.898 255 0 0
148.506 0 176.53 255 255 0
193.386 0 180.544 255 0 0
326.982 0 535.113 255 255 255
172.459 0 176.074 255 0 0
179.512 -4.44089e-16 164.427 0 0 255
64.6707 555 331.871 255 0 0
184.027 0 175.613 255 0 0
159.699 0 157.425 255 0 0
156.139 0 177.652 0 255 255
169.835 0 187.508 255 0 0
182.417 0 174.446 255 0 0
163.861 0 186.647 255 0 0
144.761 0 186.498 255 255 0
170.453 0 163.981 0 255 255
182.263 0 191.888 255 255 0
196.006 0 164.477 255 0 0
177.769 0 164.903 255 255 0
160.268 0 180.551 0 255 255
235.191 555 399.514 255 255 0
154.416 0 184.141 0 255 0
12.9484 0 269.866 255 255 255
203.806 0 186.643 0 255 0
142.114 0 170.143 0 255 255
149.248 0 176.627 255 0 0
166.576 0 175.526 255 0 0
149.479 0 189.228 0 255 0
172.386 2.22045e-16 188.638 255 0 0
194.803 0 159.507 255 0 0
354.098 132.29 271.126 255 255 255
149.306 0 169.937 255 0 0
172.848 2.22045e-16 187.408 255 255 0
204.745 0 167.44 255 0 0
177.792 0 165.186 255 255 0
326.289 0 235.095 255 255 255
159.213 8.88178e-16 197.338 0 255 0
0 67.7678 309.554 255 255 255
159.342 0 157.991 255 255 0
309.41 0 94.6913 255 255 255
172.481 -2.22045e-16 185.46 0 255 0
186.854 0 186.88 255 0 0
182.478 0 174.482 0 255 0
146.092 0 183.175 255 255 0
154.679 0 165.43 255 0 0
153.617 0 174.106 255 0 0
209.243 0 174.164 255 0 0
174.393 -4.44089e-16 170.303 255 0 0
205.469 0 162.313 255 0 0
147.428 0 161.679 255 255 0
156.402 0 177.792 255 0 0
167.151 0 177.745 255 0 255
200.775 0 180.043 255 0 255
204.861 0 167.46 255 0 255
164.204 0 182.849 255 0 0
167.102 0 183.298 255 255 0
179.315 0 162.297 255 255 0
0 393.666 403.157 255 255 255
152.452 0 179.984 255 0 0
188.474 0 161.276 255 0 255
167.399 0 150.828 255 255 0
160.124 0 162.703 0 255 0
56.8053 0 355.064 255 255 255
157.278 0 176.637 0 255 255
54.7119 555 59.634 255 255 255
208.175 0 175.256 0 255 255
169.651 0 178.466 255 0 0
191.27 0 162.58 255 0 0
164.773 0 199.746 0 255 255
155.896 0 154.989 0 255 255
0 209.42 173.873 255 255 255
180.626 0 179.724 0 255 255
150.459 0 197.182 255 0 0
200.22 0 192.653 0 255 255
197.261 0 162.247 255 0 0
199.055 0 168.154 255 0 0
157.65 0 153.666 255 0 255
297.179 247.737 286.378 255 0 0
0 474.622 44.4308 255 255 255
173.562 0 183.642 255 0 0
195.362 0 156.736 255 0 255
160.173 0 195.112 255 0 0
199.359 0 191.343 255 0 0
11.3126 0 71.2307 255 255 255
165.751 0 171.406 0 255 255
184.9 0 190.203 255 255 0
162.487 0 159.819 255 0 255
174.6 0 169.248 255 0 0
196.627 0 184.774 0 255 255
183.854 0 172.225 255 0 255
171.972 0 156.447 0 255 0
182.03 0 196.716 255 0 0
193.237 0 191.41 255 0 255
159.795 0 186.697 255 0 0
178.135 0 176.304 0 255 0
158.08 0 183.302 255 0 255
148.989 0 177.94 255 255 0
196.589 0 152.703 255 0 0
186.85 0 193.9 0 255 0
162.253 0 181.155 255 0 255
182.467 0 174.21 0 255 0
161.671 0 165.122 255 0 0
176.176 0 187.222 0 255 255
169.152 0 159.044 255 0 0
171.896 0 173.531 0 255 255
190.075 0 197.055 255 0 0
144.104 0 261.659 255 255 255
195.103 0 188.61 255 0 0
185.191 0 194.207 255 0 0
170.535 0 165.69 255 0 255
171.039 0 178.245 255 0 0
174.883 0 170.893 255 255 0
206.309 0 164.886 0 255 255
147.56 0 165.656 255 0 0
184.851 0 174.565 255 0 255
203.666 0 186.473 255 0 0
149.016 0 190.805 255 0 0
0 18.1874 10.2915 255 0 255
158.817 0 166.639 255 0 0
187.654 0 194.705 255 0 0
162.599 0 186.207 255 0 0
142.684 555 328.681 0 255 0
170.119 0 172.319 255 0 0
208.653 555 396.615 0 255 0
423.19 555 336.627 0 0 255
198.824 0 189.667 255 255 0
203.37 0 178.075 255 0 0
150.529 0 182.061 0 255 255
170.92 -2.22045e-16 188.823 255 255 0
154.568 0 157.708 255 0 0
176.776 0 181.395 255 0 0
164.84 0 167.984 255 0 255
162.19 0 158.142 0 255 0
188.032 0 176.389 255 0 0
181.958 0 178.081 255 0 0
181.366 0 172.214 255 0 0
167.53 0 150.149 255 0 0
191.087 0 166.224 255 0 0
0 325.005 339.597 255 255 255
174.876 0 194.767 0 255 255
185.897 0 173.05 255 0 0
170.131 0 154.948 255 0 0
191.994 0 170.917 255 0 0
179.019 0 187.366 255 0 0
177.653 0 189.287 0 255 0
183.875 0 179.402 0 255 255
327.162 26.3156 278.344 255 255 255
180.625 0 185.907 255 0 0
176.714 0 164.241 255 0 0
2.84217e-14 385.057 125.539 255 255 255
37.3635 0 353.32 255 255 255
158.521 0 176.701 255 255 0
168.795 0 188.882 0 255 0
146.855 0 188.866 255 0 255
181.247 0 160.378 255 0 0
162.025 0 163.304 255 0 0
181.874 4.44089e-16 150.687 255 255 0
181.796 0 198.542 255 255 0
284.433 230.893 367.526 255 255 255
178.462 0 173.094 255 0 0
162.526 0 169.367 0 255 255
181.619 0 186.353 0 255 255
186.496 0 155.904 255 0 0
169.924 0 176.487 255 0 255
189.008 0 195.027 255 0 0
190.374 0 180.938 255 0 255
193.772 5.55112e-17 181.77 255 0 255
193.178 0 167.751 255 0 0
170.57 0 193.438 255 0 0
0 27.5805 235.689 255 0 0
188.301 0 182.778 0 255 255
157.976 0 165.457 255 0 255
198.067 0 181.371 0 255 255
181.727 0 189.173 0 255 0
0 49.9021 155.836 255 0 255
162.263 0 148.638 255 0 255
153.889 0 177.264 255 0 0
167.246 0 178.939 255 0 0
178.094 0 172.978 255 255 0
163.6 0 172.975 255 0 255
185.612 0 197.761 255 0 255
175.089 0 143.457 0 255 0
159.885 0 156.929 255 0 0
175.35 0 156.504 255 0 0
131.024 555 287.268 0 255 255
183.621 0 194.1 255 0 255
173.496 0 175.034 0 255 0
178.043 8.88178e-16 153.132 255 0 0
178.286 0 176.047 255 0 0
148.79 0 178.65 0 255 255
147.292 0 190.788 255 0 0
424.181 555 297.187 255 0 0
189.073 0 193.872 255 0 0
168.812 0 184.434 255 255 0
166.883 0 200.967 255 0 255
148.998 555 387.774 0 255 255
0 29.4624 14.4336 255 0 0
181.031 -1.11022e-16 181.721 0 255 255
203.984 0 185.052 255 0 255
184.04 0 194.305 255 255 0
203.632 0 167.373 255 255 0
177.058 0 177.664 0 255 255
156.624 0 185.533 255 255 0
188.969 0 186.47 255 255 0
275.55 0 51.8831 0 255 255
153.248 0 180.786 0 255 0
204.689 0 174.919 0 255 255
173.895 0 170.523 255 255 0
188.491 0 173.155 255 0 255
161.132 0 170.698 255 0 0
159.641 0 166.888 0 255 0
171.165 0 157.299 255 0 255
446.178 555 288.388 255 0 0
182.401 0 180.661 255 0 0
206.161 0 177.637 0 255 0
186.208 0 147.895 255 0 0
163.661 0 184.185 255 0 0
180.243 -2.22045e-16 172.985 255 0 255
174.696 0 169.631 255 0 0
200.619 0 183.991 255 0 0
148.928 0 184.502 0 255 0
182.29 555 82.4119 0 255 255
555 551.22 197.216 0 255 255
174.224 0 168.467 255 0 0
356.085 0 233.945 255 255 255
167.32 0 201.799 255 0 0
190.089 0 185.736 255 0 255
144.361 0 180.349 255 0 0
521.15 555 292.465 255 0 0
190.115 0 157.891 255 0 0
170.451 0 158.278 255 0 0
201.221 0 171.16 0 255 255
0 143.388 281.557 255 255 255
162.941 0 171.466 0 255 0
162.209 0 183.59 255 0 0
181.954 1.11022e-16 182.422 255 0 0
155.462 0 166.312 255 255 0
176.946 0 164.194 0 255 255
408.63 0 62.0242 255 255 255
198.833 0 163.971 255 0 0
106.581 555 356.508 255 0 0
191.734 0 162.473 255 0 0
190.684 0 169.064 0 255 0
184.138 0 179.725 255 0 0
184.915 -2.77556e-17 186.384 255 0 0
154.262 0 186.804 255 255 0
199.455 0 157.748 255 0 0
170.875 0 195.922 0 0 255
176.114 0 173.346 255 0 0
154.113 1.77636e-15 169.29 255 0 0
198.058 0 168.816 255 255 0
162.648 8.88178e-16 172.398 255 0 0
166.733 4.44089e-16 179.505 255 0 0
206.713 555 442.791 0 255 255
162.333 0 170.124 255 0 0
309.084 214.483 283.188 255 0 0
186.759 4.44089e-16 151.629 255 0 0
154.784 0 155.765 255 0 255
196.612 1.11022e-16 180.509 255 0 255
152.12 0 171.478 255 255 0
168.247 4.44089e-16 177.317 255 0 0
46.118 51.4787 555 255 255 255
157.764 0 182.707 255 0 0
191.56 0 327.113 255 255 255
203.214 0 155.232 255 0 0
164.491 0 164.921 255 0 0
197.651 0 149.975 255 255 0
108.637 555 177.612 255 255 255
136.538 0 179.28 255 0 255
0 49.1402 157.406 255 255 255
0 178.961 161.426 255 255 255
188.351 0 198.066 0 255 255
161.225 0 166.553 255 0 0
403.365 114.751 257.925 255 255 255
194.434 0 181.264 0 255 0
0 97.2348 223.312 255 255 255
171.743 0 164.105 255 0 0
147.187 0 164.269 255 0 0
161.499 0 180.897 255 0 0
165.239 0 182.949 255 255 0
169.171 0 179.643 255 0 255
147.074 0 152.682 255 0 0
186.837 0 164.648 255 0 255
152.555 0 182.749 255 0 0
191.926 0 165.152 255 0 0
186.449 0 194.687 255 255 0
196.537 0 169.78 0 255 0
176.612 0 148.527 255 0 0
187.089 0 185.661 255 0 0
555 510.395 221.227 255 0 0
188.201 0 189.823 255 0 0
191.787 0 165.604 0 255 0
203.928 0 171.996 255 0 0
175.642 0 168.902 255 255 0
207.618 0 186.893 0 255 0
167.118 0 178.305 255 0 0
184.108 0 148.567 255 0 0
170.027 0 195.963 0 255 0
174.385 0 196.282 255 0 0
159.7 0 166.59 0 255 0
186.632 4.44089e-16 161.472 255 0 0
173.456 0 180.308 255 255 0
160.058 0 175.16 255 0 0
155.318 0 192.33 255 255 0
178.086 0 191.518 0 255 0
194.436 0 167.166 255 0 0
196.2 0 165.082 255 0 0
188.496 0 171.945 0 255 0
202.549 0 164.742 0 255 0
153.816 0 182.242 255 0 0
188.664 0 184.392 255 0 0
155.573 0 178.66 255 0 0
175.783 0 162.399 255 0 255
155.622 0 158.8 255 0 0
208.778 0 193.209 255 0 0
172.001 0 184.615 255 0 0
185.94 0 204.548 255 0 0
171.752 0 162.008 255 0 0
163.014 0 179.393 255 0 255
175.629 0 170.817 255 255 0
178.926 0 154.848 255 0 255
183.691 0 195.358 255 0 0
193.285 0 206.368 255 0 0
181.771 -4.44089e-16 163.282 0 255 255
168.627 0 164.982 255 0 0
196.935 0 194.899 255 0 0
197.342 0 195.55 255 0 255
153.637 0 159.651 255 0 0
-1.42109e-14 38.4418 274.791 255 255 255
185.129 0 165.678 255 0 255
74.8749 555 181.779 255 0 0
555 215.073 170.627 255 255 255
171.061 0 173.131 0 255 255
191.022 0 159.384 255 0 255
119.889 0 161.326 0 255 255
161.434 0 154.233 0 255 0
176.908 0 176.232 255 255 0
176.902 -2.22045e-16 178.405 255 0 0
243.212 555 460.439 255 0 255
161.448 0 185.309 255 0 255
148.456 0 154.371 255 0 0
200.835 -2.22045e-16 176.321 255 255 0
181.821 0 185.907 255 0 0
187.087 0 180.292 0 255 0
0 152.176 310.376 255 255 255
173.027 0 171.06 0 255 0
186.947 0 192.66 0 255 255
187.856 0 150.225 0 255 0
257.047 0 431.685 255 0 0
147.027 0 174.241 255 0 0
174.948 0 172.502 255 0 0
148.406 0 180.102 255 0 0
196.208 0 156.943 255 0 0
189.507 0 180.782 255 0 0
189.782 2.22045e-16 172.982 0 255 255
174.421 0 149.237 255 0 0
180.765 5.55112e-17 188.322 255 0 0
198.292 0 171.666 255 0 255
168.326 -8.88178e-16 166.61 0 255 255
182.804 0 192.635 255 0 0
555 141.525 121.062 255 255 255
196.011 0 189.597 255 0 0
178.764 0 156.332 0 255 255
151.845 0 164.575 255 0 0
165.205 -1.77636e-15 163.725 255 0 0
155.089 0 177.418 0 255 255
183.313 0 160.718 0 255 255
207.099 121.617 555 255 255 255
191.418 0 155.888 0 255 255
195.366 0 168.527 0 255 255
190.179 0 191.595 255 255 0
190.359 0 108.546 255 0 0
0 126.813 263.611 255 255 255
200.868 0 161.684 255 0 255
165.627 0 188.56 0 0 255
163.995 0 165.913 255 0 0
183.035 0 186.85 255 0 255
190.055 0 154.805 0 255 255
195.862 0 180.411 0 255 255
215.344 0 299.032 255 255 255
191.87 0 165.856 0 0 255
170.23 0 176.798 255 0 0
163.029 0 156.629 0 255 255
151.602 0 174.44 255 0 0
199.094 0 154.809 255 0 0
182.518 0 187.185 255 255 0
178.392 0 201.517 255 0 255
191.402 0 190.394 255 255 0
182.091 0 169.382 255 0 0
273.05 0 88.9967 255 255 255
176.189 0 155.858 255 0 0
210.105 0 170.921 255 0 0
174.364 0 182.527 0 255 255
184.2 0 201.403 0 255 255
0 174.884 169.444 255 255 255
199.017 -2.22045e-16 176.927 255 255 0
503.348 0 190.363 255 255 255
169.883 0 177.526 255 255 0
188.721 0 163.983 0 255 255
181.599 0 170.54 0 255 0
173.758 0 154.378 255 0 0
186.12 0 183.87 255 255 0
185.985 0 145.273 255 0 255
181.594 4.44089e-16 168.984 0 255 255
172.225 0 144.597 255 0 0
172.802 -2.22045e-16 193.341 255 255 0
181.534 4.44089e-16 165.054 255 0 0
181.066 5.55112e-17 192.458 255 255 0
164.527 0 199.228 255 255 0
177.298 0 173.554 255 255 0
199.152 0 164.89 255 0 255
202.244 0 152.102 255 0 255
177.772 0 149.986 255 255 0
149.919 0 169.59 255 0 0
175.984 0 179.171 0 255 255
208.037 0 202.082 255 0 0
166.886 0 165.12 255 0 255
159.295 0 162.016 255 0 255
178.149 0 180.6 255 0 255
1.42109e-14 61.6808 170.489 255 255 255
154.559 0 178.578 255 0 0
192.174 0 178.285 255 0 255
175.206 0 164.766 255 255 0
555 297.959 254.377 255 255 255
192.895 0 168.54 255 0 255
184.456 0 148.025 255 0 0
164.905 0 192.925 255 0 0
183.306 0 180.93 255 0 0
156.599 0 196.491 255 255 0
191.416 0 167.944 255 0 0
192.156 0 183.482 255 0 0
186.239 0 160.404 255 255 0
155.154 0 171.037 255 255 0
206.802 0 160.361 255 0 0
180.757 0 174.372 0 0 255
195.335 -4.44089e-16 167.724 255 0 255
163.342 0 187.493 255 0 0
373.31 555 119.071 255 0 0
163.68 0 178.918 255 0 0
198.921 0 166.987 255 0 0
184.846 0 167.643 255 0 0
189.248 0 161.098 255 0 0
194.542 0 168.43 255 255 0
147.631 0 185.311 255 0 0
195.354 0 186.584 255 0 0
153.918 0 178.933 0 255 255
179.323 0 179.679 0 255 255
487.68 555 126.212 255 255 255
201.421 0 192.517 0 255 255
160.811 0 187.117 0 255 0
333.818 376.063 555 255 255 255
159.615 0 177.773 255 255 0
141.254 0 174.394 255 0 0
171.249 0 188.009 255 255 0
184.774 0 149.653 255 0 0
190.749 0 181.778 255 0 255
173.352 0 174.05 255 0 0
149.046 0 196.08 255 0 0
150.079 0 195.825 255 0 0
161.182 0 162.642 0 255 255
180.236 0 155.055 255 0 0
162.206 0 167.549 255 0 0
148.673 -1.77636e-15 158.879 0 255 0
164.473 0 168.425 255 0 0
182.819 0 181.69 0 0 255
172.49 0 173.056 255 0 0
146.608 0 163.322 255 0 255
189.947 0 176.334 0 255 0
205.125 0 173.949 255 255 0
184.497 0 179.366 255 0 255
201.071 0 167.566 0 255 255
171.96 0 149.291 255 255 0
160.253 0 186.989 255 0 0
51.8332 0 44.5902 255 0 0
176.327 0 185.915 255 0 0
156.368 0 192.76 255 0 255
168.678 0 182.616 255 255 0
36.3764 555 273.325 255 0 0
165.06 0 156.654 255 0 255
144.632 555 327.203 0 255 255
168.204 0 179.855 0 255 255
181.289 0 167.262 255 0 0
157.025 0 163.999 255 0 0
185.658 0 192.08 255 0 0
169.217 0 201.409 255 0 0
238.16 0 348.339 255 255 255
167.858 4.44089e-16 172.47 255 0 0
202.686 0 162.795 255 0 0
152.125 0 171.942 0 255 0
180.244 0 185.136 0 255 0
182.228 0 194.021 255 255 0
192.665 0 165.997 255 0 255
172.513 0 169.375 255 0 0
155.728 0 182.471 255 0 0
147.87 0 161.54 255 255 0
154.287 0 181.309 255 0 0
160.306 0 183.931 255 255 0
140.929 0 178.194 255 0 0
181.624 0 178.391 255 0 255
200.386 0 158.631 255 0 0
167.453 0 181.505 0 255 0
156.794 0 174.863 255 0 0
176.639 0 156.961 255 0 0
36.9593 -1.42109e-14 190.681 255 255 255
167.563 0 185.615 255 0 255
185.737 0 170.368 255 0 255
165.811 0 154.916 255 0 255
555 119.822 244.574 255 255 255
183.366 0 156.753 255 0 0
163.082 0 150.171 255 0 0
173.698 0 164.343 255 0 0
150.818 0 179.446 255 0 0
169.302 0 190.362 255 0 0
165.999 0 161.427 255 0 0
174.929 0 180.536 255 0 0
169.695 0 182.25 255 0 0
178.037 0 147.99 0 0 255
152.451 0 157.848 0 255 0
198.626 0 205.983 255 0 0
196.742 0 151.704 255 0 0
167.146 0 167.256 255 0 0
202.543 0 176.483 255 0 0
182.272 0 161.308 0 255 255
44.9259 1.42109e-14 285.673 255 255 255
175.434 0 165.644 0 255 0
172.913 0 178.439 255 0 255
164.035 0 186.784 255 0 0
178.483 0 183.251 255 0 0
183.045 0 194.352 0 255 255
333.484 1.42109e-14 130.155 255 255 255
174.677 0 170.141 255 0 0
203.834 0 166.142 255 0 255
170.977 0 162.879 255 0 0
160.344 0 183.192 255 0 0
215.053 0 21.917 255 255 255
188.624 0 187.145 255 0 0
154.176 -8.88178e-16 175.826 0 255 255
178.02 0 191.649 255 0 0
166.402 0 158.984 255 0 255
166.045 0 151.576 255 0 0
155.809 0 151.382 255 0 0
188.603 0 153.004 255 0 0
168.125 0 177.218 255 0 255
138.97 555 177.986 0 255 255
171.146 0 151.795 255 0 0
158.306 0 161.337 255 0 255
173.837 0 171.995 255 255 0
175.738 0 173.928 255 0 0
191.835 0 196.797 0 0 255
116.444 0 197.382 255 0 255
161.563 0 160.064 255 0 0
488.456 555 287.211 255 0 0
195.141 0 168.022 255 0 255
144.78 0 165.598 0 255 255
159.562 -8.88178e-16 180.238 0 255 255
187.413 0 174.267 255 0 255
178.468 0 197.834 255 0 0
107.777 555 535.487 255 255 0
243.618 0 474.908 255 255 255
187.693 0 178.394 255 255 0
170.896 0 158.297 255 0 0
186.682 0 169.087 0 255 255
189.07 0 172.567 255 0 0
153.426 0 170.101 255 255 0
174.754 0 174.671 0 255 0
148.33 0 175.992 255 0 0
169.9 -8.88178e-16 155.548 255 0 255
154.054 0 199.949 0 255 0
179.423 0 205.394 255 255 0
193.657 0 176.174 255 255 0
155.837 0 177.527 255 0 0
192.845 0 171.672 255 0 0
173.96 0 170.116 255 255 0
30.2418 0 366.548 255 0 0
143 0 166.492 255 0 255
176.815 0 176.301 255 0 0
159.421 0 198.492 255 0 0
180.837 0 165.154 255 0 0
186.327 0 185.867 255 0 0
179.942 0 191.983 255 0 0
151.909 0 184.247 255 0 0
166.293 0 172.037 0 0 255
197.777 0 184.473 255 0 0
208.052 0 177.62 255 255 0
190.713 0 171.863 255 255 0
178.921 0 174.593 255 255 0
148.534 0 177.456 0 255 0
111.767 555 172.007 255 255 255
199.34 0 172.02 255 0 0
170.314 0 171.87 255 0 0
202.356 0 194.903 255 255 0
181.386 0 170.905 255 0 0
193.536 0 159.112 0 255 0
178.435 0 179.713 0 255 0
193.684 0 184.542 255 0 0
178.087 0 175.829 255 0 255
0 173.417 217.777 255 255 255
205.704 0 178.809 255 0 0
171.82 0 155.765 255 0 255
344.938 -1.42109e-14 96.723 255 255 255
177.966 0 167.769 255 0 0
182.219 0 186.545 0 255 0
163.775 0 149.944 0 255 0
178.578 0 174.856 255 255 0
268.141 40.243 294.158 255 255 255
363.408 46.9222 268.632 255 255 255
237.532 -1.42109e-14 35.5668 255 255 255
367.74 94.5602 267.471 255 255 255
180.03 0 191.387 255 0 0
161.285 0 155.35 255 0 0
186.358 0 161.976 255 255 0
420.96 0 69.3654 255 255 255
169.204 0 178.215 255 0 0
183.519 0 184.119 255 0 0
190.737 0 179.882 255 0 255
160.469 0 181.235 255 0 0
180.448 0 152.625 255 0 0
162.021 0 186.045 255 0 255
164.354 0 155.221 255 0 0
204.896 0 184.706 255 0 0
203.732 0 185.325 255 255 0
178.876 0 190.937 255 255 0
207.974 0 173.87 255 0 0
153.024 0 171.066 0 255 255
182.225 0 159.413 255 0 255
197.117 0 183.262 255 0 0
183.262 0 184.209 255 0 0
206.604 0 159.697 255 0 0
177.711 0 184.003 255 0 0
164.625 0 174.267 255 0 0
144.937 0 162.577 255 0 0
0 17.4727 507.12 255 255 255
164.498 0 160.059 255 0 0
182.447 0 152.589 255 0 0
395.371 555 99.3661 255 0 0
149.953 0 178.651 255 0 255
158.053 0 156.361 255 0 0
181.022 0 178.83 255 0 0
176.64 0 160.287 255 0 0
192.912 0 191.667 0 255 0
160.287 0 193.214 255 0 0
160.96 0 160.676 0 255 0
182.032 0 175.254 255 0 0
172.112 0 175.254 255 0 0
188.51 0 158.165 0 255 255
142.826 0 178.598 255 0 0
146.256 0 182.812 255 0 0
143.931 0 174.366 255 0 255
188.289 0 176.257 255 255 0
182.319 0 172.558 255 0 0
149.635 0 164.971 255 0 255
181.939 0 171.594 0 255 255
152.087 0 169.392 255 0 0
122.967 555 213.445 0 255 255
174.196 0 179.724 255 255 0
188.335 0 186.736 0 255 0
171.88 0 186.276 255 255 0
164.084 0 185.85 255 0 0
280.506 56.3687 352.869 255 255 255
288.218 0 110.528 255 255 255
175.259 0 176.149 0 255 0
182.637 5.55112e-17 185.438 255 0 0
166.236 0 159.907 255 0 255
165.92 0 184.426 255 0 0
152.753 0 176.297 0 0 255
167.393 0 160.545 255 0 0
152.572 0 168.167 255 0 0
195.428 0 163.427 255 0 0
0 68.3327 6.90372 0 255 0
215.862 555 127.726 255 0 255
153.408 0 152.649 255 0 0
193.664 0 150.277 0 255 255
190.378 0 179.428 255 0 0
191.834 0 148.459 255 0 0
197.857 0 193.027 255 0 255
157.416 0 184.522 255 0 0
200.196 0 173.839 255 255 0
152.243 0 186.904 255 0 0
170.207 0 159.96 255 0 0
27.2796 0 260.117 255 255 255
164.143 0 158.589 255 0 0
166.321 8.88178e-16 170.133 255 0 255
174.583 0 206.088 255 0 0
173.082 0 164.519 0 255 255
160.199 0 167.323 255 255 0
146.131 0 158.186 0 255 0
158.027 0 174.713 255 0 0
191.097 0 163.217 255 0 0
214.979 0 60.0318 255 255 255
175.188 0 179.881 255 255 0
182.646 0 175.906 255 0 255
180.621 0 184.231 255 0 255
200.373 -2.22045e-16 175.603 0 255 0
162.488 0 162.6 0 255 255
171.22 0 161.972 255 0 0
173.968 0 197.01 255 0 0
182.952 0 151.867 255 0 0
174.693 0 163.362 0 255 0
185.091 0 184.217 255 0 0
156.874 -1.77636e-15 166.978 255 0 0
180.583 0 172.225 255 0 0
189.834 0 168.132 255 0 0
150.05 0 190.241 255 0 0
172.776 0 177.155 0 255 0
174.737 0 161.516 255 0 0
180.98 0 152.363 0 255 255
210.839 555 73.2273 255 255 0
0 363.051 102.037 255 255 255
203.139 0 166.474 255 0 0
202.068 0 164.692 255 0 0
185.984 0 179.269 255 0 255
0 30.0333 19.9045 255 255 255
179.279 0 161.784 255 0 0
186.949 0 168.444 255 0 0
161.161 0 187.357 0 255 255
154.934 0 147.995 255 0 0
179.98 0 186.064 255 0 0
182.514 0 164.211 255 0 0
185.123 0 170.099 0 255 255
176.734 0 188.666 255 0 0
266.226 111.277 299.576 255 255 255
165.907 0 191.916 255 0 0
203.207 0 171.916 255 255 0
189.538 0 164.969 255 0 0
165.626 0 183.518 255 0 0
181.495 0 181.049 255 0 0
145.932 0 185.877 255 255 0
172.773 0 171.882 255 0 0
181.026 0 182.132 255 0 0
170.42 0 155.466 255 0 0
170.616 0 171.592 255 0 0
183.165 0 168.338 0 255 0
189.355 0 169.698 255 0 0
174.339 0 193.466 255 0 0
161.622 0 168.999 0 255 0
174.084 0 191.314 255 0 0
13.3168 0 105.77 255 255 255
147.773 0 176.512 255 0 0
176.844 0 154.171 0 255 0
286.019 0 41.4433 255 255 255
154.442 0 191.831 255 0 255
203.116 0 155.306 255 0 0
171.643 0 169.655 255 0 0
194.545 0 202.444 255 255 0
155.688 0 200.181 255 0 0
187.611 0 169.228 255 0 0
174.232 0 154.322 255 0 255
135.91 0 168.63 0 255 255
0 9.66282 226.13 255 255 255
183.404 0 194.583 255 0 0
193.754 -1.38778e-17 192.688 0 255 255
189.295 0 196.861 255 0 0
168.083 0 154.873 0 255 0
179.552 0 151.747 255 0 0
171.858 0 179.786 255 0 255
183.854 0 156.926 255 0 255
169.815 0 180.224 255 0 0
175.35 0 151.013 255 255 0
183.412 0 136.364 255 255 0
182.464 -5.55112e-17 183.653 255 0 0
266.571 88.7423 294.579 255 255 255
152.993 0 171.799 255 0 0
173.591 0 179.222 255 0 0
143.45 0 186.931 0 255 0
168.243 0 168.606 0 255 255
154.935 0 187.947 255 0 0
183.824 0 159.284 255 0 255
179.933 0 171.585 255 0 0
185.396 65.8488 555 255 255 255
200.921 0 187.16 255 0 255
172.495 8.88178e-16 163.002 0 255 255
0 232.588 84.7844 255 255 255
179.93 0 156.94 255 0 255
192.774 0 156.386 255 0 0
299.457 0 195.838 255 255 255
170.893 0 179.305 255 255 0
163.678 0 190.363 255 255 0
555 67.1214 189.558 255 255 255
180.614 0 172.417 255 255 0
170.834 0 177.122 255 255 0
185.596 0 157.688 255 0 255
0 91.9676 161.618 255 255 255
157.418 0 163.277 255 0 0
149.723 0 174.085 255 0 0
199.026 0 192.458 255 255 0
179.31 0 192.5 255 255 0
179.754 0 181.598 255 0 0
295.988 202.897 410.65 255 255 255
185.451 0 186.597 255 0 0
180.027 -4.44089e-16 167.501 255 0 255
0 70.9004 223.181 255 255 255
185.175 5.55112e-17 196.717 0 255 255
0 12.2104 239.771 255 255 255
195.744 0 168.389 255 0 255
151.46 0 192.966 255 0 255
174.14 0 153.487 255 0 255
79.7628 0 206.187 255 255 255
154.437 0 159.123 255 0 0
154.039 8.88178e-16 196.063 255 255 0
152.363 0 192.42 255 0 255
165.823 -8.88178e-16 168.801 255 0 255
0 4.97115 400.379 255 255 255
155.471 0 164.743 0 255 255
173.541 0 188.546 255 0 255
196.241 0 160.527 255 0 0
182.56 0 153.672 255 0 0
1.42109e-14 46.1831 106.096 255 255 255
171.229 0 152.889 255 255 0
274.16 297.431 329.186 255 0 0
233.285 7.10543e-15 301.042 0 255 255
184.369 0 194.082 255 0 0
184.152 0 197.584 255 0 0
180.57 0 181.753 255 0 0
0 88.011 79.7494 255 255 255
183.688 0 159.568 255 0 0
179.605 4.44089e-16 164.525 255 0 0
163.981 0 195.606 255 0 255
179.793 0 187.434 255 0 255
240.429 555 58.9978 0 255 0
169.609 0 155.04 255 0 0
149.242 0 178.614 255 0 0
176.917 0 188.063 0 255 255
199.751 0 186.542 255 0 0
182.489 0 189.867 0 255 0
188.788 0 150.041 255 0 0
161.132 0 196.645 255 0 0
177.223 0 168.044 255 0 0
163.936 0 159.899 255 0 0
207.98 0 197.273 255 0 0
173.95 0 161.398 255 255 0
191.959 0 155.253 0 255 255
173.516 0 91.2675 255 0 255
164.465 0 185.414 255 0 0
150.524 0 193.491 255 0 0
181.671 0 180.909 255 0 0
183.082 0 178.379 255 0 0
165.258 0 184.193 255 0 0
196.266 0 157.073 255 0 0
191.912 0 150.912 255 0 0
203.938 0 191.061 255 0 0
164.593 -4.44089e-16 194.968 255 0 0
195.537 0 173.323 255 255 0
169.69 0 152.933 255 0 0
151.32 0 163.251 255 0 0
41.8425 0 155.376 255 255 255
176.825 0 179.343 255 255 0
17.993 0 138.014 255 255 255
204.819 0 172.524 0 255 255
173.615 0 155.567 255 0 0
270.955 270.365 293.404 0 0 255
175.987 0 178.107 255 0 0
172.202 0 149.468 0 255 0
269.777 555 75.8583 255 255 255
191.53 0 164.34 0 255 0
278.689 0 218.894 255 255 255
171.766 0 180.959 255 0 255
172.2 0 166.124 255 0 0
197.624 0 158.68 255 255 0
193.398 0 186.902 255 0 0
176.45 0 168.766 255 0 0
0 30.9715 400.067 255 0 0
169.976 0 189.055 255 255 0
225.409 555 548.335 255 255 255
169.838 0 190.511 255 0 0
160.876 0 176.935 0 255 0
179.492 0 164.997 255 0 0
174.778 0 161.819 255 255 0
150.882 0 161.228 0 255 0
160.378 0 164.15 255 0 0
180.701 0 177.422 0 255 255
159.612 0 313.863 255 255 255
187.973 0 187.461 255 0 0
172.5 0 202.946 255 0 0
159.503 -1.77636e-15 162.917 255 0 0
186.327 0 163.296 0 255 0
180.061 0 187.312 0 255 0
183.232 0 191.153 255 0 0
0 292.768 192.678 255 255 255
168.095 0 194.056 255 0 0
169.805 0 172.04 255 255 0
73.4289 0 241.434 255 255 255
164.964 0 202.451 0 255 0
205.082 0 174.086 255 0 0
158.376 0 151.799 0 255 0
144.402 0 178.634 255 0 0
172.218 0 192.633 255 0 0
189.798 0 198.714 255 0 0
168.076 0 176.201 0 255 0
146.108 0 172.018 255 0 0
178.941 0 152.2 255 0 0
170.737 0 158.203 255 0 0
280.492 290.471 352.819 0 255 255
154.323 0 164.397 0 255 255
164.25 0 192.408 255 0 0
191.459 0 192.582 0 255 255
183.937 0 185.271 0 0 255
154.847 0 176.052 255 0 0
173.024 4.44089e-16 168.496 255 255 0
179.867 0 145.887 255 0 0
145.58 -1.77636e-15 178.216 255 0 0
154.302 0 152.859 0 255 255
164.826 -4.44089e-16 184.733 255 0 0
175.427 0 198.657 255 0 0
192.952 -6.93889e-18 189.612 255 0 0
171.705 0 167.885 255 0 0
162.225 -4.44089e-16 196.018 255 255 0
51.4786 555 296.257 255 0 0
179.005 0 169.936 0 255 255
189.697 0 164.764 255 0 0
158.821 0 197.084 255 0 0
151.427 0 179.954 255 0 0
194.087 0 175.003 0 255 0
179.144 0 161.987 0 255 0
165.528 0 85.7982 0 255 255
185.908 0 186.89 255 0 0
168.029 0 161.626 255 0 0
175.011 0 160.556 255 0 0
188.899 0 160.802 255 255 0
176.236 0 173.506 255 0 0
196.9 0 164.386 0 255 255
179.759 0 171.749 0 255 0
192.174 -4.44089e-16 168.974 0 255 0
177.821 0 171.294 255 0 0
163.189 0 171.878 255 0 0
58.975 0 180.703 255 255 255
166.879 0 157.858 255 0 0
163.687 0 166.106 255 0 0
197.833 0 177.591 255 0 255
179.108 0 191.578 255 0 0
143.51 0 178.36 0 255 0
88.2619 555 177.512 255 0 0
172.878 0 177.339 255 0 0
193.193 0 154.5 255 0 0
185.309 0 176.659 0 255 0
156.643 0 180.014 255 255 0
190.301 0 200.757 0 255 255
187.383 0 176.934 255 255 0
193.447 0 169.21 255 0 0
187.696 0 190.65 0 255 255
156.557 0 171.046 255 0 0
179.056 0 191.487 255 0 0
178.855 0 181.856 0 255 0
194.948 0 163.964 255 0 0
185.668 -1.11022e-16 172.286 255 0 0
160.943 0 175.639 255 0 255
142.122 555 123.996 255 255 255
184.056 0 181.438 255 0 255
189.802 0 187.001 0 255 0
173.184 0 178.425 0 255 255
190.559 0 175.135 255 0 0
194.343 0 176.944 255 0 255
189.383 0 162.674 255 0 255
329.371 555 46.6243 255 255 255
149.201 0 154.877 255 0 0
178.952 0 179.783 0 255 255
198.54 555 158.227 255 255 255
160.667 0 179.365 255 0 255
195.198 -5.55112e-17 196.492 0 0 255
0 258.127 542.045 255 255 255
172.406 0 170.926 255 255 0
179.623 0 172.175 255 0 255
163.588 0 172.836 255 0 0
178.52 0 169.976 255 0 0
159.461 0 183.273 255 255 0
202.304 0 163.088 255 0 0
180.655 0 174.276 255 0 0
163.509 0 163.261 255 255 0
178.336 -2.22045e-16 182.207 255 0 0
178.447 0 206.439 255 0 0
181.578 0 181.809 255 0 0
142.365 0 183.923 255 0 0
171.408 0 164.17 255 255 0
157.022 0 175.477 255 0 0
198.275 0 194.78 255 0 255
191.296 0 167.714 255 255 0
166.712 0 159.117 255 255 0
151.392 0 165.71 255 0 0
39.9023 0 388.374 255 255 255
167.702 0 164.903 255 0 0
157.751 0 167 255 0 0
155.972 0 183.702 255 0 255
146.596 0 173.283 0 255 255
184.891 0 156.637 0 255 255
166.756 0 178.156 255 0 255
197.253 0 171.831 255 0 255
163.825 0 164.875 255 0 0
183.48 0 184.067 255 0 255
204.757 0 196.553 255 0 0
171.438 0 174.299 255 0 255
158.231 0 164.053 255 0 0
217.961 555 86.6646 255 0 0
183.86 0 192.533 255 0 0
174.662 4.44089e-16 161.851 255 0 0
161.134 0 163.769 255 255 0
203.468 2.22045e-16 179.036 255 0 0
319.109 310.946 280.501 255 255 255
143.112 0 167.537 255 0 0
268.342 160.516 294.105 255 255 255
168.402 0 169.594 255 0 255
189.861 0 178.179 0 255 255
166.949 0 166.339 0 255 0
136.354 0 188.629 0 255 255
149.545 0 164.309 0 255 255
151.783 0 177.78 255 0 0
177.762 0 193.737 255 0 0
157.888 0 193.086 255 0 0
179.07 0 184.527 255 0 0
181.831 0 182.691 0 255 255
161.471 0 178.173 0 255 0
158.992 0 169.077 255 0 0
183.892 0 169.182 0 255 0
151.681 0 170.187 255 0 0
159.117 0 187.671 255 0 255
161.924 0 179.842 255 0 0
191.581 0 175.848 255 0 0
152.451 0 164.208 0 255 255
177.37 0 174.615 255 0 0
191.389 0 166.013 255 0 255
167.776 0 185.008 255 0 0
92.7653 555 333.209 255 0 255
190.416 0 144.503 0 255 0
181.569 0 188.652 255 255 0
197.492 0 154.987 255 0 0
191.2 0 173.173 255 0 0
0 31.1358 300.382 255 0 0
149.061 0 165.624 255 0 0
159.771 0 178.026 255 0 0
163.352 0 167.205 255 0 0
198.411 -5.55112e-17 192.402 255 0 0
167.456 0 172.848 255 0 0
164.351 0 152.617 255 0 0
182.58 0 190.459 0 255 0
176.935 0 162.724 255 0 0
194.76 0 160.51 255 255 0
194.602 0 165.716 255 0 0
162.83 0 176 255 0 255
143.841 0 168.31 255 0 255
179.51 0 164.02 255 0 0
175.114 0 159.307 0 0 255
160.8 0 174.047 255 0 0
144.392 0 188.963 255 0 0
163.898 0 158.308 0 255 255
176.069 0 151.771 255 0 0
300.339 555 108.076 255 255 0
555 185.679 145.174 255 255 255
186.632 0 192.854 255 0 255
170.808 0 168.409 255 0 0
293.258 0 255.454 255 255 255
157.84 0 184.45 255 0 255
294.429 0 74.5765 255 255 255
191.884 0 179.019 255 0 255
169.406 0 164.229 255 0 0
151.477 0 192.626 0 255 0
294.011 207.806 403.271 255 255 255
172.932 0 171.87 255 0 255
195.291 0 189.072 0 255 255
141.512 0 386.263 255 255 255
168.792 0 192.037 0 255 0
150.195 0 158.228 255 0 0
157.537 0 187.73 255 255 0
179.057 0 159.642 255 0 0
158.228 0 189.108 0 255 0
164.788 0 160.208 255 0 0
197.175 0 179.927 255 0 0
157.313 0 186.651 255 0 255
265.447 246.517 296.668 255 0 255
275.671 195.205 292.141 255 0 0
165 0 189.823 0 255 0
68.604 555 519.56 255 0 0
173.699 555 165.864 0 255 0
165.289 0 169.099 255 0 0
0 141.455 244.74 255 255 255
160.06 0 176.82 255 0 255
160.253 0 180.019 255 0 0
169.323 8.88178e-16 163.51 255 0 0
183.058 0 152.758 255 0 0
155.926 0 188.87 255 0 0
184.982 0 162.251 255 255 0
179.4 0 153.816 255 255 0
184.711 0 173.564 255 0 0
178.175 0 171.194 255 0 0
159.351 0 185.209 255 0 0
150.572 0 158.217 255 0 0
152.094 0 183.935 0 255 0
206.411 0 164.264 255 0 0
154.498 0 170.05 255 0 255
174.412 0 160.319 0 255 0
152.108 0 163.906 255 255 0
169.81 0 157.275 255 0 255
165.956 0 173.252 255 0 0
151.105 0 181.989 255 0 0
0 28.4933 273.016 255 255 255
196.536 0 155.659 255 0 0
157.654 0 159.353 255 0 0
457.659 555 343.547 255 0 0
162.191 0 179.607 255 255 0
196.271 0 162.828 255 0 255
168.905 0 177.061 255 0 0
188.406 0 159.574 255 255 0
153.7 0 189.691 255 255 0
186.008 0 169.871 255 255 0
156.35 0 300.484 255 255 255
160.256 0 180.539 255 0 255
179.293 0 182.546 0 255 0
206.349 0 189.118 255 0 255
172.147 0 153.169 255 0 0
182.233 0 166.55 255 0 0
178.435 0 163.237 255 0 0
315.814 555 420.707 255 0 0
184.895 0 154.985 255 0 255
145.364 0 160.495 255 0 0
190.993 0 158.636 255 0 255
197.461 0 171.743 255 0 255
158.895 0 189.931 0 255 0
176.23 -8.88178e-16 158.482 255 0 0
59.7847 555 100.556 255 255 255
157.417 0 158.563 255 0 255
180.991 1.11022e-16 180.201 255 0 0
167.796 0 162.896 0 255 255
194.804 0 179.14 0 255 0
186.965 0 161.337 255 0 255
194.879 0 167.849 255 255 0
197.038 0 172.597 0 255 255
168.354 0 170.629 255 0 0
193.824 0 168.553 0 255 255
173.209 2.22045e-16 185.222 0 255 0
194.456 0 199.897 255 0 0
198.131 0 170.503 0 255 255
172.045 0 174.436 255 0 0
178.8 0 168.076 255 255 0
196.452 0 156.305 255 0 0
281.144 146.471 290.674 255 255 255
197.633 -1.11022e-16 180.135 255 0 0
187.106 8.88178e-16 153.359 0 255 0
313.895 306.771 281.899 255 0 0
164.562 0 154.387 0 255 0
181.936 0 164.087 255 255 0
174.172 0 184.727 255 255 0
181.738 0 169.296 255 0 0
161.959 0 172.677 255 0 0
229.643 0 366.565 255 255 255
0 122.284 62.9157 255 255 255
180.671 0 188.582 255 0 0
189.975 0 197.199 255 0 255
173.142 0 153.549 0 255 255
165.754 0 170.662 255 0 0
0 42.5241 87.301 0 255 255
173.297 -4.44089e-16 169.806 255 255 0
189.019 0 170.49 255 0 255
176.565 8.88178e-16 161.748 255 0 0
282.19 555 162.88 255 0 0
164.74 0 179.97 0 255 255
165.054 0 163.199 255 0 255
166.091 0 152.172 0 255 255
169.427 0 203.559 255 0 0
180.309 0 160.601 255 0 0
152.709 0 163.597 255 255 0
319.001 221.994 280.531 0 255 255
184.333 0 178.59 255 255 0
182.684 0 167.479 255 0 0
183.648 0 180.928 255 0 255
211.419 0 184.893 255 0 0
188.832 0 161.112 255 0 255
0 202.235 79.4269 255 255 255
156.977 0 193.205 255 0 0
167.234 -4.44089e-16 176.645 255 0 0
147.823 0 160.995 255 0 0
0 288.348 259.548 255 255 255
188.391 0 197.641 255 0 255
188.362 0 155.793 255 0 0
186.92 -2.22045e-16 171.801 255 0 0
175.771 0 156.652 255 255 0
193.615 -4.44089e-16 160.371 255 0 0
185.282 0 166.206 255 0 0
218.711 0 296.217 255 255 255
184.74 0 186.851 255 0 0
172.427 0 195.305 255 0 255
0 163.007 230.757 255 0 0
167.768 0 153.682 0 255 0
163.402 0 174.666 255 0 0
176.512 0 173.117 0 255 255
169.084 0 168.905 255 0 0
157.218 0 188.259 255 255 0
173.27 0 177.754 255 0 0
34.113 0 262.678 255 255 255
181.645 0 163.861 255 0 0
203.134 0 182.326 255 0 255
195.019 0 170.62 255 0 0
155.927 0 182.553 255 0 255
171.195 0 167.496 255 255 0
331.877 301.308 277.08 255 0 0
165.012 0 170.798 255 0 0
196.909 0 166.443 255 0 0
177.223 0 158.07 255 0 0
183.646 0 190.406 255 0 0
151.445 -1.77636e-15 161.515 255 0 0
459.921 555 196.055 255 0 255
356.701 555 401.743 255 255 255
159.675 0 191.366 255 0 0
191.113 0 157.542 255 0 0
150.281 0 175.917 0 0 255
166.147 0 185.377 255 255 0
145.533 0 176.587 255 255 0
299.425 555 451.732 255 255 255
207.527 0 194.589 255 0 0
187.876 0 161.86 255 0 0
167.269 0 176.05 255 0 255
204.477 0 194.08 255 0 0
166.527 0 156.524 0 255 255
167.186 0 167.683 0 255 255
163.406 0 162.971 255 0 0
165.553 0 172.819 0 255 255
199.608 0 174.473 255 0 0
169.184 0 157.146 255 0 255
193.57 0 199.481 255 255 0
180.055 8.88178e-16 152.689 255 0 255
161.499 0 145.284 255 0 0
154.539 0 185.972 255 0 0
151.865 0 157.294 255 0 0
186.421 0 167.304 255 0 0
160.023 8.88178e-16 177.215 255 0 0
168.615 0 189.986 0 255 255
189.056 0 187.831 255 0 0
254.635 555 86.897 255 0 0
117.97 0 234.552 255 255 0
168.897 0 181.721 255 0 255
171.362 0 182.282 255 0 0
185.698 0 152.288 255 255 0
189.354 0 161.809 255 0 0
164.237 0 164.836 0 255 0
166.832 0 156.873 255 0 0
159.059 0 189.954 0 255 255
166.783 0 187.669 255 255 0
154.143 0 199.934 255 0 255
174.379 0 173.953 255 0 0
158.579 0 185.978 255 0 255
152.862 0 173.636 255 0 0
189.418 0 149.866 255 0 0
190.593 0 172.929 255 0 0
176.284 0 198.637 255 0 0
182.912 0 196.716 255 255 0
163.155 0 201.853 255 255 0
199.893 0 181.869 255 0 0
159.967 0 186.909 255 0 0
166.346 0 183.869 255 0 255
194.832 0 188.881 255 255 0
168.787 0 178.123 255 0 0
183.122 0 169.166 255 255 0
200.871 0 166.546 0 255 255
190.981 0 183.193 0 255 255
187.649 0 179.072 255 0 0
0 26.0939 202.837 255 255 255
166.025 0 184.084 255 0 0
147.708 0 200.547 255 0 0
82.6284 0 270.854 255 255 255
178.125 0 194.289 255 0 0
172.771 0 182.55 255 255 0
195.828 0 195.967 255 0 0
162.291 -8.88178e-16 188.156 255 255 0
154.943 8.88178e-16 175.651 0 255 255
198.507 0 161.954 255 0 0
185.443 0 155.116 0 255 255
0 112.665 112.879 255 255 255
163.678 0 171.127 255 0 0
168.472 0 165.806 0 255 255
203.342 0 182.64 255 0 0
111.658 555 76.0231 255 0 255
183.944 0 196 255 0 255
156.694 0 185.848 255 0 255
166.381 0 149.967 255 0 0
164.965 0 170.689 255 0 0
193.975 0 190.373 0 255 255
197.483 0 186.295 255 0 0
175.485 0 168.001 255 0 255
197.938 0 200.026 255 0 0
150.586 0 169.076 255 255 0
190.798 0 192.509 255 255 0
185.474 0 170.551 255 0 0
165.328 0 165.485 255 0 255
192.481 4.44089e-16 168.835 255 0 0
181.145 0 156.874 255 0 255
193.551 0 168.859 255 0 0
170.521 0 154.856 255 255 0
196.255 0 173.708 255 0 0
191.075 0 159.224 255 0 0
177.595 0 187.858 255 0 255
143.242 0 188.706 0 255 255
316.923 0 205.732 255 255 255
178.751 0 166.682 255 0 0
169.008 0 160.297 255 0 0
194.674 2.22045e-16 172.582 255 0 0
155.201 1.77636e-15 166.111 255 255 0
157.017 0 201.584 255 0 255
197.813 0 193.36 255 255 0
207.101 0 201.926 255 0 0
182.727 0 150.14 255 0 255
156.448 0 154.374 255 0 0
159.229 0 178.527 0 255 0
191.12 0 168.454 255 0 0
165.218 0 149.646 255 0 255
161.731 0 161.955 255 0 255
189.292 0 191.048 255 255 0
194.068 0 167.309 255 0 0
173.827 0 187.353 255 0 0
277.77 302.537 291.578 255 255 0
209.194 0 175.999 255 0 0
154.874 0 186.394 255 255 0
165.425 0 188.707 255 0 0
192.957 0 179.969 255 0 0
190.508 0 192.792 255 0 0
146.17 0 163.806 255 0 0
319.623 222.054 280.364 255 255 255
181.652 0 185.777 255 0 0
190.538 0 148.421 255 0 0
146.91 0 165.966 255 0 255
171.306 0 175.13 255 255 0
201.661 0 175.067 255 0 0
165.191 0 170.519 255 0 255
186.317 0 204.769 0 255 255
162.622 0 160.22 255 255 0
148.125 0 206.924 255 0 0
192.795 0 172.389 0 255 255
191.014 0 153.053 255 0 255
179.393 0 159.206 255 0 0
179.569 0 163.572 255 0 0
183.979 0 146.866 255 0 0
164.468 8.88178e-16 163.513 255 0 255
194.246 0 190.873 255 0 0
206.067 0 149.048 255 0 0
160.978 -8.88178e-16 162.091 255 0 0
190.293 555 121.123 255 0 0
114.793 555 53.113 255 255 255
206.331 0 173.342 0 255 255
172.178 0 183.238 255 0 0
153.598 0 189.386 0 255 0
171.323 0 165.83 0 255 0
177.215 4.44089e-16 166.747 255 255 0
0 22.3701 173.162 0 255 255
145.862 0 171.353 255 255 0
206.981 0 184.522 255 0 0
176.134 -2.22045e-16 184.309 255 0 0
189.883 0 186.794 255 255 0
164.962 0 171.632 0 255 0
190.263 0 192.326 255 0 0
154.44 0 181.866 255 0 0
165.123 0 174.127 255 0 0
248.75 555 494.91 0 255 0
192.451 0 172.96 255 255 0
208.624 0 166.052 255 255 0
160.561 0 183.981 255 0 0
197.527 0 167.159 255 0 0
171.357 0 176.524 255 0 0
186.479 0 164.504 255 0 255
176.73 0 183.017 255 0 0
185.973 0 176.967 0 255 0
451.852 555 238.142 255 255 0
150.013 0 179.129 255 0 255
67.0335 0 232.369 255 255 255
180.886 0 166.241 255 0 0
174.558 0 186.602 0 255 0
181.18 0 185.692 255 0 0
151.731 8.88178e-16 196.652 255 255 0
172.425 0 180.132 255 0 255
166.177 0 186.295 255 0 0
183.356 5.55112e-17 196.472 255 0 255
188.722 0 197.41 255 0 0
201.345 0 157.938 255 0 0
158.604 0 185.322 0 255 0
0 300.541 312.314 255 255 255
169.425 0 153.795 255 0 0
171.732 0 161.089 0 255 255
176.17 0 153.288 255 0 255
166.098 0 179.483 0 255 0
159.603 0 158.299 255 0 0
115.217 76.1184 555 255 255 255
158.796 0 169.089 0 255 255
0 319.351 219.821 255 255 255
187.926 0 151.433 255 0 0
191.12 0 193.533 255 0 0
153.741 0 165.094 255 0 255
203.002 0 157.089 255 0 0
169.613 0 197.448 255 0 0
0 198.547 294.895 255 255 255
259.976 0 319.792 255 255 255
173.57 0 174.356 0 255 255
36.3376 0 142.172 255 255 255
154.934 0 167.759 255 0 255
269.167 292.438 310.55 255 0 0
188.332 0 183.404 255 255 0
0 200.919 289.889 255 255 255
193.515 0 181.08 255 0 0
167.904 0 158.313 0 255 255
182.205 0 191.238 255 0 0
197.824 0 198.836 255 0 0
173.188 0 182.948 255 0 255
182.904 0 166.342 255 0 0
171.601 0 195.403 255 0 255
283.66 207.413 290 255 255 255
191.372 0 180.571 255 0 0
200.331 0 176.583 0 255 255
161.143 0 177.199 255 0 0
190.935 0 164.53 255 0 0
0 28.2377 86.2336 255 0 0
176.445 4.44089e-16 166.057 0 255 255
205.525 0 157.228 255 0 0
173.765 0 180.838 255 0 0
175.239 0 162.83 255 0 255
153.263 0 173.894 0 0 255
188.459 0 152.703 0 255 255
183.01 -5.55112e-17 184.383 255 0 0
198.856 0 167.887 255 255 0
180.17 0 151.762 255 0 0
201.043 0 155.202 255 0 0
168.713 0 172.409 255 0 255
163.755 0 184.817 255 0 0
159.276 8.88178e-16 195.372 0 255 0
185.593 0 196.678 255 255 0
166.245 0 156.458 255 0 0
173.782 -2.22045e-16 181.377 0 255 0
243.599 555 69.7699 0 255 0
163.826 0 203.922 255 0 0
0 188.881 190.605 255 255 255
170.775 0 164.543 0 255 255
0 236.118 514.555 255 255 255
173.336 0 158.772 255 0 255
167.243 0 164.177 255 0 0
287.835 555 159.888 255 0 0
183.916 0 170.001 255 0 0
147.442 0 172.851 255 255 0
180.561 -8.88178e-16 83.7406 255 0 0
187.862 0 186.406 0 255 255
166.597 0 185.508 0 255 0
182.871 0 147.499 255 255 0
181.787 0 162.12 255 0 0
192.035 0 173.377 255 0 255
555 520.19 147.811 255 255 255
177.322 0 187.457 255 255 0
156.754 0 117.2 255 255 0
172.835 0 154.655 255 255 0
174.995 0 184.327 255 255 0
170.181 0 173.944 255 0 0
189.958 0 196.606 255 0 0
136.91 0 162.875 255 255 0
159.155 -1.77636e-15 158.487 255 255 0
186.339 0 156.945 0 255 0
172.049 0 155.154 255 0 0
196.764 0 181.173 255 0 255
189.222 0 200.211 255 0 0
172.58 0 174.349 255 0 0
176.915 0 152.74 255 0 0
157.196 0 182.983 255 0 0
177.428 0 175.855 0 255 255
177.261 0 194.081 255 0 0
164.448 0 190.141 255 0 0
446.011 555 84.0259 255 0 0
182.871 0 155.22 255 0 0
178.787 0 200.85 255 0 0
157.666 0 198.302 255 0 0
158.789 0 198.4 255 255 0
195.375 0 165.344 255 0 255
191.946 0 166.879 255 0 0
182.38 0 158.791 0 255 0
194.598 1.11022e-16 176.949 255 255 0
176.327 2.22045e-16 187.205 255 0 0
196.483 0 173.02 255 255 0
148.935 0 189.501 255 0 0
161.44 0 174.811 255 0 0
170.687 0 187.319 255 0 0
191.521 0 180.227 255 0 0
163.207 -1.77636e-15 163.845 255 0 0
176.944 0 152.936 255 0 0
281.423 0 246.427 255 255 255
202.474 -1.11022e-16 189.105 255 0 0
203.494 0 165.056 255 0 255
177.138 0 144.627 255 0 0
205.035 0 165.063 255 0 0
192.081 -2.22045e-16 175.17 255 0 0
184.712 0 176.314 255 0 0
200.536 0 181.193 255 0 0
159.381 0 179.442 255 0 0
149.714 0 185.618 255 255 0
203.373 0 169.398 255 0 255
191.396 0 397.534 255 255 255
174.226 0 193.945 255 0 255
155.908 0 173.808 0 255 255
199.784 0 194.017 255 0 0
160.509 0 184.485 255 0 0
205.295 0 190.996 0 0 255
195.528 0 188.185 255 0 0
195.352 0 179.035 255 0 0
203.128 0 177.522 255 0 0
163.879 0 170.216 255 0 0
192.904 0 174.556 255 0 0
191.099 0 163.408 255 0 0
191.967 0 189.211 255 0 0
298.142 0 176.389 255 255 255
160.207 0 186.833 255 0 0
209.07 0 152.486 255 0 255
184.724 0 166.497 255 255 0
164.086 -8.88178e-16 165.784 255 255 0
196.757 0 191.537 255 0 0
171.408 4.44089e-16 173.582 255 0 0
155.623 0 169.002 255 0 0
166.145 0 189.111 255 0 255
184.299 0 189.945 0 255 255
163.679 0 172.888 0 0 255
190.752 -2.22045e-16 207.53 255 255 0
176.287 0 157.625 255 0 0
0 111.399 53.3171 255 255 255
239.215 0 79.2517 255 255 255
156.239 0 172.899 0 255 255
154.907 0 364.014 255 255 255
40.191 8.88178e-16 214.787 0 255 0
198.597 -5.55112e-17 187.984 255 0 0
168.153 0 156.715 0 255 0
165.289 0 162.211 255 0 0
162.605 0 182.453 255 0 0
136.222 0 177.91 255 255 0
171.852 0 181.788 255 0 0
176.215 0 179.926 255 0 0
163.09 0 164.262 255 255 0
163.908 0 181.736 0 255 255
204.387 8.88178e-16 156.313 255 255 0
156.715 0 155.747 255 0 0
198.754 0 183.747 0 255 255
432.267 555 81.8777 255 255 0
156.077 0 182.19 255 255 0
167.875 0 190.2 255 0 0
168.58 1.77636e-15 152.029 255 0 255
153.58 0 184.832 255 0 255
184.916 0 170.212 255 0 0
168.198 0 171.544 255 0 0
0 4.36086 161.823 255 0 255
181.214 0 162.624 255 0 0
201.457 8.88178e-16 159.99 255 0 255
0 94.4147 339.867 255 255 255
155.072 0 174.871 255 0 0
172.457 0 189.498 0 255 0
203.661 0 182.307 255 0 0
174.715 0 185.637 255 0 0
255.41 555 114.21 255 0 0
161.15 0 199.214 255 0 0
179.879 8.88178e-16 162.687 255 255 0
170.751 0 163.294 0 255 255
186.18 0 158.443 0 255 255
225.951 555 103.329 255 255 0
205.983 0 154.762 255 255 0
162.784 0 158.703 255 0 0
158.042 0 175.272 255 0 255
0 236.741 348.269 255 255 255
172.366 0 167.341 255 0 255
164.198 0 173.399 0 255 0
187.473 0 182.955 255 0 0
317.356 0 175.213 255 255 255
180.173 0 176.188 0 255 0
191.532 0 158.752 0 0 255
203.361 0 196.928 255 0 255
151.424 0 194.773 255 0 255
388.187 0 46.4167 255 255 255
176.48 1.11022e-16 191.115 0 255 0
479.87 0 251.886 255 255 255
139.846 0 317.315 255 255 255
180.074 0 201.293 255 0 0
182.976 0 159.016 0 255 255
172.626 0 164.534 0 255 0
179.882 0 179.917 255 0 0
288.279 0 432.268 255 255 255
321.842 0 46.251 255 255 255
555 330.102 96.4451 255 255 255
0 445.012 136.17 255 255 255
19.1116 555 112.136 255 255 255
186.942 0 207.39 255 0 0
148.315 0 192.66 255 0 0
176.488 -4.44089e-16 167.803 0 255 0
167.936 0 154.353 0 255 255
161.143 0 178.582 255 0 0
159.698 -1.77636e-15 153.226 255 0 0
555 75.1673 156.642 255 255 255
183.765 0 195.965 255 0 0
166.816 0 170.178 255 0 0
160.88 0 186.92 255 0 0
170.922 0 171.779 255 0 0
201.13 -2.22045e-16 176.512 255 255 0
108.385 0 288.138 255 255 255
153.776 0 161.516 255 0 0
190.352 -8.67362e-19 188.966 255 0 0
183.964 0 164.87 0 0 255
176.472 0 168.646 255 0 0
192.571 0 182.783 255 0 0
148.873 0 156.658 0 255 0
0 172.534 211.043 255 255 255
162.936 0 195.332 255 0 0
172.734 0 145.708 255 0 0
0 54.1924 180.111 255 255 255
196.322 0 185.381 255 0 0
184.831 0 184.212 255 0 0
202.818 0 169.647 255 0 255
202.646 0 193.747 0 255 255
375.369 0 168.228 255 255 255
167.116 4.44089e-16 165.861 255 0 255
164.082 0 167.949 255 0 255
0 137.096 179.384 255 255 255
188.393 0 192.774 255 0 0
198.138 0 189.62 0 0 255
185.654 0 168.26 255 0 0
169.602 0 174.221 255 0 0
193.527 0 169.569 255 0 0
187.93 0 187.927 0 0 255
180.704 0 158.192 255 0 255
174.101 0 173.332 0 255 255
171.603 0 178.252 0 255 255
171.478 0 145.272 255 0 0
191.369 0 173.74 255 255 0
166.648 0 166.293 255 0 0
149.91 0 165.353 255 0 255
88.3485 555 289.167 255 0 0
163.445 0 171.723 255 0 0
168.811 0 183.339 255 0 0
169.626 0 165.452 0 255 255
159.554 0 175.789 255 255 0
169.301 0 190.281 255 0 0
168.621 0 182.709 255 0 0
178.139 0 170.866 255 0 0
187.979 0 158.271 255 0 0
195.29 0 173.858 255 0 0
25.0266 89.2462 555 255 255 255
156.197 0 190.253 255 0 255
193.119 0 156.817 0 255 255
155.87 0 183.573 255 0 0
180.47 0 191.906 255 0 0
163.505 0 183.59 255 0 0
178.799 0 182.204 255 0 255
151.362 0 153.624 255 0 255
188.586 0 150.447 255 0 0
196.449 0 173.285 0 255 255
164.077 0 197.697 255 0 0
0 87.6263 237.857 255 255 255
180.097 0 179.613 0 255 0
161.518 0 185.694 255 0 0
171.062 0 193.929 255 0 0
181.012 0 172.09 255 255 0
143.811 0 181.68 255 255 0
193.332 0 193.684 255 0 255
195.611 0 188.48 255 255 0
158.907 0 186.571 255 0 0
178.923 0 170.607 255 255 0
152.645 -1.77636e-15 189.483 255 0 255
185.548 0 152.962 0 255 255
212.329 0 277.893 255 255 255
178.833 0 148.776 255 0 0
186.199 0 191.865 0 255 0
195.935 0 196.122 255 0 0
153.681 0 179.761 255 255 0
172.935 0 177.719 0 255 255
191.174 0 169.684 0 255 255
161.562 0 176.958 255 0 255
179.233 0 160.126 0 255 0
0 49.5284 363.29 255 255 255
167.647 0 177.487 255 0 0
157.448 4.44089e-16 185.728 255 0 0
179.349 0 164.271 0 255 255
155.628 0 173.57 255 0 0
166.747 0 167.908 255 0 0
47.5881 0 10.0559 255 255 255
185.862 0 174.831 255 0 255
159.214 1.42109e-14 403.747 255 255 255
162.307 0 158.116 0 255 255
399.886 0 177.354 255 255 255
168.211 0 159.804 0 255 0
182.888 0 175.817 255 0 0
312.089 113.857 282.383 255 255 255
149.105 8.88178e-16 190.709 255 0 0
170.927 0 147.011 0 0 255
126.317 555 90.066 255 255 255
163.433 0 159.958 255 0 0
152.026 0 159.297 255 0 0
199.968 0 158.973 0 255 255
144.397 0 170.253 255 255 0
0 248.837 447.624 255 255 255
177.255 2.22045e-16 176.449 255 0 0
188.193 0 180.332 0 255 0
0 60.7765 337.291 255 255 255
176.934 0 170.916 255 255 0
265.499 -1.42109e-14 382.633 255 255 255
148.416 0 166.296 255 0 0
168.159 0 176.695 0 255 0
159.996 0 166.207 255 0 0
171.39 0 172.414 255 0 0
174.844 0 179.337 255 0 0
171.414 0 168.629 255 0 0
163.413 0 192.43 0 255 255
169.009 -4.44089e-16 196.443 255 255 0
176.556 0 156.723 255 0 0
188.83 0 150.953 255 0 0
163.822 0 185.613 255 0 255
153.999 0 187.407 255 0 0
187.7 0 165.542 255 0 0
183.471 0 176.414 255 0 0
163.943 0 173.102 255 0 255
228.26 555 151.559 255 0 0
180.65 0 177.172 255 0 0
157.729 0 177.922 0 255 0
186.014 0 153.555 0 255 0
192.103 0 168.549 255 0 255
191.847 0 181.282 255 0 255
181.082 0 171.089 255 0 0
162.183 0 157.202 255 0 0
186.975 0 178.311 255 255 0
166.366 0 177.242 255 0 0
193.078 0 189.238 255 0 0
158.467 0 194.518 0 255 0
180.226 0 167.847 255 0 0
158.541 0 181.412 255 255 0
197.197 0 52.4404 255 0 255
170.149 0 179.682 255 0 0
166.23 0 177.841 255 0 0
202.661 0 188.087 255 0 255
170.065 0 194.117 255 0 0
189.622 0 162.192 255 0 0
555 133.568 246.397 255 255 255
274.541 -1.42109e-14 56.3597 255 255 255
196.361 0 152.674 255 255 0
187.096 0 179.544 255 255 0
180.609 0 157.577 0 255 0
199.395 0 153.47 255 0 255
165.829 0 162.112 0 255 0
180.981 0 162.199 255 0 255
150.428 0 184.169 0 255 0
190.801 0 171.218 255 0 0
154.819 555 402.122 255 0 0
172.555 0 184.596 255 0 0
0 192.008 142.062 255 255 255
166.253 0 166.546 255 0 0
304.052 224.767 284.536 255 255 255
176.876 0 165.802 255 0 0
203.795 0 194.942 255 0 0
1.42109e-14 91.9944 194.315 255 255 255
187.314 0 227.992 255 255 0
160.145 0 161.967 255 0 0
173.989 0 175.467 255 0 0
188.56 0 163.8 255 0 255
178.794 0 186.036 0 255 255
174.156 0 165.267 255 0 255
155.911 0 169.062 255 0 0
159.625 0 191.598 0 0 255
412.591 555 335.569 255 0 0
182.772 -4.44089e-16 163.774 255 0 0
171.537 0 155.787 255 0 255
195.333 0 186.728 255 0 0
166.611 4.44089e-16 179.997 255 0 0
186.11 0 329.79 255 255 255
148.324 0 164.981 255 0 0
179.947 1.11022e-16 182.189 255 0 0
209.827 0 162.026 0 0 255
168.797 0 178.06 255 255 0
172.969 0 172.28 255 255 0
197.117 0 175.134 255 0 0
199.281 0 160.605 0 255 0
283.375 305.332 363.576 255 0 0
164.077 0 191.831 255 0 255
170.238 0 165.459 255 0 0
187.158 0 179.049 255 0 0
172.489 0 194.008 255 0 0
172.067 0 172.93 255 255 0
182.687 0 191.691 255 0 0
162.212 0 178.644 255 0 0
162.67 0 192.522 255 0 0
149.624 0 165.76 255 0 0
196.04 0 154.804 255 0 255
155.995 0 170.352 0 255 255
180.07 0 167.373 255 0 0
176.57 0 166.395 255 0 0
197.105 0 206.777 255 0 0
276.842 1.42109e-14 349.474 255 255 255
207.037 -2.22045e-16 191.544 255 0 255
0 166.775 315.522 255 255 255
161.797 0 179.877 255 0 0
196.965 0 172.983 255 0 0
155.282 -8.88178e-16 203.93 255 0 0
171.943 0 165.674 255 0 0
148.367 0 180.953 255 0 0
180.664 0 188.64 255 0 0
160.612 0 175.299 255 255 0
207.73 0 182.101 255 0 0
177.077 -8.88178e-16 155.8 255 0 255
172.554 -4.44089e-16 170.839 0 255 0
194.743 0 184.267 255 0 255
149.126 0 181.948 0 255 0
161.135 0 158.677 255 0 255
178.442 0 173.924 0 255 255
178.787 0 183.828 255 255 0
195.768 0 181.409 255 0 255
381.342 555 94.7695 255 255 0
186.119 0 163.748 255 0 255
166.486 0 191.526 255 255 0
185.465 0 169.149 0 255 0
207.379 0 193.237 255 0 0
288.415 555 513.124 255 255 255
184.514 0 174.23 255 0 0
165.894 0 162.776 255 255 0
162.236 0 174.134 0 255 255
0 32.3036 198.139 255 255 0
203.404 0 161.126 255 0 0
186.049 0 182.801 255 0 0
151.894 0 183.25 255 0 0
187.717 0 152.154 255 0 0
162.618 0 184.039 0 255 255
169.014 0 149.58 255 255 0
164.258 0 184.642 255 0 0
157.382 0 182.298 255 0 0
182.032 0 175.788 255 0 0
207.905 0 192.14 255 0 0
51.975 314.074 555 255 255 255
195.07 0 175.092 255 0 0
0 12.8548 114.956 255 0 0
172.769 555 100.002 0 255 255
174.708 0 188.342 0 255 0
150.119 0 183.908 255 0 0
0 63.756 143.445 255 0 255
56.0405 555 33.2832 255 0 0
141.892 0 180.43 0 255 0
190.318 0 171.149 255 0 0
156.89 -8.88178e-16 196.931 255 0 0
298.557 282.697 286.008 255 0 0
175 0 172.402 255 0 0
189.106 0 157.395 255 255 0
152.853 0 151.832 255 0 0
180.671 0 151.255 255 0 255
187.673 0 164.398 255 0 0
168.773 0 162.359 255 0 0
196.963 0 176.894 255 0 0
166.105 0 149.242 255 255 0
199.453 8.88178e-16 155.483 0 255 0
179.92 0 184.984 0 255 0
175.888 0 174.27 255 0 0
147.705 0 173.366 255 255 0
186.185 0 185.877 255 0 255
161.733 0 174.08 255 0 0
152.206 0 156.555 0 255 0
199.649 0 198.941 0 255 255
182.029 0 147.812 255 0 0
175.9 0 169.81 255 0 0
184.301 0 165.619 0 255 255
172.215 0 205.479 0 255 0
189.441 0 153.063 255 0 255
186.896 0 150.854 255 255 0
145.462 0 196.417 255 0 0
172.028 555 548.382 255 0 255
176.109 0 160.402 255 0 255
177.94 0 173.268 255 0 255
186.209 0 170.113 0 255 255
186.946 0 187.238 0 255 255
158.923 0 166.03 0 255 0
268.313 0 250.994 255 255 255
166.176 0 155.665 255 0 255
198.638 0 171.455 255 0 0
155.425 0 167.218 255 0 0
210.567 0 184.497 255 0 0
194.894 0 152.906 255 0 0
184.847 0 178.623 0 255 0
166.307 0 202.01 255 0 0
0 182.846 152.675 255 255 255
50.3376 555 280.447 255 255 255
0 5.47146 134.614 255 255 0
183.819 0 182.835 255 0 0
149.038 0 188.617 255 0 0
161.165 -4.44089e-16 190.206 255 0 0
166.772 0 158.327 0 255 0
184.78 0 166.332 0 255 255
205.133 0 165.748 255 0 0
176.33 8.88178e-16 152.929 0 255 255
178.854 0 146.83 255 0 0
195.466 0 147.406 0 255 255
177.165 0 200.961 255 0 255
434.601 555 133.576 255 0 0
178.409 0 156.125 255 0 0
183.193 0 170.826 0 255 0
165.864 0 165.952 255 0 0
357.579 0 30.8542 255 255 255
184.362 0 188.268 255 0 255
176.409 0 166.295 255 0 0
185.141 0 160.902 0 255 255
182.367 0 177.697 255 0 0
175.477 0 196.308 255 255 0
163.772 -8.88178e-16 171.702 255 0 0
204.127 0 175.846 255 0 255
177.185 0 153.338 255 0 0
180.201 0 196.633 255 0 0
232.138 555 173.204 255 0 0
185.59 0 191.753 255 0 0
446.686 555 274.133 255 255 255
144.961 0 169.416 255 0 0
189.853 -5.55112e-17 205.343 0 255 0
174.18 0 202.38 0 255 255
185.566 0 185.66 255 0 0
187.181 0 167.554 0 0 255
173.262 0 190.652 255 0 0
49.9106 1.42109e-14 136.591 255 255 255
155.734 0 185.061 0 255 255
163.938 4.44089e-16 176.465 255 255 0
178.09 0 153.831 0 255 0
189.753 0 160.282 255 255 0
162.823 1.77636e-15 159.885 255 0 0
198.576 -5.55112e-17 187.903 255 0 0
167.223 0 197.816 255 0 0
210.841 555 115.369 0 255 0
167.463 0 174.913 255 0 0
173.907 0 199.708 255 0 0
162.031 0 172.514 0 255 255
168.141 0 158.796 255 0 255
165.805 0 174.274 255 0 255
155.416 8.88178e-16 176.012 255 0 0
176.963 0 172.101 255 0 0
180.999 -5.55112e-17 186.976 255 0 0
158.378 0 167.471 255 0 0
154.786 0 183.156 0 255 255
184.321 0 191.24 255 0 0
199.333 0 162.797 255 0 0
190.546 0 182.973 255 255 0
179.803 5.55112e-17 191.13 255 0 255
190.73 0 170.056 255 0 0
191.69 0 163.321 255 0 255
168.555 0 183.637 255 0 255
300.514 0 127.183 255 255 255
175.296 0 200.051 0 255 255
183.115 0 170.598 255 0 0
285.76 178.791 289.437 255 255 255
185.734 0 176.77 255 0 0
144.304 0 180.019 255 0 0
168.463 -1.77636e-15 163.794 0 255 255
188.897 0 194.051 255 0 0
200.014 8.88178e-16 159.886 255 0 0
167.352 2.22045e-16 190.637 0 255 255
191.773 0 187.505 255 0 0
197.306 0 191.913 255 0 0
160.332 0 183.089 0 255 255
178.384 0 172.452 0 0 255
197.928 0 147.1 255 0 255
555 114.997 149.728 255 255 255
187.842 0 152.547 255 0 255
159.651 0 176.608 255 0 0
176.738 0 159.33 255 0 255
166.089 0 189.912 255 255 0
158.13 0 181.138 255 0 0
193.237 0 191.334 255 0 0
152.267 0 169.881 255 0 0
176.549 0 163.329 255 0 0
196.91 0 175.236 255 255 0
163.179 0 177.462 255 0 0
145.46 0 179.653 255 0 0
180.889 0 160.482 0 255 0
144.268 0 177.468 0 255 255
180.465 0 162.37 255 0 0
503.402 555 149.169 255 0 0
183.746 0 184.459 255 0 255
188.812 0 199.342 0 255 255
0 66.7528 386.498 255 255 255
193.027 0 182.824 255 0 0
187.412 0 186.5 0 255 255
306.736 555 396.578 255 0 0
170.443 0 171.584 255 0 0
170.46 0 172.342 255 0 0
155.234 8.88178e-16 167.958 0 255 255
194.741 0 162.999 0 0 255
163.766 0 184.448 255 255 0
297.861 141.747 286.195 255 255 255
180.609 2.22045e-16 174.35 255 0 0
203.219 0 162.765 255 0 0
153.738 0 188.71 255 0 0
178.085 0 153.735 0 255 255
277.993 555 148.123 255 0 0
245.478 0 29.6213 255 255 255
160.444 0 172.282 255 0 0
189.303 0 184.507 0 255 255
188 0 175.949 255 255 0
164.01 0 188.122 255 0 0
85.7913 555 345.383 255 0 255
143.015 0 181.766 255 0 255
194.426 0 199.208 255 255 0
170.444 0 146.236 0 255 0
196.339 -2.22045e-16 164.545 255 0 0
192.896 -8.88178e-16 162.247 255 0 255
176.283 0 189.655 255 0 0
156.433 0 192.337 0 0 255
137.165 0 173.695 255 0 0
174.165 0 155.227 255 0 0
183.635 1.11022e-16 181.865 0 255 0
162.292 0 178.512 0 255 255
143.844 0 198.156 255 0 0
297.06 233.24 286.41 0 0 255
175.911 0 166.334 255 0 0
194.211 0 192.743 255 0 0
182.542 0 201.687 255 0 0
167.823 0 188.162 255 0 0
161.635 0 181.013 0 255 255
161.848 0 170.185 255 0 0
0 30.6025 52.3231 0 255 0
155.147 0 182.549 255 255 0
172.647 0 182.672 255 0 0
190.941 0 163.033 255 0 0
203.586 0 177.823 0 255 0
490.943 555 61.7601 255 0 0
191.385 0 171.348 255 0 0
176.167 0 164.014 255 0 0
172.222 0 163.188 255 255 0
243.377 0 417.279 255 255 255
174.369 0 185.905 0 255 255
164.636 0 180.82 255 0 255
177.869 0 194.544 255 0 0
176.992 0 162.059 0 0 255
158.124 0 188.01 255 255 0
154.112 0 176.988 255 0 255
195.199 0 206.781 255 0 255
194.348 0 163.413 255 0 0
183.143 0 170.141 0 255 255
202.498 2.22045e-16 157.266 255 0 0
145.551 0 187.761 255 0 0
203.615 0 160.367 255 0 0
196.67 0 204.753 255 0 0
198.751 0 177.719 255 0 0
197.187 0 153.244 255 0 255
173.898 0 156.031 255 0 0
158.193 0 180.529 255 0 0
163.767 8.88178e-16 181.319 255 0 0
141.633 0 189.42 255 255 0
156.563 0 163.57 255 0 0
189.462 1.38778e-17 194.31 255 0 0
289.406 555 21.868 255 255 255
162.362 0 187.197 255 0 255
171.654 0 191.025 255 0 255
186.932 0 182.336 255 0 0
186.998 0 177.761 255 255 0
227.991 0 14.6852 255 255 255
175.899 0 156.673 255 0 255
144.608 0 169.777 255 255 0
157.889 8.88178e-16 190.682 0 255 255
178.449 0 178.041 255 0 0
198.287 0 156.741 255 0 0
157.042 0 169.922 255 0 0
141.415 555 255.113 255 0 255
164.079 0 170.011 255 255 0
187.422 0 173.102 0 255 255
0 17.997 181.986 255 255 255
155.977 0 188.752 0 255 0
183.84 0 169.955 255 0 0
197.426 0 178.424 0 255 0
164.74 0 187.008 255 0 0
202.814 0 158.773 255 0 255
159.226 0 193.983 0 0 255
190.878 0 189.375 255 0 0
196.315 0 164.3 255 0 255
194.117 0 165.745 255 0 0
158.557 0 186.295 255 0 0
186.27 0 151.294 0 255 0
170.814 0 177.897 0 255 0
180.408 1.11022e-16 179.764 255 255 0
182.341 0 151.965 255 0 0
168.627 0 179.997 0 255 255
197.168 0 140.196 255 0 0
203.162 555 125.482 255 0 0
182.469 0 171.041 255 0 0
172.246 0 163.69 255 0 255
201.788 0 161.638 255 0 0
171.377 0 188.023 0 255 255
165.897 0 191.968 0 255 255
158.03 0 190.553 255 0 0
187.544 0 178.93 255 0 0
175.305 0 187.268 255 0 0
173.033 4.44089e-16 174.456 255 0 255
167.712 0 169.322 255 0 0
190.55 0 146.321 0 255 0
200.981 0 204.088 255 0 0
193.78 0 170.288 255 0 0
187.716 0 190.523 255 0 0
134.703 555 466.148 255 0 255
158.29 0 173.369 255 0 0
167.313 -8.88178e-16 161.229 255 0 0
193.966 0 193.419 0 255 255
118.954 0 173.192 255 0 0
196.326 0 173.83 255 255 0
188.138 0 199.878 0 0 255
0 101.216 497.992 255 255 255
-2.84217e-14 269.816 438.042 255 255 255
146.437 0 188.936 255 255 0
171.641 0 192.14 255 0 255
161.854 0 163.838 255 0 255
180.509 0 186.739 255 255 0
206.427 0 182.397 255 0 0
180.434 0 156.725 255 255 0
168.613 0 191.3 255 255 0
189.629 0 169.675 255 0 255
168.359 0 166.914 255 0 0
175.244 0 182.513 255 0 0
196.11 0 193.083 255 0 0
160.246 0 147.566 0 255 255
174.443 0 171.76 255 255 0
180.51 0 194.219 255 0 0
162.769 0 178.421 255 255 0
199.258 0 160.521 255 0 0
186.955 0 167.7 255 0 0
181.346 0 158.821 255 0 0
163.538 0 173.044 255 0 0
37.4481 555 286.226 255 255 255
153.039 0 163.939 255 0 0
0 185.749 470.503 255 255 255
171.101 0 153.46 255 255 0
163.778 0 199.985 255 0 255
185.578 0 176.658 0 255 255
129.219 0 358.941 255 255 255
58.9252 555 139.049 255 0 255
182.461 0 152.916 255 0 0
202.383 0 177.804 255 0 0
163.453 0 186.667 255 0 0
143.987 0 187.693 255 0 0
163.645 0 180.208 255 0 0
195.186 0 181.323 255 0 0
188.269 0 196.776 255 0 0
149.162 0 156.439 255 0 0
189.395 0 180.112 0 255 0
363.538 0 246.454 255 255 255
198.492 0 181.97 0 255 255
200.219 0 154.754 255 0 0
204.557 0 165.268 255 255 0
187.3 0 166.516 0 255 0
157.056 0 157.854 0 255 0
203.293 0 170.735 255 0 255
194.35 0 181.982 255 0 0
289.237 555 171.905 255 0 255
390.778 555 159.535 255 0 255
172.269 0 179.241 255 0 0
160.455 0 171.173 255 255 0
226.906 1.42109e-14 353.102 255 255 255
205.2 0 202.648 255 0 0
187.183 4.44089e-16 164.567 255 255 0
170.972 0 197.693 255 0 0
196.623 0 191.719 0 255 0
180.923 0 156.233 255 0 0
165.793 0 155.658 255 0 0
172.095 0 170.441 255 0 0
135.318 555 375.234 255 255 255
193.252 0 189.003 0 255 255
165.117 0 176.689 255 0 255
250.724 555 103.139 255 0 0
171.71 0 172.419 255 255 0
162.468 8.88178e-16 169.397 255 0 0
181.138 0 150.062 255 0 0
167.221 0 179.23 255 0 0
151.374 1.77636e-15 169.13 255 0 0
185.415 -1.38778e-17 190.717 255 0 0
177.222 0 163.104 255 0 255
170.439 0 180.321 0 255 0
161.115 -8.88178e-16 176.036 255 255 0
165.917 0 157.233 255 0 255
184.814 0 180.428 255 0 0
171.129 0 165.925 0 255 255
204.765 0 170.711 255 0 0
154.241 0 180.036 255 0 0
148.715 0 158.724 255 0 0
167.559 0 187.925 255 0 255
183.473 -8.88178e-16 152.68 255 255 0
185.401 0 195.98 255 0 0
192.17 0 160.438 255 0 0
173.538 0 162.394 255 0 0
167.634 0 168.448 0 255 255
203.885 0 165.847 0 255 255
156.456 0 173.747 0 255 255
186.515 -5.55112e-17 196.953 0 255 0
180.999 0 201.587 255 255 0
151.771 0 190.739 255 0 255
22.3652 555 302.584 255 0 0
185.152 0 174.226 255 0 255
173.216 0 179.826 255 0 0
240.337 48.5159 555 255 255 255
159.496 0 179.308 0 255 0
265.58 153.053 294.845 255 255 255
167.684 0 151.53 255 0 0
184.798 0 166.878 255 0 0
175.526 0 157.636 255 0 0
71.4104 0 146.388 255 0 255
152.998 0 170.504 255 0 255
158.151 0 184.896 255 0 0
169.608 0 159.329 255 255 0
181.115 0 195.68 255 0 0
182.636 0 154.528 255 0 0
182.759 0 170.725 255 0 255
163.261 -4.44089e-16 183.703 255 0 255
180.346 0 181.555 255 0 0
163.397 0 193.004 255 255 0
197.945 0 172.247 255 0 255
154.744 0 166.22 0 255 0
152.22 0 180.61 255 0 0
174.313 0 155.058 255 0 0
156.188 0 200.346 255 0 0
162.666 4.44089e-16 195.46 255 0 0
196.13 0 179.016 255 0 255
168.082 0 170.051 255 0 0
148.248 0 182.042 255 255 0
192.735 0 160.694 255 0 0
183.893 0 178.414 255 255 0
555 203.762 67.7756 255 255 255
154.775 0 162.615 255 0 0
200.615 0 177.464 255 0 0
322.627 555 147.775 255 0 0
193.93 0 155.904 255 0 0
158.262 -8.88178e-16 181.242 255 0 0
174.469 0 166.611 255 0 0
181.983 0 174.373 255 0 0
188.709 0 178.745 255 0 255
154.747 0 160.859 0 255 255
179.559 0 155.726 0 255 255
165.292 0 193.671 255 0 0
0 222.44 254.146 255 255 255
173.247 0 161.822 255 0 0
198.539 0 176.144 255 0 0
161.408 0 189.052 255 0 0
183.022 0 180.09 255 0 0
200.389 0 171.636 255 0 0
190.7 0 193.03 0 255 255
176.362 0 168.057 255 0 255
113.063 0 108.398 255 255 0
411.453 184.268 255.758 255 255 255
166.021 0 181.835 0 255 0
183.344 0 165.48 255 0 0
180.172 0 181.693 255 255 0
162.965 0 171.923 255 0 0
166.968 0 151.585 255 0 0
191.316 0 158.64 255 0 0
184.827 0 186.227 255 255 0
172.237 0 193.563 255 0 255
189.622 0 165.557 0 255 255
272.361 279.871 293.027 0 255 255
165.125 0 170.303 255 0 0
153.965 -8.88178e-16 173.652 255 255 0
181.736 0 164.649 255 0 255
307.502 555 160.24 255 0 0
0 49.3879 235.846 255 255 255
183.171 0 185.637 0 255 255
194.382 0 164.508 255 0 0
211.253 -4.44089e-16 184.98 255 0 0
290.021 143.383 555 255 255 255
181.865 0 189.765 255 255 0
180.95 0 154.201 255 0 0
330.306 326.196 277.501 255 255 255
149.249 0 189.39 0 255 255
180.232 0 162.614 0 255 0
199.672 0 181.721 255 0 0
180.268 0 163.846 255 0 255
185.602 0 169.707 255 255 0
164.171 0 163.766 255 0 0
204.512 0 168.577 255 0 0
196.837 0 165.208 0 255 255
164.874 0 162.004 255 255 0
196.913 0 152.259 0 0 255
190.485 0 185.174 255 0 255
168.737 0 186.858 0 0 255
181.981 4.44089e-16 170.194 255 0 0
175.129 0 194.627 255 0 0
200.467 0 179.153 0 255 255
0 86.1562 158.901 255 255 255
155.113 0 166.609 255 255 0
167.508 0 187.668 255 0 255
180.753 0 168.876 255 0 0
173.386 0 181.532 255 0 0
158.31 0 177.531 255 0 255
194.327 0 206.93 255 0 0
169.778 0 180.195 255 0 255
187.766 0 173.449 255 0 255
294.935 0 25.3298 255 255 255
287.077 108.179 289.084 255 255 255
169.238 0 180.39 255 255 0
176.382 0 182.894 255 255 0
288.175 99.9576 288.79 255 255 255
361.264 0 28.5311 255 255 255
193.649 2.22045e-16 172.614 0 255 255
157.455 0 178.859 255 0 0
0 306.646 239.251 255 255 255
52.1507 1.42109e-14 350.517 255 0 0
209.972 0 179.422 255 0 0
195.921 0 162.487 0 255 255
174.426 0 194.31 255 0 0
167.864 4.44089e-16 176.019 255 255 0
154.686 0 163.023 255 0 0
216.72 555 72.895 255 255 0
191.648 1.11022e-16 175.716 255 255 0
180.03 0 168.534 0 255 0
183.866 0 187.384 255 255 0
186.211 0 187.157 255 255 0
183.458 5.55112e-17 183.374 255 0 0
169.815 0 168.622 255 255 0
149.304 0 186.505 0 0 255
202.711 0 182.564 255 0 0
295.349 0 235.987 255 255 255
146.825 0 182.899 255 0 0
162.246 0 152.405 255 255 0
184.513 2.22045e-16 174.957 255 255 0
0 26.4635 216.646 255 255 255
303.2 162.886 555 255 255 255
333.905 324.273 276.537 0 255 255
187.289 0 182.569 255 0 255
231.869 555 160.6 0 255 255
195.268 0 203.208 255 0 0
313.895 0 153.33 255 255 255
178.037 0 169.04 255 0 0
156.975 0 162.108 255 0 0
150.429 0 186.402 255 0 0
177.888 0 180.792 255 0 0
182.516 0 165.341 255 0 0
163.284 0 160.556 255 0 0
190.838 0 189.093 255 255 0
158.855 0 190.02 255 0 0
183.835 -2.77556e-17 190.546 255 0 0
154.592 0 170.603 0 255 255
184.157 0 162.796 255 0 0
154.967 0 171.632 255 0 255
192.352 0 184.378 255 255 0
147.524 0 185.689 255 0 255
197.461 0 154.289 255 0 0
152.223 0 171.797 255 0 255
180.677 0 177.958 255 0 0
191.098 0 156.698 0 255 255
170.119 0 170.379 255 0 0
139.658 0 191.177 255 255 0
165.617 4.44089e-16 179.67 255 0 0
164.31 0 168.254 255 0 255
142.441 0 172.978 255 0 0
505.871 555 294.406 255 0 255
179.186 0 188.269 255 0 0
175.724 0 171.559 255 255 0
172.592 0 178.227 255 0 0
171.754 0 153.106 255 0 0
198.069 0 172.214 255 0 255
184.074 0 181.401 255 0 255
180.859 0 186.599 255 0 255
177.262 0 164.039 255 0 0
176.523 0 155.175 0 255 255
0 384.951 312.51 255 255 255
174.912 0 172.617 255 0 0
186.898 0 197.963 0 255 0
300.217 0 231.528 255 255 255
62.2921 1.42109e-14 284.974 255 255 255
193.964 0 150.893 255 255 0
163.391 0 187.046 255 255 0
177.517 0 185.443 255 0 0
171.551 -4.44089e-16 157.898 255 0 0
192.674 0 165.073 255 255 0
0 523.608 91.7083 255 255 255
0 330.946 335.959 255 255 255
197.298 0 146.833 255 0 0
188.41 0 188.465 0 255 255
177.927 0 164.24 255 0 0
185.581 0 168.54 255 0 0
166.325 0 165.073 255 0 0
160.342 0 184.111 255 255 0
164.199 0 188.006 255 0 0
0 135.463 219.143 255 255 255
196.22 0 175.465 255 0 255
176.457 0 177.031 255 0 0
159.326 0 182.141 255 255 0
266.001 220.112 294.732 255 0 255
173.535 0 188.017 255 0 255
183.246 0 173.072 255 0 0
189.057 0 178.307 255 255 0
269.51 0 250.798 255 255 255
202.853 0 197.165 255 0 0
190.154 0 183.04 0 255 255
199.351 0 183.467 255 0 0
156.361 -4.44089e-16 161.736 255 0 0
185.339 0 169.272 0 255 255
212.674 0 484.176 255 255 255
187.732 0 164.838 255 0 0
106.11 0 267.306 255 255 255
451.67 0 110.467 255 0 255
156.233 0 186.015 255 0 0
198.559 0 151.771 255 0 0
419.035 0 222.179 255 255 255
185.091 0 167.464 255 0 0
189.686 0 197.051 0 255 255
172.463 0 185.707 255 255 0
185.272 0 148.403 255 0 0
179.456 0 177.711 255 0 0
316.237 214.126 281.271 255 255 255
159.148 0 167.16 255 0 255
179.747 0 150.766 255 255 0
160.142 0 173.437 255 0 0
154.806 0 165.489 255 0 0
159.931 0 171.316 255 0 0
184.624 0 171.122 255 0 0
68.6789 0 70.7065 255 255 255
180.443 0 171.976 0 255 255
158.549 0 193.161 0 255 255
156.686 0 185.187 0 255 0
172.433 0 182.289 255 0 0
185.216 0 174.666 255 0 255
260.275 0 514.098 255 255 255
195.75 0 165.547 255 0 0
156.298 0 171.134 255 255 0
188.273 0 172.602 255 255 0
157.238 0 161.848 0 255 255
202.302 0 171.533 255 0 0
183.092 0 171.461 0 255 255
160.601 0 172.093 0 255 255
32.3337 0 232.452 255 255 255
202.456 0 166.504 255 255 0
184.038 0 153.443 255 0 0
161.581 0 198.391 0 255 0
341.66 555 36.2472 255 255 255
162.216 0 162.398 255 0 0
151.754 0 165.74 255 0 0
169.859 0 188.828 255 0 0
180.583 0 163.656 255 0 0
182.663 0 187.175 0 255 255
376.787 104.489 265.047 255 255 255
171.851 0 166.068 255 0 0
176.42 0 175.716 255 0 0
183.686 0 167.325 255 0 0
184.35 0 181.056 255 0 255
147.036 0 201.388 255 0 0
179.874 0 185.381 0 255 0
194.343 0 183.191 255 0 0
164.675 0 189.889 255 0 0
82.3014 167.507 555 255 255 255
186.83 0 155.919 255 0 255
158.829 0 151.01 255 0 0
161.952 0 166.076 255 0 0
239.344 0 346.905 255 255 255
200.28 0 179.773 255 0 0
208.657 0 165.519 255 0 0
203.482 0 167.06 255 0 0
314.08 240.309 281.849 255 255 0
200.608 0 170.814 0 255 255
156.504 0 182.116 255 0 255
494.722 555 121.768 255 0 0
188.577 0 180.929 255 0 0
180.001 0 183.403 0 0 255
195.127 0 185.151 255 0 0
176.871 0 173.017 0 255 0
182.379 0 183.143 0 255 255
166.265 0 165.175 255 0 255
190.884 0 160.533 255 0 0
163.559 0 167.178 255 0 0
167.15 0 166.839 255 0 0
179.722 0 183.626 0 255 0
304.185 185.619 284.5 255 255 255
169.156 0 161.106 255 0 255
164.451 0 189.905 255 255 0
174.027 0 171.745 255 0 255
171.274 0 149.641 0 255 0
157.954 0 188.742 0 255 255
196.445 0 196.66 0 255 0
152.193 0 181.411 255 0 0
176.633 0 173.136 255 0 0
332.96 0 262.531 255 255 255
182.533 0 173.504 255 0 0
179.286 0 179.508 255 0 0
186.15 -2.22045e-16 173.857 255 0 0
152.039 0 160.422 255 0 0
181.487 0 177.195 255 0 0
180.65 0 196.2 255 0 255
307.453 324.024 283.625 255 0 0
0 95.3497 275.82 255 255 255
254.807 555 83.5712 255 255 0
153.993 0 167.969 255 0 0
175.796 0 205.707 255 0 0
202.653 0 192.481 255 0 0
194.924 0 193.925 255 0 255
314.186 555 114.697 255 255 255
185.851 0 179.227 0 255 255
181.628 0 164.93 255 0 0
153.322 0 188.604 0 255 255
173.274 0 159.399 255 0 255
150.589 0 172.643 255 255 0
189.917 0 149.021 255 0 0
175.415 0 180.975 255 0 0
314.892 0 226.477 255 255 255
192.925 0 193.167 255 255 0
166.408 0 182.567 255 0 0
199.61 0 166.549 255 0 0
148.825 0 162.594 0 255 0
180.542 0 162.33 255 0 0
204.584 0 161.826 255 0 255
412.865 555 134.87 0 255 0
184.525 0 173.41 255 255 0
190.774 0 3.52388 255 255 255
0 4.73543 192.744 255 255 255
166.834 0 165.24 255 0 255
168.968 0 152.31 255 0 0
196.346 0 169.836 255 0 0
164.476 0 155.523 255 0 255
154.75 0 159.482 255 0 0
157.804 0 190.083 255 255 0
187.316 0 166.105 255 0 255
181.088 0 180.068 255 0 0
108.072 555 120.324 255 0 0
164.625 -8.88178e-16 180.966 255 0 0
1.42109e-14 78.9492 218.369 255 0 0
189.535 0 194.775 255 0 255
193.589 0 175.649 255 0 0
158.269 0 180.341 255 0 0
193.296 0 161.509 255 0 255
167.071 0 174.224 255 0 0
178.853 0 152.569 255 0 0
192.367 0 196.238 255 0 0
193.37 0 183.966 255 0 0
175.207 4.44089e-16 166.952 0 0 255
152.917 0 186.449 255 255 0
183.402 0 184.701 255 0 0
458.756 555 71.2957 255 0 0
179.874 0 187.976 0 255 255
176.121 4.44089e-16 168.941 255 0 0
172.583 0 184.316 255 0 0
184.242 0 187.284 255 0 0
185.052 0 151.757 255 0 0
186.65 0 173.686 255 0 0
191.579 0 170.885 255 255 0
184.294 0 170.078 255 0 0
204.061 0 162.593 255 0 0
183.998 0 177.517 255 0 0
170.125 0 154.937 255 0 0
152.488 0 186.826 0 255 255
197.344 -5.55112e-17 194.404 255 0 255
193.152 0 172.05 255 0 255
147.496 0 155.653 255 0 255
0 215.851 81.1476 255 255 255
175.385 0 188.809 255 0 0
152.976 0 189.825 255 255 0
181.953 1.11022e-16 179.559 0 255 0
198.951 0 156.589 255 0 0
189.745 0 180.088 0 255 255
160.956 -1.77636e-15 159.841 255 255 0
177.707 0 189.798 255 0 255
147.315 0 182.194 255 0 255
178.306 -2.22045e-16 176.993 0 255 255
147.379 0 167.629 255 0 0
178.732 0 178.556 0 255 255
175.017 0 180.412 0 255 255
167.975 0 163.694 0 255 255
202.455 0 180.532 255 0 0
165.277 0 162.272 255 0 0
171.975 0 174.114 255 0 255
168.897 0 163.932 255 0 0
0 28.6597 361.237 0 0 255
269.193 102.604 293.877 255 255 255
267.589 555 84.1675 0 255 0
185.328 0 168.536 255 0 0
190.807 0 183.383 255 0 0
189.383 0 308.318 255 255 255
177.234 -1.11022e-16 187.732 255 255 0
449.547 0 33.7666 255 255 255
149.244 0 162.057 255 0 0
257.454 1.42109e-14 387.349 255 255 255
158.149 -8.88178e-16 195.926 255 0 255
159.383 0 157.034 255 0 0
190.074 0 187.977 255 0 0
190.039 0 187.716 0 255 255
183.917 0 166 255 0 0
182.452 0 179.857 255 255 0
191.891 0 173.224 255 255 0
307.015 0 249.065 255 255 255
198.496 0 197.033 255 0 0
269.956 204.791 293.672 255 0 255
555 536.237 259.773 255 0 255
155.145 0 155.5 0 0 255
183.531 0 193.808 255 0 255
193.992 0 153.277 0 255 255
174.766 0 174.308 0 0 255
153.934 0 147.529 255 255 0
184.291 0 165.085 255 255 0
192.093 0 164.545 255 255 0
183.211 0 165.468 255 0 0
202.107 0 193.806 255 0 0
144.873 0 154.286 255 0 0
194.9 0 184.272 255 0 0
174.575 -2.22045e-16 186.688 255 0 0
155.59 0 188.509 255 0 0
171.373 4.44089e-16 175.753 255 0 0
182.384 4.44089e-16 165.367 255 0 0
167.553 0 169.849 255 255 0
179.898 0 174.999 255 255 0
149.14 0 165.054 255 0 0
195.466 0 190.743 255 0 0
190.917 0 178.696 255 255 0
157.701 0 188.56 255 0 0
285.975 0 447.122 255 255 255
144.859 0 331.668 255 255 255
58.2666 1.42109e-14 279.114 255 255 255
199.178 0 160.675 255 0 0
160.499 0 74.6471 255 0 255
160.786 0 172.826 255 0 0
171.735 0 151.841 255 0 255
148.473 1.77636e-15 177.164 255 0 0
193.15 0 187.996 255 0 255
176.841 0 170.586 0 255 255
202.661 0 188.711 255 0 255
185.032 0 167.347 255 0 0
152.465 0 160.334 255 255 0
243.582 0 324.17 255 255 255
164.898 0 164.622 255 0 0
148.979 1.77636e-15 172.445 255 0 0
183.412 0 203.321 255 255 0
201.852 0 175.099 255 0 255
180.935 0 165.605 255 0 255
183.91 0 181.325 255 0 0
183.498 0 187.19 255 0 0
185.741 0 163.652 255 0 0
168.997 -4.44089e-16 195.695 0 255 0
170.975 0 178.866 255 0 255
176.617 0 165.358 255 0 0
175.695 0 162.116 255 0 0
177.33 0 183.998 0 255 0
194.065 0 190.901 255 0 255
190.664 0 201.659 255 0 0
226.576 0 310.878 255 255 255
174.451 0 179.672 255 0 0
198.866 -4.44089e-16 163.108 255 255 0
172.776 0 183.012 255 0 0
185.324 0 196.485 255 0 0
158.673 0 172.269 255 0 255
192.798 0 178.422 0 255 255
149.362 0 193.717 255 0 0
173.699 0 197.734 255 255 0
184.458 0 153.92 255 0 255
167.617 0 177.8 0 255 255
183.176 0 169.026 255 255 0
196.701 0 172.825 0 255 0
180.79 0 167.935 255 0 0
154.606 0 191.936 255 0 0
144.813 -1.77636e-15 179.451 255 0 0
168.873 -4.44089e-16 182.91 255 0 255
173.378 0 169.653 255 0 0
170.689 0 194.187 255 0 0
194.607 0 177.244 255 0 0
176.349 0 149.852 255 0 255
196.19 0 183.408 0 255 255
188.665 0 161.995 255 0 0
167.743 0 167.399 0 255 0
203.339 0 175.179 255 0 0
148.309 0 165.496 255 0 0
204 2.22045e-16 179.354 255 0 0
143.039 0 171.972 0 255 255
160.496 0 157.297 0 255 255
165.232 0 179.294 255 255 0
169.167 0 165.92 255 0 0
0 51.3939 326.047 255 255 255
173.735 0 185.532 255 0 0
201.028 0 196.573 255 0 0
158.622 0 170.935 255 0 0
152.367 0 193.429 255 0 0
183.828 4.44089e-16 169.466 0 255 255
157.294 0 175.404 255 0 0
180.564 0 156.673 255 0 0
197.389 0 158.036 255 0 0
166.302 0 191.933 255 255 0
174.837 0 161.068 255 0 0
152.276 0 174.892 255 0 0
184.594 0 195.019 255 0 0
183.147 0 184.797 0 255 255
183.012 0 171.042 255 0 255
179.702 0 179.28 255 0 255
172.254 0 199.261 255 255 0
353.08 221.703 271.399 255 0 0
39.5198 555 187.313 0 255 255
189.867 0 177.815 255 0 0
168.504 0 160.223 255 0 0
187.776 0 179.015 0 255 0
167.866 0 184.587 255 0 0
195.35 0 164.237 255 255 0
180.848 0 179.372 255 0 0
196.883 0 198.679 255 0 0
158.298 0 161.523 255 0 0
188.503 0 182.63 255 0 0
165.942 4.44089e-16 177.567 0 255 255
176.778 0 150.991 255 0 0
137.289 0 166.429 255 0 0
186.237 0 170.081 255 0 0
172.291 0 199.91 255 0 0
0 38.51 221.734 255 0 0
258.181 0 457.324 255 255 255
158.587 0 189.416 255 0 0
202.416 0 166.369 255 0 0
188.465 0 166.524 255 0 0
177.142 0 171.963 255 0 0
0 23.1715 454.334 255 255 255
514.356 555 199.524 255 255 0
181.551 0 203.188 255 0 0
138.356 555 321.138 255 255 255
197.033 0 170.915 255 255 0
188.652 2.22045e-16 173.807 255 0 0
187.864 0 176.548 255 0 0
195.287 0 156.955 255 0 0
167.631 0 183.655 0 255 255
192.413 0 186.199 255 0 0
194.61 0 203.163 255 0 255
184.657 0 172.147 255 0 0
180.647 0 194.876 255 0 0
201.054 0 180.565 255 255 0
186.173 0 155.128 255 0 0
175.394 0 169.637 255 0 0
196.117 0 188.228 255 0 255
180.172 0 188.09 255 0 0
189.69 -2.22045e-16 173.889 255 0 0
150.427 0 171.232 0 0 255
149.438 0 170.461 255 0 0
555 341.218 15.7373 255 255 255
173.189 0 188.13 255 0 0
163.197 0 179.183 255 255 0
174.299 0 169.855 255 0 255
306.497 0 258.81 255 255 255
180.922 0 154.988 255 0 255
203.122 0 189.45 255 0 0
170.577 0 180.998 255 0 0
144.34 0 177.556 255 0 0
164.263 8.88178e-16 163.379 255 0 0
369.093 0 154.544 255 255 255
198.325 0 192.998 255 0 255
159.75 0 175.399 255 0 0
147.793 0 185.382 0 255 0
174.071 0 182.901 255 0 0
171.751 0 187.732 255 0 0
179.639 0 155.909 255 0 0
186.047 0 178.535 255 0 0
285.208 225.6 289.585 255 0 0
182.868 0 179.455 0 255 0
196.902 0 155.754 255 0 0
162.047 0 179.557 255 255 0
450.663 0 103.246 255 255 255
179.905 2.22045e-16 172.766 255 0 0
423.876 187.477 252.429 255 255 255
188.653 0 160.477 0 0 255
308.677 125.37 555 255 255 255
166.197 555 139.632 255 0 0
152.409 0 175.653 0 255 0
186.92 0 176.617 255 0 0
163.265 0 154.864 255 0 0
158.67 0 182.621 255 0 0
195.898 0 163.329 0 255 255
200.218 0 162.439 255 0 0
164.007 0 173.979 0 255 255
187.316 0 186.517 0 255 0
155.042 0 163.811 255 0 0
186.406 0 172.015 0 255 255
197.922 0 150.79 0 255 255
189.305 0 169.018 255 0 255
159.527 0 184.323 255 0 0
555 185.14 51.009 255 255 255
168.698 1.77636e-15 155.953 255 0 0
159.431 0 164.282 255 0 0
195.592 0 175.473 0 255 255
201.14 0 158.806 255 0 0
176.885 0 179.75 255 0 0
160.005 0 174.711 0 255 0
159.45 0 160.59 255 0 0
152.886 0 153.761 0 255 255
157.954 0 190.273 0 255 255
193.851 0 180.891 255 0 0
1.29774 0 108.905 255 255 255
189.809 0 166.287 255 0 0
183.771 0 181.628 255 0 255
198.847 -4.44089e-16 168.585 0 255 255
162.082 0 189.096 255 0 0
171.06 -8.88178e-16 153.127 255 0 255
166.497 0 194.988 255 0 0
151.264 8.88178e-16 179.193 0 0 255
196.68 0 167.67 255 0 0
555 356.268 97.3464 255 255 255
184.348 0 204.49 255 0 0
134.745 554.066 555 0 255 0
153.721 0 179.431 255 0 0
164.712 0 166.371 255 0 0
288.193 43.7211 288.785 255 255 255
18.1483 294.632 555 255 255 255
45.8294 0 529.147 255 255 255
155.352 0 166.971 0 255 255
176.949 0 195.499 255 0 0
163.047 0 177.415 255 0 255
194.046 0 404.435 255 0 0
198.858 0 172.366 255 0 255
193.417 0 184.223 255 0 0
189.772 0 197.231 255 255 0
181.134 0 192.205 255 0 0
183.973 0 160.369 255 0 0
174.08 0 189.84 255 0 255
189.714 0 150.493 255 0 0
438.676 555 186.193 255 0 0
174.784 0 154.563 255 0 0
169.858 0 184.98 255 0 255
0 83.3681 249.021 255 255 255
179.055 0 180.261 255 0 255
167.812 0 176.022 255 0 255
178.228 0 160.592 0 255 0
172.127 -2.22045e-16 188.718 255 0 0
210.629 0 192.66 255 0 0
154.747 0 176.054 0 255 255
266.789 0 30.0334 255 255 255
193.878 0 196.217 0 255 0
535.569 555 269.317 255 255 0
157.522 0 166.672 255 0 0
270.778 172.954 316.564 255 255 255
184.152 0 201.529 255 0 0
168.895 0 167.728 255 0 0
126.744 1.42109e-14 41.9056 255 255 255
186.268 0 190.946 255 255 0
76.7935 0 267.379 255 255 255
172.044 0 192.04 255 0 255
359.939 -1.42109e-14 208.298 255 255 255
170.399 0 158.37 255 0 0
179.189 0 167.254 0 255 255
80.312 555 119.093 255 0 0
277.774 0 274.129 255 255 255
179.589 0 170.084 255 0 0
116.615 0 10.0424 255 255 255
181.682 0 168.471 255 0 0
194.911 0 172.523 255 0 0
201.078 0 167.712 255 255 0
171.449 0 197.449 0 0 255
177.959 0 181.195 0 255 255
148.772 0 174.496 0 255 255
156.05 0 169.942 0 255 255
198.005 0 194.703 0 255 0
170.09 0 182.168 255 0 255
190.412 0 192.743 255 0 0
176.566 0 185.04 255 0 0
188.512 8.88178e-16 158.278 255 0 0
181.13 0 167.822 255 0 0
171.503 0 187.953 255 0 255
185.907 4.44089e-16 163.604 255 255 0
187.731 0 170.509 255 0 0
163.701 0 172.12 0 255 255
201.687 0 171.078 255 0 0
153.424 0 180.963 255 0 0
154.255 0 159.046 255 0 0
194.938 0 178.158 255 0 0
168.199 0 176.285 255 255 0
165.1 0 223.813 255 0 0
203.478 0 177.719 255 0 0
169.988 0 173.319 255 0 0
164.226 0 196.201 255 0 0
173.31 0 168.422 255 0 0
188.946 0 181.615 255 255 0
164.147 0 166.643 0 255 255
171.368 0 168.105 255 0 255
170.747 0 171.781 255 0 0
0 164.556 57.8077 255 255 255
163.716 0 157.505 255 0 0
153.282 1.77636e-15 174.485 255 0 0
193.979 0 171.236 255 0 0
186.432 0 199.708 255 0 0
254.31 0 277.328 255 255 255
156.932 0 149.921 255 0 255
161.707 0 180.413 0 255 0
187.138 0 155.607 255 0 0
154.549 0 165.749 255 0 255
0 24.7583 128.656 255 0 0
178.182 0 188.591 255 0 0
172.132 0 188.74 255 0 255
555 141.4 139.772 255 255 255
159.414 0 157.072 255 0 0
196.568 0 178.377 255 0 0
480.958 0 229.518 0 255 255
80.9695 93.1842 555 255 255 255
168.287 0 155.473 255 0 0
154.765 0 189.103 0 255 255
156.255 0 164.443 255 255 0
172.105 0 176.763 255 0 0
194.273 0 172.727 255 0 0
154.298 0 190.168 0 255 0
183.917 0 158.686 0 255 255
187.448 0 168.071 255 0 0
193.682 0 173.189 0 255 0
165.384 0 163.966 255 0 0
150.402 0 175.342 255 0 255
190.489 0 191.37 0 0 255
362.551 141.82 268.861 255 255 255
158.799 8.88178e-16 166.521 255 255 0
503.339 555 207.152 255 0 0
186.114 0 156.89 255 255 0
172.58 0 203.567 255 0 0
190.334 0 170.426 255 255 0
199.21 0 151.376 255 0 0
304.972 0 118.02 255 255 255
191.154 8.88178e-16 158.902 255 0 0
199.34 0 181.743 255 0 0
169.092 0 187.086 255 0 0
0 38.6075 68.6905 255 0 0
183.243 0 327.565 255 255 255
173.048 0 151.31 0 255 0
155.56 0 146.945 255 0 0
170.72 0 156.897 255 0 0
170.233 0 191.116 255 0 0
164.775 -8.88178e-16 156.871 255 0 0
153.441 0 179.423 255 0 0
168.624 0 192.075 255 0 0
149.13 0 179.634 255 0 255
0 36.1247 72.3677 255 0 0
189.423 0 174.827 255 0 255
190.091 2.22045e-16 172.586 255 0 0
170.204 0 167.357 255 0 0
167.4 0 165.728 255 0 255
155.482 0 163.872 0 255 255
163.154 0 190.581 255 0 0
207.119 0 167.421 255 0 0
177.864 0 176.109 255 255 0
35.8249 0 252.974 255 255 255
167.309 0 172.022 0 0 255
163.389 0 160.024 255 0 0
173.648 0 166.337 255 0 0
177.31 0 163.599 255 0 0
173.368 0 185.616 255 255 0
155.59 0 188.407 255 0 255
277.283 195.596 340.842 255 255 255
222.38 0 306.864 255 255 255
161.886 0 181.208 0 255 255
155.625 0 158.852 255 0 0
156.066 0 197.912 255 0 255
204.041 0 173.837 255 0 0
187.451 2.22045e-16 173.379 255 0 0
171.781 0 200.671 255 255 0
145.833 0 185.821 255 0 0
166.406 0 166.058 255 0 255
151.601 0 169.795 0 255 255
250.426 413.5 555 255 255 255
172.029 0 181.29 255 0 0
207.377 0 181.43 0 255 255
154.705 0 186.417 0 255 255
178.793 0 160.423 255 0 0
145.446 0 173.446 0 255 0
148.639 -1.77636e-15 164.6 255 0 255
158.948 0 184.228 255 0 0
0 29.5556 328.313 255 255 0
164.772 0 167.97 0 255 0
177.942 0 180.149 0 0 255
197.438 5.55112e-17 186.094 255 0 0
146.092 0 189.224 255 0 0
180.264 0 166.01 255 0 0
169.543 0 172.033 255 0 0
186.743 0 182.736 255 0 0
172.389 0 175.179 255 0 255
0 28.6019 268.472 255 255 255
205.155 0 201.686 255 0 0
317.418 555 52.8724 255 0 0
161.046 0 177.79 255 0 0
172.443 0 178.36 255 0 0
161.276 0 182.803 0 255 255
184.098 0 168.052 0 255 255
173.885 0 162.455 255 0 0
163.051 4.44089e-16 193.48 255 0 255
198.044 0 168.653 0 255 255
162.291 4.44089e-16 181.359 255 0 255
160.787 0 198.856 255 0 0
197.901 0 173.959 0 255 255
183.794 0 180.842 0 255 255
146.459 0 179.431 255 0 0
179.571 0 179.66 255 0 0
271.452 0 536.188 255 255 255
172.228 0 191.897 0 255 0
191.981 0 173.002 0 255 0
148.67 0 173.699 255 0 0
150.156 0 188.387 255 255 0
188.822 0 196.051 255 0 0
183.502 0 192.372 255 0 255
150.981 0 174.97 0 255 255
171.99 0 152.583 255 0 0
168.575 0 146.037 255 0 0
192.137 0 204.978 255 0 0
0 425.775 299.881 255 255 255
182.704 0 187.07 0 255 255
147.903 0 191.084 255 0 0
174.491 0 201.677 255 0 255
175.029 0 188.891 0 255 0
200.031 2.22045e-16 174.673 255 0 255
190.71 555 102.086 255 0 0
194.995 0 157.268 255 0 0
186.407 0 164.199 255 0 0
201.639 0 172.991 255 0 0
167.688 0 166.686 255 0 0
183.419 0 159.137 255 0 0
13.1423 0 35.2166 255 255 255
165.447 0 290.745 255 255 255
157.023 0 181.219 0 255 0
193.103 0 156.355 255 0 0
185.569 0 178.841 255 0 0
163.954 0 154.623 255 0 0
175.395 0 155.127 255 0 0
188.146 0 153.042 255 0 0
189.094 0 180.524 255 0 0
177.376 0 163.86 0 255 0
170.804 0 176.901 255 0 0
148.541 0 178.843 0 255 255
147.702 0 153.311 255 0 255
205.506 2.22045e-16 193.67 0 255 255
162.449 0 167.366 255 0 0
166.242 0 193.005 255 0 0
158.499 0 186.29 255 0 0
201.04 0 175.332 255 0 0
154.723 0 182.001 255 0 0
160.315 0 191.599 255 255 0
0 36.7159 79.014 255 0 255
178.755 0 192.841 255 0 0
142.935 0 170.203 255 0 0
151.112 0 166.223 0 255 255
167.491 0 180.329 255 255 0
190.898 0 187.327 255 255 0
181.379 0 147.656 255 0 0
192.918 0 192.823 255 255 0
224.035 555 99.4534 255 0 0
230.423 555 452.533 0 0 255
178.669 4.44089e-16 167.178 255 0 255
191.444 0 168.163 255 0 0
30.6871 -1.42109e-14 261.886 255 255 255
161.35 0 180.782 0 255 0
193.537 0 161.422 255 255 0
177.905 0 162.184 255 0 255
192.001 0 160.15 255 0 0
146.053 0 152.316 255 0 0
177.899 0 202.941 0 255 0
158.816 -8.88178e-16 160.381 255 0 0
194.351 4.44089e-16 166.426 255 255 0
194.729 0 183.052 255 0 255
185.881 0 201.702 255 255 0
186.201 0 161.397 255 255 0
176.12 0 182.293 255 0 0
249.369 555 420.438 0 255 0
174.182 0 185.005 255 0 0
185.49 0 175.897 255 255 0
162.596 0 175.69 0 255 0
155.503 0 173.231 255 0 0
159.833 0 179.045 255 255 0
201.358 0 171.661 255 0 0
179.073 0 154.354 255 0 0
185.906 0 172.481 255 0 0
151.017 0 170.843 0 255 0
152.143 0 163.788 255 0 255
219.928 555 156.157 0 0 255
178.717 0 196.645 255 0 0
171.327 0 167.61 255 0 255
148.143 0 190.323 255 255 0
149.909 0 173.604 255 0 255
151.114 0 173.438 255 0 0
156.168 0 182.061 0 255 255
181.095 0 170.942 255 0 0
148.584 0 177.449 255 255 0
276.166 311.576 336.672 0 255 255
156.146 1.77636e-15 159.941 255 0 255
175.194 0 161.407 255 0 0
158.335 0 157.053 255 0 255
180.772 0 177.825 255 255 0
155.571 0 202.479 255 0 0
160.532 0 156.019 255 255 0
161.971 0 152 0 255 255
191.124 0 187.193 255 0 0
140.244 0 160.323 255 255 0
124.574 0 202.692 255 0 0
171.178 0 177.069 0 255 0
199.832 0 148.065 255 0 0
149.482 0 170.7 255 0 0
169.809 0 153.004 255 0 0
166.271 4.44089e-16 180.032 0 255 255
151.631 0 161.284 255 0 0
168.181 0 158.732 255 0 0
0 36.6723 226.077 255 255 0
181.517 0 185.428 255 255 0
148.684 0 176.775 255 0 0
165.423 0 178.632 255 0 0
183.85 0 168.07 255 0 0
0 161.463 407.895 255 255 255
163.489 0 155 255 255 0
160.364 0 174.228 255 0 255
194.526 0 148.387 255 0 255
155.258 0 164.932 255 0 0
181.779 0 195.784 0 0 255
164.375 0 172.509 255 0 255
195.378 0 183.693 0 0 255
166.634 -4.44089e-16 187.85 255 0 0
192.603 0 196.108 0 255 255
172.834 0 176.514 255 0 0
172.727 0 185.982 0 255 255
160.141 0 178.24 0 255 0
167.119 0 184.255 255 255 0
150.88 0 176.846 255 0 0
176.268 0 204.136 255 0 0
203.917 0 164.657 255 0 0
154.598 0 175.919 255 0 0
185.452 0 166.428 0 255 0
177.156 0 179.153 255 0 0
187.862 0 187.183 255 0 0
149.398 0 175.122 0 255 0
163.098 4.44089e-16 130.054 255 0 0
182.102 0 150.798 255 0 0
196.805 0 196.648 0 255 255
176.804 125.943 555 255 255 255
555 214.384 195.65 255 255 255
194.148 0 184.907 0 255 0
179.46 0 199.294 255 0 255
163.678 0 187.617 255 0 0
166.782 0 190.082 0 255 255
65.4033 214.134 555 255 255 255
0 289.398 460.049 255 255 255
191.807 0 156.277 255 0 0
182.89 0 168.83 255 0 255
196.571 0 197.392 255 0 0
160.059 0 175.298 255 0 255
151.782 0 190.292 0 255 255
172.666 0 184.979 255 0 0
192.38 0 178.752 255 0 0
167.635 0 189.836 255 0 0
188.678 0 184.674 255 0 255
161.166 0 198.862 255 0 0
168.642 0 159.529 255 0 0
158.309 0 176.408 255 0 0
163.33 0 168.542 255 0 255
168.963 0 177.185 255 0 255
205.605 0 184.96 255 0 0
154.764 0 162.449 0 255 0
164.026 0 192.456 0 255 0
284.289 555 518.662 0 255 0
0 191.014 493.396 255 255 255
173.232 0 200.986 255 0 0
153.834 0 163.344 255 0 0
272.987 365.452 555 255 255 255
375.666 555 135.024 0 255 255
202.318 -4.44089e-16 174.101 0 255 255
178.383 0 157.331 255 0 0
193.906 0 177.299 0 255 255
172.783 0 166.772 0 255 255
160.052 0 182.674 255 0 0
197.424 0 147.114 255 0 255
0 13.8937 22.0894 255 0 0
191.589 0 169.451 255 0 0
161.596 0 183.278 0 255 255
158.063 0 192.601 255 0 255
178.942 0 152.489 255 255 0
155.076 0 195.784 255 0 0
0 40.5238 320.486 255 0 0
172.981 0 160.912 255 0 255
179.21 0 164.18 0 255 0
161.576 0 166.61 255 0 0
150.38 0 175.377 255 0 0
183.298 0 188.365 0 255 0
171.287 0 199.336 0 0 255
165.192 0 184.016 0 255 0
164.072 0 184.474 255 0 0
171.109 0 164.999 255 0 0
193.848 0 179.703 255 0 0
171.792 0 168.334 255 0 0
195.546 0 169.257 255 0 0
178.839 0 183.468 255 0 0
151.732 0 203.312 255 0 0
179.81 0 197.618 255 0 255
178.754 0 175.229 255 0 0
176.579 0 183.567 255 0 0
0 249.742 237.499 255 255 255
0 44.3711 136.524 255 255 255
204.488 0 185.386 255 0 255
176.742 0 190.505 0 255 0
153.877 0 179.876 255 0 0
150.604 0 172.275 255 0 0
165.449 0 187.513 255 0 255
190.64 0 194.002 255 0 0
82.5509 0 165.801 255 255 255
194.112 0 178.341 0 255 0
173.304 0 164.444 0 255 0
170.081 0 170.8 255 0 0
189.393 0 201.32 255 0 255
180.344 0 150.628 255 0 0
209.87 8.88178e-16 161.159 255 0 0
161.28 0 165.082 255 0 0
184.935 0 174.036 255 255 0
200.425 0 183.939 255 0 0
268.507 0 234.12 255 255 255
487.284 0 95.936 255 255 255
172.873 0 184.12 0 255 0
161.016 0 167.352 255 255 0
194.552 0 162.195 0 255 0
195.625 0 193.102 255 0 0
187.027 0 143.914 255 0 0
555 122.462 263.35 255 255 255
188.964 0 168.795 255 255 0
173.194 0 165.888 255 0 255
170.729 -4.44089e-16 198.217 255 0 0
171.99 0 153.064 255 0 0
308.541 -1.42109e-14 273.905 255 255 255
187.02 0 158.36 255 0 0
172.957 0 194.149 255 0 0
-1.42109e-14 63.6577 259.453 255 255 255
268.45 555 477.212 0 255 0
0 293.5 136.375 255 255 255
163.494 0 178.617 0 0 255
0 51.9209 319.636 255 255 255
171.124 -8.88178e-16 156.921 255 255 0
173.83 0 171.682 0 255 255
164.404 0 168.358 255 0 0
179.982 0 178.043 255 255 0
180.53 0 181.774 0 0 255
176.646 0 152.485 255 0 0
193.007 -1.38778e-17 186.857 255 0 255
153.914 0 159.183 255 0 0
320.603 0 276.091 255 255 255
181.978 0 178.262 255 255 0
188.013 0 156.739 0 255 0
0 11.9039 139.372 0 0 255
146.979 0 164.136 255 0 0
143.716 0 184.144 255 0 0
228.44 555 89.7651 255 0 0
153.131 0 180.753 0 255 255
157.578 -1.77636e-15 162.868 0 255 255
329.903 555 132.244 0 255 255
194.209 0 162.762 255 255 0
0 409.208 532.901 255 255 255
161.617 0 163.107 0 255 0
185.565 0 168.199 255 0 0
174.763 0 176.208 255 0 0
175.38 0 164.102 255 0 0
60.2262 555 171.703 255 0 0
187.848 -2.22045e-16 172.634 0 255 0
150.189 555 65.1924 255 0 0
172.837 0 181.295 255 255 0
152.723 0 163.395 255 0 0
196.023 -4.44089e-16 159.564 0 255 0
180.822 0 206.669 255 0 0
180.128 0 182.515 0 255 255
111.479 555 193.912 255 0 0
168.797 0 155.209 255 0 0
170.101 0 152.97 255 0 0
154.071 0 168.904 0 0 255
186.642 0 175.512 255 0 0
174.781 0 198.517 255 0 0
148.42 0 165.854 0 255 255
181.22 0 149.632 255 0 0
269.947 183.501 293.674 255 255 255
189.513 0 148.347 255 0 0
186.463 0 154.129 255 0 0
172.381 0 196.719 0 255 0
200.523 0 175.561 255 0 0
169.329 0 180.304 0 255 0
209.742 0 173.248 255 0 0
44.2643 555 231.63 255 0 255
193.822 0 175.26 255 0 0
161.162 0 173.311 255 0 0
188.033 0 160.586 0 255 255
185.235 0 149.832 0 255 255
173.77 0 180.364 255 0 255
46.8598 0 285.997 255 255 255
174.537 0 189.209 255 0 0
168.251 0 160.323 255 0 0
191.896 4.44089e-16 161.263 255 0 0
166.561 0 171.154 255 0 0
150.43 0 153.977 255 255 0
155.552 0 174.964 0 255 0
125.209 -8.88178e-16 195.09 255 0 0
480.628 0 81.0392 255 255 255
555 399.8 152.056 255 255 255
191.859 0 174.653 255 255 0
462.333 0 242.029 255 255 255
173.741 0 305.113 255 255 255
161.966 0 157.15 0 255 0
155.245 0 172.025 255 255 0
158.251 0 182.74 255 0 255
176.568 2.22045e-16 191.594 255 0 255
202.438 1.11022e-16 186.985 255 0 0
144.221 0 189.333 0 255 255
182.853 0 179.023 255 0 0
201.01 0 180.648 255 0 0
180.886 0 182.897 255 255 0
202.502 -2.22045e-16 176.817 255 0 0
154.95 0 173.733 255 0 0
190.761 0 198.992 255 0 0
182.242 0 195.863 0 255 0
308.756 555 471.169 255 0 0
196.434 0 184.795 0 255 255
187.059 0 186.967 0 255 0
179.582 0 177.435 255 0 0
157.981 0 167.077 255 0 0
182.256 0 154.337 0 255 0
204.069 0 192.673 255 0 0
83.8289 0 120.294 255 0 0
0 197.893 289.038 255 255 255
327.397 1.42109e-14 173.225 255 255 255
188.396 0 193.833 255 255 0
180.536 0 173.35 0 255 255
169.472 0 188.6 255 0 0
173.271 0 188.936 255 0 255
0 225.598 73.4397 255 255 255
159.778 0 166.133 255 0 0
193.827 0 184.604 255 0 0
165.85 0 169.872 255 0 255
192.041 0 163.787 255 0 0
182.094 0 169.943 255 0 255
180.669 0 187.708 255 0 0
166.583 0 159.627 255 0 255
301.455 0 246.341 255 0 255
143.802 0 189.841 255 0 0
202.276 0 158.604 255 0 0
172.716 0 155.17 255 255 0
299.256 308.835 285.821 255 0 255
175.746 0 184.202 0 255 255
188.713 0 178.616 255 0 0
208.237 283.279 555 255 255 255
181.145 0 158.917 255 0 0
172.691 0 169.576 255 0 255
152.857 0 171.409 255 0 0
165.408 0 165.453 255 0 0
151.881 0 155.458 255 0 0
182.362 0 188.164 255 255 0
168.251 0 171.425 0 255 0
183.202 0 156.378 255 0 255
206.144 484.308 555 255 255 255
186.092 0 167.13 0 255 255
181.837 -5.55112e-17 194.472 255 0 0
211.448 555 167.957 255 0 0
188.418 0 164.66 255 0 0
159.216 0 159.299 255 0 255
177.763 0 166.013 255 0 255
178.546 0 184.95 255 0 0
156.968 0 172.572 255 0 0
160.149 0 182.123 0 255 255
171.697 0 152.318 255 0 0
173.045 0 167.236 255 0 0
290.074 64.5367 288.281 255 255 255
150.478 0 167.609 255 0 255
195.558 0 183.642 0 255 0
176.557 0 196.285 0 0 255
197.084 0 152.52 255 0 0
164.354 0 174.396 0 0 255
147.967 -1.77636e-15 169.182 255 0 0
189.304 0 184.932 255 0 0
184.734 0 161.275 255 0 0
555 481.337 223.072 255 255 255
178.771 0 162.947 255 255 0
162.78 0 176.946 255 0 0
311.174 555 161.846 0 255 255
13.3404 555 67.9647 255 255 255
180.439 0 160.344 255 0 0
178.459 0 188.614 255 255 0
194.919 0 187.314 0 255 0
190.183 0 156.053 0 255 255
275.406 110.047 292.212 255 255 255
152.372 0 163.995 255 0 255
169.583 0 167.611 255 0 0
165.558 0 170.04 255 0 0
162.59 0 173.249 255 0 255
264.201 0 267.232 255 255 255
157.798 0 149.393 255 0 0
188.831 0 201.383 255 0 0
190.117 0 201.778 255 0 0
173.424 0 181.352 0 255 0
389.201 327.335 261.72 255 0 0
192.916 555 162.503 0 255 255
155.585 0 181.425 255 0 255
184.334 0 165.482 255 255 0
0 8.15475 305.177 255 255 255
172.599 0 156.494 0 255 0
174.511 0 165.351 255 0 0
187.616 0 172.978 0 255 0
162.23 -4.44089e-16 178.736 0 255 255
187.062 0 182.304 0 255 0
164.019 0 157.232 255 0 255
143.555 0 166.699 255 255 0
200.792 0 132.655 255 0 0
162.267 0 179.431 255 0 0
169.149 0 160.365 255 0 255
405.056 555 130.462 255 0 0
176.145 0 163.547 0 255 0
147.232 0 183.265 255 0 0
206.355 0 173.719 255 0 0
177.192 0 180.839 255 0 0
155.044 0 192.85 255 0 0
205.021 0 182.403 255 0 0
183.369 0 187.777 255 255 0
175.133 0 179.65 255 0 0
201.905 0 180.08 255 0 0
154.549 0 172.21 0 255 0
262.847 555 107.453 255 0 0
202.657 0 194.406 255 0 0
153.55 0 173.712 255 255 0
167.192 0 153.02 255 0 0
0 42.7936 220.995 255 255 255
195.208 0 159.297 255 0 0
200.478 0 168.979 255 255 0
182.422 0 173.888 255 0 255
201.352 0 181.166 0 255 255
160.855 0 151.953 255 0 0
3.92014 555 236.258 255 255 255
200.435 0 177.826 255 0 255
160.76 0 184.734 255 0 0
178.081 0 176.821 255 255 0
183.791 0 195.637 255 255 0
106.023 555 373.9 255 0 0
148.885 0 183.776 255 0 0
170.47 0 168.822 255 0 0
191.855 -8.88178e-16 160.472 255 0 0
172.285 0 161.544 255 0 0
194.394 0 178.624 255 0 0
196.934 5.55112e-17 186.943 255 0 0
135.853 555 193.768 0 255 0
179.319 0 191.057 255 0 0
183.313 0 169.145 255 0 0
182.672 0 183.571 255 0 255
198.051 0 195.792 255 0 0
178.369 0 182.688 0 255 255
197.201 0 165.427 255 0 255
161.436 0 204.354 255 0 0
171.2 0 179.28 0 255 255
205.281 0 185.703 0 255 255
339.296 555 538.379 255 0 0
184.927 0 174.684 0 255 255
171.471 0 189.166 255 255 0
164.087 0 158.773 255 0 255
171.456 0 168.683 255 0 0
199.204 0 176.56 255 255 0
126.438 0 345.973 255 255 255
180.29 0 181.251 255 0 0
160.119 0 159.754 255 0 0
154.601 0 184.402 255 0 255
180.797 0 194.356 255 0 0
200.37 2.22045e-16 173.376 255 0 0
171.889 0 205.586 255 0 0
88.9988 0 249.073 255 255 255
277.577 61.4737 341.936 255 255 255
171.325 0 165.02 255 0 0
182.409 0 166.873 0 255 255
148.371 1.77636e-15 158.959 255 0 0
197.86 0 164.089 255 0 0
543.204 555 147.663 255 255 255
160.155 0 171.315 255 0 0
182.742 0 179.557 0 255 0
169.607 0 175.344 255 0 255
155.201 0 179.196 0 255 255
181.438 0 175.57 255 255 0
168.806 0 191.183 255 0 255
0 111.063 115.137 255 255 255
193.23 0 155.608 255 0 255
168.067 0 165.336 255 0 0
173.631 0 154.776 255 0 0
183.274 0 160.903 255 0 0
207.278 0 167.845 255 0 0
176.724 0 182.209 255 0 0
137.593 0 146.706 255 0 255
164.227 0 176.275 0 255 0
177.438 0 180.169 255 0 255
158.086 0 173.404 255 0 0
186.573 0 198.774 255 255 0
186.678 0 184.901 255 255 0
186.664 0 191.192 255 0 0
192.855 0 176.964 255 0 0
170.053 0 199.32 255 255 0
187.702 0 189.791 255 255 0
170.253 0 155.377 255 0 0
167.905 0 165.037 255 255 0
187.448 0 150.712 255 0 255
159.191 0 156.445 255 0 0
183.74 0 157.354 255 255 0
144.939 0 167.499 0 0 255
202.396 0 186.926 255 0 255
233.314 0 349.257 255 255 255
161.166 8.88178e-16 189.87 255 0 255
158.666 0 151.821 255 255 0
169.09 0 168.627 0 255 255
185.161 0 194.513 255 0 0
168.373 0 168.26 255 255 0
171.149 0 169.215 255 0 255
190.693 0 191.035 255 0 0
154.163 555 99.1191 255 255 255
172.046 0 152.967 0 255 0
189.051 0 179.877 255 255 0
555 236.615 193.26 255 255 255
189.418 0 177.709 255 0 255
169.574 0 178.276 255 0 0
189.078 -5.55112e-17 180.549 255 0 0
160.967 0 183.014 255 0 255
99.1208 555 355.181 255 255 255
170.343 0 160.826 255 0 0
198.716 0 175.627 255 0 0
171.501 0 165.729 255 0 0
162.976 1.77636e-15 157.352 255 0 0
179.036 0 180.183 0 255 0
178.382 0 200.841 255 0 0
185.12 0 160.783 255 0 0
145.395 0 171.008 255 0 255
156.838 -8.88178e-16 172.503 255 0 0
193.923 0 153.203 0 255 255
202.887 0 185.991 255 0 0
249.848 555 169.523 255 0 0
186.339 0 176.845 255 0 0
168.26 0 174.073 0 255 255
176.584 0 147.544 255 255 0
434.493 555 258.368 0 255 0
185.487 0 195.02 0 0 255
174.842 0 171.932 255 0 0
185.616 8.88178e-16 165.092 255 0 0
202.578 0 170.331 255 0 255
201.237 0 158.566 255 0 255
181.096 0 151.921 0 255 255
198.054 0 196.146 255 0 255
184.892 1.11022e-16 201.142 255 0 0
172.489 0 178.553 255 0 0
202.631 0 173.375 0 255 255
185.503 0 177.805 255 0 0
157.644 0 183.291 255 0 0
177.073 0 179.743 255 0 0
164.042 0 169.592 255 0 0
162.735 0 174.935 0 255 0
202.238 0 166.46 255 0 255
376.119 281.856 265.226 255 0 0
181.728 0 186.841 255 0 0
202.185 0 171.576 0 255 0
181.697 0 169.858 255 0 255
182.395 0 177.455 255 0 0
202.154 0 187.409 255 0 0
148.847 0 167.128 255 0 0
186.445 0 189.505 255 255 0
119.351 555 277.672 255 255 255
171.2 0 174.237 255 255 0
342.598 314.527 274.208 255 255 255
160.568 0 177.79 255 0 255
164.88 0 172.865 0 255 0
197.134 0 179.755 255 0 0
204.155 0 164.437 255 255 0
195.18 0 175.466 255 0 0
167.614 0 192.118 255 0 255
153.154 0 177.945 255 0 0
198.491 0 184.968 255 0 0
174.639 0 150.475 255 0 0
185.572 -4.44089e-16 163.107 255 0 0
165.458 0 340.661 255 255 255
161.669 0 183.329 255 0 0
43.0159 0 419.19 255 255 255
335.513 263.477 276.106 255 255 255
176.318 0 179.956 255 255 0
177.216 0 186.971 255 0 255
167.434 0 157.759 255 0 0
175.691 0 186.083 255 0 0
157.379 0 185.055 255 0 255
198.065 0 174.926 255 0 0
164.281 0 177.656 255 0 0
178.156 0 161.546 255 0 0
257.251 0 309.4 255 255 255
193.38 4.44089e-16 164.128 0 255 0
188.248 0 173.971 255 0 255
185.629 0 179.138 255 0 0
176.335 0 181.069 0 255 255
167.023 0 194.816 255 0 0
165.041 0 170.103 255 255 0
158.141 0 175.759 255 0 255
176.446 0 174.311 255 0 0
17.8478 0 23.1714 255 255 255
335.002 555 459.668 255 255 0
183.959 0 189.22 255 0 255
190.151 0 201.541 255 0 255
131.902 0 292.385 255 255 255
186.628 0 185.638 0 255 0
173.657 0 160.03 0 255 0
190.359 0 190.564 255 0 0
163.946 0 181.167 255 0 255
171.984 0 149.855 255 0 0
187.871 0 182.202 255 0 0
191.708 0 205.11 255 0 0
175.992 8.88178e-16 159.049 255 255 0
181.125 0 148.677 255 255 0
342.789 0 87.1665 255 255 255
264.815 479.205 555 255 255 255
172.772 0 187.741 255 0 255
195.553 0 176.263 255 0 0
157.165 0 165.934 0 255 255
290.446 20.1452 288.182 255 255 255
149.895 0 174.965 0 255 0
168.892 0 176.48 255 0 0
167.92 0 192.338 0 255 255
188.24 0 164.762 255 0 0
202.047 0 183.775 255 0 0
163.442 0 169.017 255 0 0
154.993 0 184.202 0 255 255
184.408 0 205.295 0 255 255
182.248 -4.44089e-16 164.184 0 255 255
176.566 0 176.907 255 0 0
176.535 4.44089e-16 159.967 255 0 0
183.066 0 192.954 255 0 0
165.434 0 165 0 255 0
190.327 -5.55112e-17 182.141 255 255 0
183.22 0 172.632 255 0 0
155.731 0 170.399 255 255 0
167.64 8.88178e-16 159.294 255 0 0
83.8464 555 349.253 255 0 255
208.299 0 181.303 255 0 0
161.716 0 160.138 0 255 255
163.76 0 167.193 255 0 0
271.791 207.322 293.18 255 255 255
155.949 0 165.419 0 255 0
175.566 0 181.908 255 0 0
161.224 -4.44089e-16 175.432 255 0 0
172.043 -1.77636e-15 161.417 255 0 0
185.43 0 200.654 255 0 0
177.055 0 185.046 255 0 0
162.205 0 161.927 255 255 0
172.644 0 161.862 0 255 255
188.281 0 168.54 255 255 0
165.001 0 184.535 255 0 0
179.131 0 151.079 255 0 0
192.347 -1.11022e-16 178.144 255 0 0
152.624 0 153.749 255 0 0
151.16 0 187.631 0 255 0
188.807 0 185.479 255 0 255
189.404 0 182.613 0 255 255
172.314 0 164.072 0 255 255
185.22 0 175.838 255 0 0
183.203 0 171.72 255 0 0
171.448 0 165.489 0 255 0
190.948 215.721 555 255 255 255
237.098 555 84.4147 255 255 255
164.636 0 178.48 255 0 0
168.176 0 161.386 255 0 0
149.722 0 172.675 255 0 0
176.191 0 171.953 255 0 0
180.213 0 193.142 0 255 0
185.674 0 149.581 255 0 0
157.396 0 162.904 255 0 0
158.921 0 158.761 255 0 255
153.372 0 150.003 255 0 0
162.394 0 151.73 255 255 0
194.249 1.11022e-16 180.691 255 0 0
198.853 0 165.65 255 255 0
168.27 0 267.375 255 0 0
150.762 0 178.296 255 0 255
84.0533 0 169.961 255 0 0
177.362 0 172.247 255 0 0
172.704 -2.22045e-16 183.487 255 0 0
166.297 0 172.029 255 0 255
148.9 0 160.107 255 0 255
147.903 0 172.083 0 0 255
193.92 0 175.478 255 0 0
165.516 0 132.372 255 0 255
159.771 0 196.673 255 0 0
190.648 4.44089e-16 151.307 255 0 0
165.773 0 173.866 0 255 255
156.351 0 167.258 255 0 0
172.538 2.22045e-16 183.303 255 0 0
192.113 4.44089e-16 163.369 255 0 0
0 1.64866 232.46 0 255 255
175.952 0 179.596 255 0 0
154.609 0 165.738 255 0 0
192.981 0 173.258 255 0 255
167.157 8.88178e-16 161.896 0 255 0
339.411 0 12.8527 255 255 255
146.836 0 181.027 0 255 255
168.694 0 199.215 255 0 0
186.115 0 170.116 255 255 0
170.444 0 164.575 255 0 0
198.136 0 359.296 255 255 255
271.403 0 340.676 255 255 255
185.903 0 161.056 0 0 255
186.396 0 183.442 255 0 0
161.332 0 151.045 0 255 0
189.254 0 145.705 255 0 0
176.245 0 187.125 255 0 0
196.967 555 385.667 0 255 0
161.114 0 203.876 255 0 0
181.94 0 184.016 255 0 0
174.822 0 168.755 255 255 0
280.541 555 445.88 255 255 255
187.125 0 188.767 255 0 0
169.682 0 151.203 255 255 0
193.041 0 161.723 255 0 0
142.341 0 156.77 255 0 0
155.724 -1.77636e-15 155.14 255 0 255
149.097 -1.77636e-15 171.875 255 0 255
188.243 0 154.404 255 255 0
188.511 0 157.814 255 255 0
193.886 0 195.417 255 0 0
199.399 0 175.405 255 0 0
192.993 0 192.523 255 0 0
0 45.3352 320.709 255 255 255
287.21 182.273 289.049 255 0 255
175.424 4.44089e-16 172.743 255 0 255
174.511 0 193.721 0 0 255
161.833 0 161.837 255 0 0
159.782 0 165.484 255 0 0
199.23 0 172.339 255 0 0
159.134 0 179.603 255 0 0
150.884 0 172.411 255 0 255
174.286 -2.22045e-16 178.814 0 255 0
170.371 0 164.316 255 0 0
179.525 0 187.55 255 255 0
173.619 0 171.803 0 255 255
192.451 0 164.197 255 0 0
169.262 0 185.72 255 0 0
181.834 0 154.741 255 0 0
102.187 555 283.887 255 255 0
184.399 0 159.566 0 255 0
172.403 0 199.842 0 255 255
185.441 0 158.717 255 0 0
179.213 -2.22045e-16 177.039 255 0 255
168.661 0 161.843 255 0 0
180.613 0 165.999 255 0 0
175.181 0 158.65 255 0 0
185.902 0 179.758 255 0 0
156.472 0 190.68 255 255 0
183.962 0 186.189 0 255 255
177.818 0 145.974 255 0 0
189.544 0 168.939 255 0 0
0 419.953 416.885 255 255 255
174.099 0 163.91 0 255 255
178.024 0 176.649 255 0 0
195.831 0 169.8 0 0 255
158.223 0 173.155 255 0 0
164.834 8.88178e-16 160.287 255 0 0
178.469 0 173.76 255 0 0
159.508 0 192.028 255 0 0
195.055 0 151.287 255 0 0
202.154 0 162.206 255 0 0
181.589 4.44089e-16 167.283 255 0 255
170.673 0 186.17 0 255 0
34.0527 0 95.025 255 255 255
200.271 0 174.807 255 0 255
10.4503 0 22.1054 255 255 255
151.054 4.44089e-16 152.913 255 0 0
169.138 0 189.139 255 0 0
0 18.0113 266.723 255 255 255
174.677 0 176.197 0 255 0
555 184.261 122.818 255 255 255
200.386 -8.88178e-16 153.821 0 255 255
163.21 0 196.088 0 255 0
180.239 0 168.641 255 0 0
155.901 0 152.545 255 0 0
178.133 0 190.287 255 0 0
169.091 0 155.498 255 0 0
194.014 0 195.799 255 0 0
179.603 0 174.07 0 255 255
200.304 4.44089e-16 168.973 255 0 0
181.21 0 163.858 255 0 0
186.821 0 171.738 0 255 255
305.051 2.22045e-16 3.74333 255 255 0
199.419 0 180.206 255 0 0
172.447 0 190.714 255 0 0
199.763 4.44089e-16 165.121 0 0 255
171.218 0 155.47 255 0 255
174.497 0 171.472 255 0 0
179.41 0 197.674 255 255 0
185.182 0 180.589 255 0 0
177.073 0 181.708 255 0 0
71.483 555 344.716 255 0 255
172.618 0 171.71 255 0 0
31.6839 -1.42109e-14 191.665 255 255 255
131.756 0 208.054 255 0 0
184.018 0 175.862 255 0 0
186.59 0 187.673 255 0 0
450.472 555 292.961 255 0 0
179.361 0 179.72 0 255 0
164.992 0 163.354 255 255 0
253.078 555 144.004 255 0 0
165.053 0 147.151 255 255 0
185.261 -1.11022e-16 200.152 0 255 0
166.322 0 171.354 255 0 255
149.97 0 188.76 255 0 0
57.4437 555 165.212 255 255 0
170.899 0 175.746 255 0 0
157.473 0 157.024 0 255 255
191.708 0 182.179 255 0 255
176.345 0 167.261 255 0 255
194.415 0 173.033 255 0 0
188.02 0 148.911 0 255 0
172.007 -4.44089e-16 174.426 255 255 0
204.851 0 188.594 255 0 0
172.569 0 153.214 255 0 0
260.558 281.517 555 255 255 255
184.567 0 161.061 255 0 0
183.985 0 189.766 255 0 0
150.147 0 150.065 255 0 255
145.549 0 191.225 0 255 255
190.014 0 400.89 255 255 255
159.158 0 190.046 255 0 0
166.838 0 190.454 255 0 255
144.226 0 162.944 255 0 0
103.828 555 108.717 255 255 0
161.816 0 166.843 255 0 0
182.37 0 175.501 255 0 255
186.362 8.88178e-16 159.992 255 0 0
168.236 0 153.105 255 255 0
193.671 555 467.056 255 0 255
189.594 0 161.14 255 0 255
171.879 0 167.683 255 0 0
320.402 105.668 555 255 255 255
197.777 0 183.34 0 255 255
182.78 0 183.354 255 255 0
187.638 0 187.072 255 255 0
182.177 0 176.438 0 255 0
153.736 0 170.535 255 0 0
167.724 0 155.76 255 0 0
149.548 0 155.995 0 255 255
184.582 0 171.662 255 0 255
150.061 0 177.816 255 255 0
195.1 -1.11022e-16 179.439 255 255 0
179.473 2.22045e-16 204.642 255 0 0
163.377 0 164.408 255 255 0
183.246 0 165.576 255 0 0
205.322 555 501.007 0 255 0
153.386 -8.88178e-16 174.715 255 0 0
182.009 0 190.041 255 0 0
155.363 0 154.831 255 0 0
200.907 0 177.329 0 255 0
176.45 0 173.146 255 255 0
157.582 0 152.955 255 0 0
189.597 0 164.485 255 0 255
163.638 0 177.575 255 255 0
191.604 0 171.513 0 255 0
209.288 0 146.631 255 0 0
152.441 0 174.162 0 255 255
176.225 0 195.571 255 0 0
321.472 555 167.088 255 0 0
167.781 0 194.868 255 0 255
177.368 0 177.427 0 255 0
250.342 0 284.783 255 255 255
191.577 0 162.671 255 0 0
153.82 -1.77636e-15 156.66 255 0 0
173.065 0 184.752 0 255 255
191.865 0 163.487 255 255 0
184.471 -8.88178e-16 152.556 255 0 0
197.663 0 193.843 255 0 0
171.751 0 190.526 255 0 0
169.766 -2.22045e-16 185.674 255 0 0
185.132 0 183.963 255 0 255
160.194 0 179.474 255 0 0
160.461 0 199.691 255 0 0
159.176 0 180.567 255 255 0
205.711 0 164.131 255 0 0
104.194 0 176.317 0 0 255
182.807 0 188.351 255 0 0
143.582 0 198.676 255 0 0
180.309 0 198.758 255 0 0
173.476 0 161.362 255 0 0
142.705 0 180.319 255 0 0
203.222 0 155.021 0 255 255
181.436 0 191.419 0 255 255
192.001 0 161.742 0 255 255
261.67 0 86.849 255 255 255
176.983 0 148.977 0 255 0
169.667 -4.44089e-16 173.322 255 0 0
181.081 0 190.084 255 0 0
145.628 0 192.604 255 0 255
0 43.8943 171.563 0 255 255
192.015 0 194.841 255 0 0
159.822 0 173.058 255 0 0
206.487 0 177.458 0 255 255
191.524 0 163.416 255 0 0
178.916 0 179.205 255 0 0
-1.42109e-14 81.3263 166.987 255 255 255
191.215 0 434.591 255 255 255
172.167 0 153.071 255 0 0
183.593 0 153.638 255 0 255
156.785 0 175.385 255 255 0
148.89 0 182.264 255 0 0
307.618 226.018 555 255 255 255
172.268 0 166.23 255 0 0
168.635 0 160.099 255 0 0
183.494 0 191.015 0 255 255
197.85 0 171.075 255 0 0
187.193 0 177.84 255 0 0
181.732 0 147.591 255 255 0
170.534 0 165.861 255 0 0
168.957 -8.88178e-16 163.481 255 0 0
377.932 25.3651 264.74 255 255 255
203.153 0 174.356 255 0 0
163.793 0 178.263 255 0 0
171.951 0 176.281 255 0 0
180.033 0 166.285 255 0 0
173.581 -2.22045e-16 189.821 255 255 0
169.211 0 183.708 255 255 0
179.318 0 156.709 0 255 255
189.042 0 177.398 255 0 0
190.391 0 178.456 255 0 0
161.782 0 168.7 255 0 255
175.994 0 172.482 255 0 0
155.073 8.88178e-16 176.049 255 0 0
146.939 0 163.479 0 0 255
0 255.834 273.917 255 255 255
145.783 0 180.828 255 0 0
207.406 0 175.482 0 0 255
176.403 0 203.466 255 0 0
177.484 -8.88178e-16 152.725 255 0 0
178.209 0 172.584 255 0 0
200.03 0 162.432 255 0 0
363.328 555 112.483 255 0 0
150.618 0 174.767 255 0 0
170.46 0 168.103 0 255 255
192.953 0 168.096 255 0 0
177.074 0 181.886 255 255 0
168.411 0 214.053 0 255 0
195.894 0 165.462 255 255 0
159.225 0 153.397 255 0 0
165.826 0 183.649 255 0 0
187.721 0 146.298 255 0 255
6.04513 0 72.8645 255 255 255
187.115 0 164.807 255 0 0
150.983 1.77636e-15 154.58 255 0 0
172.079 0 170.851 255 0 0
176.779 0 185.925 255 0 255
159.421 0 165.816 255 255 0
178.381 0 161.899 0 255 255
190.287 1.11022e-16 175.743 0 255 255
159.794 0 177.966 255 255 0
177.021 0 148.064 255 0 0
192.275 0 191.432 255 0 0
161.756 0 181.467 255 0 255
397.603 170.254 259.469 255 255 255
166.836 -8.88178e-16 176.28 255 0 0
153.084 0 162.931 255 0 0
157.313 0 195.291 0 255 255
201.286 0 159.673 255 0 255
170.862 0 150.509 255 255 0
0 264.858 212.805 255 255 255
181.134 0 190.859 255 0 0
187.771 0 185.05 255 0 255
0 135.621 292.604 255 255 255
181.951 0 174.547 0 255 255
187.414 0 153.201 255 0 0
185.96 0 159.236 255 255 0
161.808 0 178.142 255 255 0
186.069 0 174.738 255 255 0
166.807 0 166.286 0 255 0
191.068 0 188.526 255 0 0
180.767 2.22045e-16 176.481 255 0 0
186.892 0 176.358 0 255 255
179.908 0 169.818 0 0 255
153.634 8.88178e-16 182.557 255 0 0
140.155 0 185.932 0 255 255
174.526 0 168.832 255 0 0
188.245 0 174.07 255 0 0
178.262 0 196.287 255 255 0
179.734 0 198.764 0 255 255
205.266 0 179.804 255 0 0
155.885 0 189.586 255 0 255
164.436 4.44089e-16 184.427 255 0 0
156.884 0 195.256 255 255 0
192.157 0 193.001 255 0 0
169.649 4.44089e-16 182.852 0 255 0
167.473 4.44089e-16 178.546 255 0 255
178.276 0 202.56 255 0 0
150.992 0 175.068 0 255 255
150.58 0 199.943 0 255 0
194.424 0 190.069 0 255 0
174.769 0 185.25 255 0 0
180.185 0 194.264 255 0 255
174.542 0 159.143 255 0 0
0 318.134 160.918 255 255 255
185.235 0 192.555 255 0 0
177.034 2.22045e-16 180.648 255 0 255
166.896 0 178.431 255 255 0
185.694 0 154.561 255 0 255
171.752 0 165.565 255 255 0
172.225 0 179.856 255 0 255
161.069 0 190.384 255 255 0
164.565 -8.88178e-16 177.897 255 0 0
197.335 0 166.28 0 255 0
295.292 0 40.1729 255 255 255
159.817 0 167.322 255 255 0
171.297 0 180.017 255 0 0
248.638 0 282.278 255 255 255
165.502 4.44089e-16 186.691 255 0 0
165.718 0 179.264 255 0 0
193.311 0 197.389 255 0 0
198.907 0 161.827 255 0 0
151.391 0 187.833 0 255 255
192.041 0 182.007 255 255 0
356.485 0 77.8791 255 255 255
149.065 0 163.734 0 255 0
180.683 0 149.91 255 0 0
158.812 0 188.857 0 255 0
433.045 555 217.06 255 255 255
155.265 0 184.851 0 255 255
181.831 0 167.534 255 0 0
186.467 0 176.138 255 0 0
190.875 0 167.018 255 0 0
198.157 0 171.232 0 255 0
203.307 0 157.001 0 255 0
161.997 0 187.603 255 0 0
0 225.21 124.898 255 255 255
192.586 0 169.335 0 255 0
177.952 0 183.888 255 0 255
174.258 0 154.443 255 255 0
177.274 0 172.273 0 255 255
165.425 31.9718 555 255 255 255
183.277 0 198.147 255 255 0
196.783 0 175.916 255 0 0
196.012 0 162.324 255 0 0
191.804 0 201.916 255 0 0
195.194 1.11022e-16 182.051 0 255 255
302.655 303.589 284.91 255 0 0
187.918 0 188.124 255 255 0
183.872 0 191.484 255 0 0
184.789 0 160.908 0 255 0
390.949 1.42109e-14 253.468 255 255 255
0 9.65242 243.16 255 255 0
174.6 0 172.511 255 0 255
192.014 0 169.887 255 0 255
182.574 0 190.95 255 0 0
190.606 0 177.872 255 0 0
58.3807 0 110.195 255 0 255
184.56 0 172.124 255 0 0
189.815 0 201.734 255 0 255
171.09 0 152.102 255 0 0
151.548 0 155.519 0 0 255
182.794 0 177.907 255 0 0
150.092 0 158.81 255 0 255
162.264 0 176.055 255 0 0
0 22.5595 326.097 255 255 0
162.517 0 158.602 255 0 255
202.799 0 179.909 255 255 0
153.926 0 168.637 255 0 0
312.615 319.372 282.242 255 0 255
176.178 0 190.837 255 0 0
188.83 0 177.965 255 0 0
172.46 0 154.265 255 255 0
168.422 0 161.451 255 0 0
192.918 0 172.521 255 0 0
192.24 0 157.821 255 0 0
194.007 0 172.805 255 0 0
179.773 0 187.171 255 0 0
140.103 0 207.008 0 255 0
177.998 0 163.239 0 255 255
160.844 0 182.513 255 0 0
163.012 0 158.967 255 255 0
185.013 0 175.664 255 0 0
183.749 0 161.824 255 0 255
166.048 0 189.369 0 255 0
156.417 0 187.627 255 0 0
187.191 0 176.238 0 255 255
163.619 0 162.99 255 255 0
171.82 0 148.431 0 0 255
204.378 0 197.346 255 0 0
178.427 0 165.709 255 0 0
176.694 0 168.303 255 0 0
145.851 0 178.175 255 255 0
170.062 0 174.532 255 255 0
144.521 0 165.522 255 0 0
0 1.05723 88.8204 0 0 255
188.936 0 169.181 0 255 0
170.025 0 165.117 255 0 0
185.565 0 204.645 255 0 0
197.371 0 178.946 0 255 0
166.305 0 155.846 255 255 0
180.724 0 171.707 255 0 0
177.704 0 161.232 255 0 0
0 459.605 4.56405 255 255 255
169.812 0 160.511 255 0 0
200.97 -4.44089e-16 168.682 0 255 255
168.665 0 150.155 255 0 0
175.042 0 162.522 255 0 0
177.962 0 162.35 0 255 0
183.277 0 195.864 255 255 0
247.289 555 419.117 255 0 0
155.125 0 182.336 255 0 0
163.25 0 180.642 255 0 0
175.228 0 150.829 0 255 255
167.775 0 177.951 0 255 0
188.949 0 180.387 255 255 0
174.477 0 179.617 255 0 0
178.478 0 176.192 255 0 0
170.893 0 176.394 255 0 255
162.031 0 192.65 255 0 255
154.381 0 182.219 0 255 0
168.314 0 179.766 255 0 0
189.465 0 169.439 255 0 0
183.049 0 180.955 255 0 0
106.297 0 394.225 255 255 255
206.048 -2.22045e-16 189.1 255 0 0
202.815 0 188.283 255 0 0
174.347 0 187.542 255 0 0
160.019 8.88178e-16 196.864 255 0 0
180.385 0 183.976 255 255 0
182.286 0 164.128 255 0 0
167.903 0 155.168 255 0 255
185.973 0 171.971 255 255 0
167.033 0 193.889 255 0 255
197.393 0 151.899 255 0 0
174.481 0 149.185 255 0 0
160.873 0 195.258 255 0 0
172.752 0 170.921 255 0 0
378.823 0 85.7533 255 255 255
173.28 0 178.699 0 255 0
189.374 0 201.514 255 255 0
150.15 0 195.815 255 0 0
323.438 555 67.0003 255 0 255
171.309 0 184.172 0 255 0
129.794 0 141.713 255 0 0
193.908 0 157.483 0 255 0
173.427 -4.44089e-16 169.344 0 255 0
0 5.3468 170.498 255 255 0
202.947 0 176.805 255 0 0
175.296 0 149.05 255 0 255
148.038 0 195.707 255 0 0
181.587 0 180.692 255 255 0
555 484.841 172.663 255 0 0
171.589 0 182.412 255 0 0
161.143 0 181.485 255 0 0
307.726 87.3873 283.552 255 0 0
177.436 0 199.851 255 0 0
161.635 0 190.696 255 0 0
154.375 0 152.063 255 255 0
174.676 0 196.708 255 0 255
156.911 0 164.281 255 0 0
194.872 4.44089e-16 163.941 255 255 0
199.67 0 168.028 255 0 0
199.22 -1.11022e-16 185.627 0 255 0
162.82 0 167.812 255 0 0
164.852 0 193.522 255 0 0
152.013 0 185.681 255 0 0
170.544 0 194.669 255 0 0
186.91 0 185.162 255 0 0
170.327 4.44089e-16 182.186 255 255 0
188.825 0 145.827 255 0 0
150.933 0 173.187 255 0 0
166.444 -4.44089e-16 192.24 255 255 0
165.985 0 183.936 255 255 0
164.046 0 164.507 255 0 0
185.437 -1.11022e-16 177.774 255 0 0
181.541 2.22045e-16 174.722 255 0 255
158.313 -8.88178e-16 174.396 255 0 0
178.606 0 178.519 255 255 0
174.786 0 193.479 255 0 0
187.417 0 191.024 255 0 0
208.264 0 180.033 0 255 0
185.742 0 169.353 0 255 0
166.526 0 164.115 255 0 0
207.598 0 172.572 255 255 0
161.07 0 173.614 255 0 0
157.206 0 190.486 255 0 255
158.678 0 174.125 255 255 0
177.712 0 177.21 0 255 255
158.587 0 192.241 255 0 0
25.4168 0 257.684 255 255 255
182.942 0 187.68 0 255 255
185.729 0 170.651 255 0 255
184.613 0 164.519 255 0 0
156.205 0 185.2 255 255 0
149.163 0 170.296 0 255 255
196.277 0 149.304 0 255 0
163.339 0 200.358 255 0 255
207.94 0 193.08 255 0 0
179.698 -1.11022e-16 196.832 255 0 255
0 392.097 202.961 255 255 255
162.257 0 169.36 255 0 255
197.469 0 158.18 255 0 0
166.968 0 169.211 0 255 255
0 83.1579 150.377 255 0 0
157.663 8.88178e-16 167.208 255 0 0
193.899 0 171.038 0 255 0
183.681 0 186.521 255 0 0
149.802 0 166.018 255 0 0
199.913 0 161.602 255 255 0
325.259 214.503 555 255 255 255
170.859 -4.44089e-16 167.544 255 0 0
189.38 0 182.219 255 0 255
176.099 0 192.695 255 0 0
147.425 0 171.661 255 0 0
177.516 0 181.419 255 0 0
161.359 0 155.463 255 0 0
272.658 80.4411 292.948 255 255 255
192.629 0 182 255 0 0
164.881 0 177.499 255 0 0
155.64 0 156.833 255 0 0
165.499 0 178.438 255 255 0
172.98 0 183.785 255 255 0
162.446 0 175.062 0 0 255
190.756 0 158.778 255 0 0
257.684 -1.42109e-14 324.581 255 255 255
155.932 0 181.831 0 255 0
188.507 -8.88178e-16 153.783 255 0 0
182.385 0 173.715 255 0 255
126.924 0 102.344 255 0 0
178.194 -2.22045e-16 172.419 0 255 255
193.135 0 165.022 255 0 0
198.033 0 181.616 0 255 0
0 204.726 510.472 255 255 255
176.304 0 174.423 255 0 255
184.738 0 156.019 0 255 255
162.061 0 164.56 255 0 0
160.229 0 191.632 255 0 0
178.445 0 162.712 255 0 0
160.769 0 189.223 255 0 0
123.433 555 426.756 255 0 0
144.977 0 176.739 255 255 0
188.776 0 190.464 255 0 0
169.308 0 181.121 255 0 0
172.231 2.22045e-16 190.601 255 0 0
166.967 0 186.707 255 0 0
157.1 0 184.894 255 0 255
188.621 0 168.665 255 0 0
182.114 0 199.365 255 0 0
187.925 0 157.249 255 0 255
180.434 0 185.172 255 0 0
381.643 192.559 263.746 255 255 255
178.863 0 163.48 0 255 255
200.859 0 179.012 255 0 0
169.076 0 194.53 255 0 0
204.01 0 203 0 255 255
193.608 0 154.621 255 0 255
192.365 0 183.08 255 0 0
193.11 0 186.706 255 255 0
203.835 0 174.037 255 0 0
176.203 0 167.022 255 0 255
173.756 0 175.874 0 255 255
169 0 159.62 255 255 0
22.8231 0 37.9716 255 255 255
167.275 0 189.814 255 0 0
190.013 0 159.326 255 0 0
181.42 0 179.783 255 0 0
147.475 0 186.231 255 0 0
163.587 0 176.015 255 0 0
180.006 0 197.505 0 255 0
162.047 0 181.127 255 0 0
150.362 0 171.415 255 0 0
171.215 0 165.51 0 255 0
180.959 1.11022e-16 180.456 255 0 0
154.098 0 153.301 255 0 0
152.215 0 166.003 255 0 255
265.929 90.929 555 255 255 255
184.723 0 167.136 255 0 0
170.138 0 177.643 255 0 0
188.464 0 184.483 255 0 0
195.069 0 165.418 255 0 0
152.305 0 203.977 255 0 255
179.876 0 149.614 255 0 0
154.991 -8.88178e-16 172.593 255 0 0
164.49 0 193.979 0 0 255
197.863 0 196.908 255 0 0
205.529 0 197.401 0 255 0
157.378 0 181.996 255 0 0
0 8.5822 232.318 0 0 255
180.939 0 157.635 255 0 0
6.37708 0 102.743 255 255 255
297.24 0 253.567 255 255 255
161.395 0 147.837 255 0 0
187.192 -4.44089e-16 165.99 255 0 0
150.67 -1.77636e-15 160.134 255 0 0
0 69.7415 262.067 0 255 0
148.346 0 188.148 0 255 255
292.53 0 241.255 255 255 255
61.7539 0 262.241 255 255 255
200.57 8.88178e-16 160.765 255 0 0
181.021 0 175.829 255 255 0
163.174 0 203.928 255 0 0
176.775 0 173.379 0 255 255
173.046 0 180.764 255 0 0
182.361 0 181.132 255 0 0
161.786 0 185.678 0 255 255
165.908 -4.44089e-16 200.969 255 0 255
-1.42109e-14 133.178 165.805 255 255 255
190.21 0 191.302 255 255 0
165.757 0 183.783 255 0 255
173.873 0 153.536 255 0 255
187.899 0 189.258 255 0 255
195.085 0 164.669 255 0 0
186.376 0 168.308 0 255 255
165.838 4.44089e-16 195.525 0 255 255
182.352 0 171.238 255 0 0
15.5882 0 77.469 255 255 255
152.427 0 162.606 255 0 0
267.382 555 424.956 255 255 255
186.779 0 170.215 255 0 255
163.246 0 163.158 255 255 0
190.132 0 199.996 255 255 0
149.397 0 177.166 0 255 0
169.33 0 188.765 255 0 0
176.585 0 182.394 255 255 0
0 99.1735 175.819 255 255 255
196.894 0 154.909 255 0 0
152.119 0 175.92 0 255 0
182.494 0 173.239 255 0 0
176.578 0 169.702 255 0 0
175.624 0 189.621 255 0 0
188.226 0 187.415 0 255 0
154.009 0 171.336 255 255 0
180.801 0 151.068 255 0 0
160.766 0 174.537 0 255 255
157.176 0 182.426 255 255 0
165.966 0 144.596 255 0 0
186.315 0 160.878 255 0 0
173.625 0 196.742 255 0 0
0 123.521 81.3493 255 255 255
174.644 0 166.445 255 0 255
184.753 0 172.734 0 255 255
166.157 0 147.579 255 0 0
143.575 0 173.902 0 255 255
187.745 0 190.208 255 0 0
164.221 0 187.807 0 255 0
184.431 0 186.116 255 0 0
179.172 0 146.553 0 255 255
170.11 0 200.012 255 0 255
173.885 0 185.296 0 255 255
186.873 0 146.067 0 255 0
157.767 0 157.924 255 0 0
238.059 555 119.989 255 0 0
161.029 0 178.028 255 0 0
182.286 0 176.077 255 255 0
294.255 223.584 555 255 255 255
165.846 0 178.435 0 255 255
82.0774 -1.42109e-14 335.339 255 255 255
172.48 0 178.007 0 0 255
180.726 0 180.156 0 255 0
181.761 0 169.72 255 0 0
154.88 0 284.582 255 255 255
165.514 0 162.047 0 255 255
182.513 0 169.964 255 0 255
189.291 0 189.459 255 0 0
196.377 0 167.296 255 0 0
555 323.307 191.918 255 255 255
174.493 0 146.426 0 255 255
198.249 0 175.893 255 0 0
183.369 0 177.897 255 255 0
165.986 0 182.799 255 255 0
555 289.368 43.2927 255 255 255
175.523 0 165.562 255 0 255
157.192 0 173.906 255 0 0
197.636 0 192.225 255 255 0
189.272 0 155.164 255 255 0
167.58 -8.88178e-16 181.597 0 255 255
30.3203 0 228.861 255 255 255
152.685 0 168.351 255 0 0
146.992 0 194.771 0 0 255
184.797 0 174.819 255 0 0
162.162 0 179.691 255 0 255
178.566 0 150.885 255 0 0
162.823 0 162.107 0 255 255
282.355 0 78.4127 255 255 255
178.246 0 186.987 0 255 0
188.879 0 162.034 255 0 0
182.747 0 174.13 0 255 255
188.145 0 193.835 255 0 255
168.204 0 175.847 255 0 0
0 266.355 107.808 255 255 255
186.136 0 188.476 255 255 0
208.512 0 186.287 255 0 0
187.133 0 164.17 255 0 0
187.973 0 189.818 0 255 0
202.417 0 165.969 255 0 0
168.605 0 183.153 0 255 0
144.769 0 166.359 0 255 255
185.126 0 161.461 255 0 0
154.687 0 190.648 255 0 0
243.377 0 54.9428 255 0 0
179.038 0 164.771 255 0 255
173.708 0 175.812 0 255 0
193.997 0 187.019 255 0 0
172.084 0 198.122 255 255 0
180.115 0 174.58 255 255 0
555 148.9 44.3414 255 255 255
158.539 0 175.15 255 0 0
155.197 0 162.103 0 255 0
164.665 0 182.902 0 255 0
163.394 0 154.001 255 0 0
172.462 0 187.294 255 255 0
188.942 0 194.613 255 0 0
161.607 0 146.663 255 0 0
179.455 0 167.383 255 0 0
188.382 0 167.97 255 0 0
0 71.0679 299.072 255 255 255
175.44 0 191.193 255 0 255
168.049 0 178.23 255 255 0
183.663 0 180.1 255 0 255
196.809 0 146.993 0 255 255
175.623 0 159.09 255 0 0
202.601 0 153.157 255 0 0
156.083 0 161.349 255 0 0
172.839 0 164.523 255 0 0
412.286 0 79.2543 255 255 255
160.761 0 186.534 0 255 0
161.051 0 182.858 255 0 0
155.006 0 185.3 255 255 0
147.276 0 194.219 255 0 0
150.965 0 172.655 255 0 0
190.19 0 204.408 0 0 255
167.488 0 173.695 255 255 0
153.258 0 156.382 255 0 0
190.845 0 459.804 255 255 255
183.612 0 155.595 255 0 0
168.539 0 155.774 0 0 255
181.146 0 168.626 255 255 0
183.679 0 151.702 255 0 0
269.582 244.742 312.099 255 0 0
0 116.999 99.5871 255 255 255
194.49 0 163.885 255 0 0
151.543 0 190.629 255 0 0
152.544 0 172.78 255 255 0
164.605 0 156.71 255 255 0
170.878 0 183.637 255 255 0
326.72 39.933 278.462 255 255 255
177.504 0 186.18 255 255 0
199.293 0 162.068 255 0 0
164.484 -8.88178e-16 175.509 255 255 0
162.46 0 175.544 255 0 0
144.028 0 180.749 0 0 255
188.046 0 166.595 255 0 0
159.985 0 176.251 255 255 0
74.8423 0 265.822 255 255 255
176.274 0 179.551 255 0 0
369.627 555 110.778 255 0 0
149.693 0 178.42 0 255 0
197.689 0 19.056 0 255 255
130.42 0 352.146 255 255 255
164.959 0 198.39 255 255 0
119.492 555 139.363 255 0 0
160.141 0 192.448 255 0 0
187.722 0 175.978 255 0 0
0 231.582 109.19 255 255 255
148.641 0 189.953 0 255 255
168.836 0 179.633 255 0 255
216.926 30.9459 555 255 255 255
186.903 0 173.369 255 0 0
199.125 0 151.467 255 0 0
27.3087 555 274.498 255 255 255
191.172 0 164.201 255 0 0
154.924 0 162.71 255 0 0
168.773 0 174.544 255 0 255
190.459 0 172.362 255 0 0
168.896 0 200.216 255 255 0
171.408 0 166.577 0 0 255
156.291 0 155.473 255 0 255
157.838 0 180.152 255 0 0
170.775 0 174.414 255 0 0
180.361 0 201.972 255 0 0
163.704 0 175.927 255 255 0
177.256 0 197.87 0 255 255
151.501 0 160.278 0 255 255
298.278 0 260.343 255 255 255
197.244 0 184.248 255 0 0
159.355 0 184.183 0 255 255
194.521 0 148.171 255 0 0
173.606 0 148.355 255 0 255
191.641 0 176.213 255 255 0
177.645 0 194.824 0 255 255
181.771 0 158.722 255 0 0
174.447 0 183.246 255 0 255
182.577 -4.44089e-16 169.389 255 0 0
193.453 0 194.299 0 255 0
462.857 0 36.5151 255 255 255
157.52 0 165.864 0 255 0
157.217 0 153.254 255 0 255
195.338 0 178.824 255 0 0
157.363 0 157.104 0 255 0
187.118 0 174.847 255 0 0
179.18 0 176.601 0 255 255
555 121.653 162.663 255 255 255
184.012 0 164.618 255 255 0
148.273 0 176.812 0 255 0
0 150.051 183.294 255 255 255
163.395 0 155.846 255 0 0
194.226 0 152.906 255 0 0
313.394 1.42109e-14 106.446 255 255 255
154.39 0 176.363 255 0 0
169.187 0 188.85 255 255 0
171.111 0 165.306 0 255 255
555 9.77448 3.65206 255 255 255
154.592 0 162.236 255 0 0
179.414 0 149.376 0 255 255
191.202 -4.44089e-16 167.362 255 255 0
155.696 0 170.813 0 255 0
152.366 0 185.972 0 255 255
178.612 0 170.343 255 0 0
452.319 555 165.261 255 0 0
157.753 0 164.067 255 0 0
151.44 0 191.472 0 255 255
205.42 0 170.941 255 0 0
294.163 96.8967 287.186 255 255 255
185.731 0 179.209 0 0 255
167.241 0 198.833 255 0 0
202.834 0 184.103 0 255 255
174.543 0 204.573 255 255 0
182.27 2.22045e-16 175.137 255 0 0
145.224 0 193.492 255 255 0
193.753 0 187.014 255 0 255
197.823 0 184.42 255 0 0
186.102 555 388.156 255 0 0
289.104 0 264.463 255 255 255
172.474 0 176.245 255 0 0
53.5246 1.42109e-14 91.9945 255 255 255
167.077 0 192.78 255 0 0
0 469.943 447.094 255 255 255
158.231 0 157.928 255 255 0
186.371 0 179.059 255 0 0
0 51.5187 123.198 255 255 255
183.423 0 174.35 0 255 0
171.828 0 171.265 0 255 0
167.342 0 174.06 255 0 255
201.573 0 191.152 0 255 255
189.644 0 174.414 255 0 0
188.029 0 185.72 255 0 0
183.64 0 178.99 255 0 0
199.691 0 180.771 255 0 255
16.3106 555 243.449 0 255 0
192.435 0 152.676 255 0 255
178.883 0 174.623 255 0 0
156.052 -8.88178e-16 195.366 255 0 0
162.764 0 186.512 255 0 0
197.424 0 179.683 255 0 0
185.89 0 169.676 0 255 255
207.598 0 193.938 255 0 0
174.02 0 163.702 0 255 0
171.025 0 172.278 255 0 0
179.352 0 164.686 255 0 0
160.603 0 187.259 255 0 0
187.791 0 163.125 255 0 0
188.457 0 152.877 255 0 0
167.823 0 184.745 255 0 0
205.67 -4.44089e-16 176.76 255 0 0
183.681 8.88178e-16 159.407 255 0 0
148.152 0 160.251 0 255 0
188.775 0 189.076 255 0 255
180.796 0 153.232 255 0 0
159.846 0 160.495 0 255 255
185.42 0 170.158 255 0 255
200.053 0 162.118 255 0 0
151.073 0 169.295 0 255 255
165.605 0 168.703 255 0 0
181.885 0 199.819 255 0 0
184.707 0 176.375 255 0 0
155.794 0 173.496 255 0 255
188.418 0 176.046 255 255 0
103.439 555 223.935 255 255 255
196.717 0 183.638 255 255 0
173.918 0 189.202 0 255 0
555 355.427 24.2544 255 255 255
191.362 0 162.938 255 0 0
0 269.147 303.682 255 255 255
162.31 0 166.104 255 0 255
194.567 0 160.339 0 255 255
421.963 158.408 252.942 255 255 255
188.145 0 173.412 255 0 0
165.911 0 185.191 255 0 0
194.908 0 191.376 255 0 0
178.276 0 173.205 255 0 0
184.376 0 171.007 0 255 0
160.481 0 174.029 255 255 0
200.199 0 187.226 255 0 0
157.297 0 186.996 255 255 0
179.753 4.44089e-16 167.482 255 0 0
181.472 0 168.143 255 0 0
162.068 0 170.654 255 0 0
160.007 0 178.371 255 0 0
198.531 0 172.899 255 0 0
154.408 0 155.613 255 0 0
162.193 0 156.557 255 0 0
174.353 0 175.159 0 255 0
146.917 0 183.823 0 255 0
154.841 0 157.401 0 255 255
164.389 0 168.482 0 255 255
193.092 0 173.577 255 0 0
187.377 0 190.782 255 0 0
204.125 555 144.792 255 0 0
155.729 0 157.725 0 255 0
185.375 0 171.112 255 0 0
150.442 -8.88178e-16 179.188 0 255 0
190.545 0 190.62 255 0 0
196.36 0 163.104 255 0 0
194.355 0 194.409 0 255 0
182.497 0 168.509 255 0 0
169.532 0 181.45 255 0 0
191.634 0 199.136 255 0 0
176.373 0 172.45 255 0 0
172.265 0 168.789 0 255 255
188.865 0 157.793 255 255 0
191.684 1.11022e-16 201.182 255 0 255
185.158 0 162.193 255 0 0
181.973 0 182.17 255 0 0
168.697 0 185.444 255 0 0
142.736 0 170.351 255 0 0
193.211 0 178.297 255 0 0
207.787 0 165.351 255 255 0
196.947 0 186.184 255 0 255
166.338 0 150.591 255 0 0
190.595 0 201.844 255 0 0
450.712 555 118.76 255 255 255
152.275 0 174.094 255 0 0
185.568 0 171.845 0 255 255
169.079 0 169.033 0 0 255
182.829 0 189.529 255 0 255
167.463 4.44089e-16 198.725 0 255 255
171.209 0 177.148 255 0 0
164.786 0 172.029 255 255 0
162.712 0 150.803 255 255 0
168.504 0 164.863 255 255 0
186.184 0 159.584 255 0 255
196.351 0 159.816 255 0 0
180.751 0 163.753 255 255 0
164.072 0 196.528 255 0 255
176.857 0 172.231 255 0 0
192.919 0 201.121 255 0 0
185.237 0 165.098 255 255 0
205.839 0 168.47 255 0 255
147.076 0 165.276 0 255 255
182.62 0 188.377 255 0 0
199.805 0 158.809 255 0 0
180.831 0 187.188 255 0 0
175.77 0 179.486 255 0 0
174.069 0 177.542 255 0 255
174.608 2.22045e-16 198.466 255 0 0
171.558 0 170.999 0 255 255
175.195 0 146.951 255 255 0
120.378 0 166.109 255 255 0
186.613 0 147.739 255 0 0
178.022 0 163.142 255 0 255
165.949 0 151.206 255 0 0
177.387 0 180.307 0 255 255
186.144 0 177.444 255 0 255
194.398 -1.38778e-17 191.022 0 255 255
159.67 0 184.697 255 0 0
193.807 5.55112e-17 198.193 255 255 0
186.545 5.55112e-17 182.964 255 0 0
179.466 -1.11022e-16 188.516 255 255 0
392.898 106.434 260.73 255 255 255
189.866 0 161.486 0 255 255
183.277 0 150.854 255 0 0
172.867 0 182.335 0 255 0
157.742 0 180.036 255 255 0
137.476 334.478 555 255 255 255
187.383 0 177.123 0 255 255
198.17 0 182.925 255 0 0
195.539 0 157.883 0 0 255
178.755 0 171.642 255 0 0
158.618 0 174.472 0 255 255
150.318 0 166.023 255 0 255
178.391 0 157.185 255 0 0
177.006 -2.22045e-16 178.156 0 255 255
199.496 0 192.86 255 0 0
154.334 0 163.982 255 0 0
171.588 0 165.559 255 0 0
160.294 0 193.214 0 255 0
169.287 0 184.427 255 0 0
157.526 0 162.941 0 255 255
201.138 0 177.376 255 0 0
167.779 0 172.085 255 0 0
177.88 0 184 255 0 0
166.406 0 193.221 0 255 0
178.501 0 177.657 255 255 0
197.952 8.88178e-16 160.633 255 0 0
183.439 0 184.707 0 255 255
160.83 0 198.188 255 0 255
148.852 0 177.116 255 255 0
153.468 0 158.085 0 255 0
174.898 2.22045e-16 198.277 255 0 0
190.332 0 154.961 255 0 255
148.137 0 184.835 255 0 255
184.788 0 187.737 255 255 0
163.848 0 170.136 255 0 0
177.178 0 163.742 255 255 0
177.869 0 151.194 255 0 0
178.804 0 173.311 0 0 255
169.509 0 146.301 255 0 0
160.319 0 183.564 255 0 0
197.163 0 176.581 255 0 0
179.89 0 139.972 0 255 0
166.882 0 197.748 255 0 0
186.277 0 180.028 255 0 0
196.343 0 172.509 255 0 0
159.54 8.88178e-16 199.496 255 0 0
169.485 0 192.736 255 0 0
184.592 0 171.477 255 255 0
173.642 0 174.512 255 255 0
1.42109e-14 14.6224 202.401 255 255 255
157.001 0 158.143 255 0 0
167.776 0 176.186 255 255 0
169.329 0 166.885 255 255 0
190.567 0 178.206 0 255 0
164.016 0 157.161 255 0 0
483.543 555 323.79 255 255 0
171.351 0 187.99 255 0 255
179.749 0 194.506 255 0 255
164.547 0 178.523 0 255 255
162.804 0 160.036 255 0 0
192.88 0 161.825 255 255 0
156.6 555 105.347 255 255 0
156.826 -8.88178e-16 187.669 255 255 0
183.9 0 173.34 255 0 0
187.702 0 156.766 255 0 0
178.14 0 164.643 0 255 0
180.013 0 183.925 255 0 255
180.261 0 170.157 255 0 0
159.882 0 149.287 255 255 0
175.008 0 202.019 255 0 0
157.183 0 151.52 255 0 0
167.571 0 170.415 255 255 0
201.231 0 170.963 255 255 0
279.111 37.1182 291.219 255 255 255
191.445 0 185.561 255 0 0
170.665 0 160.856 255 0 0
195.614 0 164.467 255 255 0
180.906 0 145.605 255 0 255
0 40.5554 306.07 255 255 255
215.855 0 343.205 255 255 255
166.072 0 136.333 255 0 0
180.832 0 161.464 0 255 255
145.998 0 194.965 255 0 0
183.433 0 157.302 255 0 0
173.647 4.44089e-16 176.991 255 0 0
247.086 0 276.92 255 255 255
201.234 1.11022e-16 193.853 255 0 0
185.461 0 165.557 255 0 255
161.331 8.88178e-16 174.359 255 0 0
170.55 0 154.522 255 0 0
242.946 0 264.141 255 255 255
160.939 -1.77636e-15 150.115 255 0 0
142.281 0 169.248 255 0 0
168.01 0 188.13 255 0 0
179.16 0 158.01 255 0 0
0 536.592 216.744 255 255 255
188.886 0 167.139 255 0 0
171.436 8.88178e-16 164.973 255 255 0
193.342 0 162.515 0 255 255
181.361 0 174.613 0 255 255
178.893 0 169.876 0 255 255
195.643 0 201.492 255 0 0
169.572 8.88178e-16 172.138 255 0 0
160.516 0 171.724 0 255 0
167.664 0 170.054 255 255 0
175.262 0 177.998 255 0 0
182.851 -2.22045e-16 174.273 255 0 0
179.563 0 172.722 0 255 0
170.468 0 176.83 255 0 0
179.778 0 175.669 0 255 0
176.869 0 148.304 0 255 255
40.9443 0 406.083 255 255 255
183.823 0 181.285 255 0 0
164.422 4.44089e-16 146.312 0 255 0
0 288.977 128.087 255 255 255
196.478 0 176.06 255 0 0
180.364 0 170.601 255 0 0
181.74 0 156.112 255 0 255
173.364 0 159.552 255 255 0
146.51 0 128.759 255 0 0
192.382 0 167.549 0 255 255
138.949 555 176.547 255 0 0
172.45 -8.88178e-16 164.721 255 0 255
160.817 0 156.913 255 0 0
279.52 555 153.849 255 255 255
145.445 0 162.88 255 0 0
170.599 -8.88178e-16 173.502 255 0 0
168 0 168.652 0 255 255
157.317 0 182.184 255 0 0
0 293.266 293.95 255 255 255
173.985 0 167.217 255 0 0
183.911 0 190.957 0 255 0
160.802 0 166.268 0 255 255
386.254 555 117.476 255 0 0
160.473 0 172.717 255 0 0
183.365 0 163.634 0 255 0
172.984 0 192.553 255 0 0
199.751 0 179.392 255 255 0
190.439 0 167.808 0 0 255
169.887 0 182.385 255 0 0
188.575 -1.11022e-16 178.552 255 0 0
157.715 0 196.295 255 0 0
196.994 0 167.615 255 0 0
158.427 0 179.538 255 0 0
148.127 0 170.056 255 0 0
180.86 0 189.18 255 0 0
175.683 2.22045e-16 198.487 0 255 0
177.007 0 171.362 255 255 0
161.178 555 145.663 255 255 255
155.915 0 174.871 255 0 0
148.269 0 180.499 255 0 255
374.114 0 100.102 255 255 255
167.064 0 171.426 0 255 0
182.33 0 192.092 255 0 0
193.707 0 189.371 0 255 255
158.68 0 158.273 255 0 255
264.657 555 541.853 255 0 0
177.749 0 173.881 255 0 0
162.632 0 191.93 255 255 0
148.202 0 190.262 255 255 0
165.21 0 188.33 255 0 0
170.084 0 185.554 255 255 0
176.987 0 149.989 255 0 0
173.847 0 155.654 0 255 255
178.963 0 169.53 255 255 0
185.223 0 198.56 0 255 0
0 335.048 192.354 255 255 255
153.893 0 173.581 255 0 255
187.311 0 161.582 255 0 0
209.401 0 189.587 255 0 0
151.508 0 147.309 255 0 0
161.866 0 196.69 0 255 255
172.094 1.11022e-16 191.552 255 0 0
151.745 0 187.113 255 0 0
180.58 0 177.293 255 0 0
195.949 0 190.549 0 255 0
165.515 0 160.126 0 255 0
178.69 0 165.753 255 255 0
156.244 0 166.261 255 0 255
266.548 82.4838 300.776 255 255 255
203.175 0 202.014 255 0 0
182.785 -5.55112e-17 184.358 255 0 255
0 2.21246 248.946 255 255 255
194.921 0 177.444 0 255 255
148.284 0 179.662 0 0 255
0 21.0214 253.271 255 255 255
199.733 0 189.826 255 0 0
163.967 0 198.025 255 0 0
188.305 0 187.948 255 0 0
207.804 0 169.896 255 0 0
191.422 0 159.88 0 255 0
196.814 2.22045e-16 172.823 0 0 255
188.622 0 172.577 255 0 255
23.4293 0 101.492 255 255 255
270.949 267.489 293.406 255 255 255
148.068 0 161.928 255 0 0
360.334 555 28.5242 0 255 255
297.964 283.07 286.167 0 255 255
177.999 0 186.466 0 255 255
160.907 0 196.159 0 0 255
190.684 1.73472e-18 188.681 0 255 255
179.284 0 159.912 255 0 255
283.266 249.353 290.106 255 0 0
268.728 27.2148 308.913 255 255 255
27.6849 210.797 555 255 255 255
176.665 0 185.522 255 0 0
194.181 0 167.833 0 255 0
150.514 0 161.356 255 255 0
149.751 -1.77636e-15 161.646 255 0 0
167.932 0 197.984 0 255 255
148.92 0 179.784 255 0 0
190.486 0 159.205 0 255 0
0 152.191 171.91 255 255 255
162.321 0 185.718 255 0 255
181.76 0 153.562 255 0 0
296.23 0 24.911 255 255 255
167.296 0 166.463 255 0 255
155.428 0 176.143 0 255 0
147.971 0 171.859 255 0 255
173.074 0 165.816 255 0 0
264.213 0 135.545 255 0 0
169.808 0 190.456 255 0 0
153.572 0 176.899 255 0 255
182.89 0 200.999 255 0 0
175.35 0 169.419 255 255 0
159.075 0 169.307 255 0 255
195.043 0 165.326 0 255 255
190.974 0 169.032 255 0 0
156.959 0 186.967 255 0 0
45.4787 8.88178e-16 208.125 255 0 0
172.616 0 187.54 255 0 0
193.195 0 165.909 255 0 255
177.889 0 196.021 255 0 0
280.099 159.272 290.954 255 255 255
149.303 0 199.398 0 255 255
194.055 0 175.878 0 255 255
5.81136 522.71 555 255 255 255
76.1553 555 73.4417 255 0 0
201.789 0 73.6991 255 255 255
190.812 0 198.928 255 0 0
132.466 236.733 555 255 255 255
180.986 0 181.259 255 0 0
178.997 0 170.364 255 0 255
194.473 0 169.738 255 0 0
190.7 0 176.165 255 0 0
146.324 0 173.65 0 255 0
219.752 555 20.8999 255 0 0
59.9126 555 409.561 255 255 255
195.656 0 167.704 255 0 255
187.908 0 188.597 255 0 0
188.532 8.88178e-16 150.53 0 255 255
156.384 8.88178e-16 174.41 255 255 0
146.584 0 187.172 255 0 255
170.681 0 173.962 255 0 0
151.795 0 178.184 255 0 0
201.787 0 170.489 255 0 0
191.888 0 185.77 255 0 0
0 231.406 226.398 255 255 255
203.445 0 168.135 0 255 255
144.817 0 170.042 255 0 0
189.231 0 149.277 255 255 0
155.094 0 186.997 255 255 0
171.113 0 175.568 255 0 255
174.413 0 156.679 255 0 255
180.233 0 183.813 0 255 255
185.088 0 178.326 255 0 0
156.038 0 173.103 255 255 0
170.225 0 183.139 0 255 255
555 226.529 104.958 255 255 255
161.527 0 168.397 255 0 0
171.648 0 169.506 255 255 0
174.775 0 153.75 255 0 0
173.205 0 174.158 255 255 0
166.275 0 203.064 0 255 255
196.734 0 146.908 255 0 0
196.41 0 169.27 255 0 0
186.037 0 158.797 255 255 0
232.994 555 455.372 255 255 0
186.502 0 166.368 255 0 255
121.233 1.42109e-14 64.7002 255 255 255
152.99 0 153.548 255 0 0
178.421 0 183.072 255 0 255
198.737 0 163.652 0 255 255
307.41 108.458 283.636 255 255 255
164.011 -4.44089e-16 174.427 255 0 0
179.733 0 175.497 0 255 255
23.9799 555 205.98 255 0 255
174.672 -8.88178e-16 162.49 255 0 0
192.271 255.422 555 255 255 255
173.778 -4.44089e-16 169.69 255 0 0
162.098 0 183.683 255 0 0
154.122 0 176.87 255 0 0
183.664 0 197.185 255 0 0
190.158 0 153.062 255 0 0
158.295 1.77636e-15 155.655 255 0 0
167.09 0 147.959 255 0 0
157.85 0 162.399 255 0 0
0 81.9756 37.7395 255 0 0
0 48.3288 120.641 255 0 255
150.524 0 88.7896 255 0 0
181.448 0 185.377 255 0 0
151.682 8.88178e-16 183.031 255 0 0
189.759 0 158.229 0 255 255
191.949 0 166.575 0 255 0
167.403 0 172.234 255 0 0
160.209 0 186.042 255 0 0
184.021 0 180.237 0 0 255
157.289 0 189.584 255 0 0
172.194 0 184.299 255 255 0
170.984 0 184.839 255 0 0
159.016 0 166.422 255 0 0
60.6304 -1.42109e-14 254.638 255 255 255
186.83 0 186.978 255 0 0
173.743 -2.22045e-16 182.52 255 0 0
159.201 0 155.414 255 0 0
192.55 0 172.366 0 255 255
170.851 0 168.564 255 0 0
185.868 0 169.419 255 0 0
161.365 0 172.881 255 0 0
266.936 29.4893 302.225 255 255 255
311.714 334.991 555 255 255 255
0 302.664 527.916 255 255 255
185.64 0 191.128 0 255 0
181.968 0 150.646 0 255 0
195.083 0 154.913 255 0 255
178.642 0 179.544 0 255 0
405.506 0 104.351 255 255 255
147.489 0 175.584 255 255 0
193.8 555 170.769 255 0 0
183.97 0 159.797 255 0 0
146.585 0 192.129 255 0 0
184.851 8.88178e-16 155.675 255 0 0
146.069 0 172.112 255 0 255
159.847 0 191.045 255 0 255
194.532 0 160.025 255 0 255
0 113.336 272.413 255 255 255
177.364 0 183.65 255 0 0
179.899 0 202.934 255 0 0
198.21 5.55112e-17 187.763 255 0 255
144.254 0 171.355 255 0 0
169.352 0 170.212 255 0 0
192.373 0 150.243 255 0 0
149.678 0 183.59 255 0 0
193.03 0 179.931 0 255 255
170.736 0 167.393 255 0 0
151.364 0 195.065 255 0 0
191.615 8.88178e-16 157.794 255 0 0
162.405 0 194.376 255 0 0
163.936 0 184.405 255 0 0
157.9 0 185.604 0 255 0
169.229 0 182.642 0 255 255
362.362 1.42109e-14 215.04 255 255 255
191.068 0 198.182 255 0 0
181.105 0 166.796 255 0 0
192.095 0 180.472 0 255 255
156.75 4.44089e-16 193.138 255 0 0
203.821 0 191.424 255 0 0
126.437 0 171.898 255 0 255
151.31 0 165.982 255 0 0
201.964 0 157.564 255 0 0
188.413 0 165.44 0 255 255
178.341 0 158.887 255 0 255
178.945 0 195.017 255 255 0
187.502 0 171.646 255 0 0
165.213 0 170.785 255 0 0
192.429 0 183.033 255 0 0
195.101 0 165.585 255 0 0
204.867 4.44089e-16 168.196 255 0 255
167.582 -4.44089e-16 179.995 255 0 0
194.419 0 198.657 255 255 0
205.6 0 164.433 255 255 0
157.142 0 173.183 255 0 0
185.757 0 201.319 255 0 0
183.209 -5.55112e-17 183.641 255 255 0
163.792 8.88178e-16 177.473 255 0 0
172.52 0 161.431 255 0 0
182.28 0 151.405 0 255 0
175.089 0 171.255 0 255 255
192.961 0 198.011 255 0 0
178.685 0 176.54 255 0 255
184.67 0 176.813 255 0 0
294.845 555 444.934 255 0 255
201.009 0 168.193 255 0 0
154.667 0 175.011 0 255 255
157.656 -8.88178e-16 203.244 255 255 0
192.581 0 165.27 255 255 0
169.689 -4.44089e-16 175.686 255 0 255
173.548 0 161.355 0 255 255
201.062 0 173.996 255 0 255
0 12.9093 8.81847 255 255 255
181.397 0 148.056 255 255 0
274.422 44.417 292.476 255 255 255
178.25 8.88178e-16 165.899 255 0 0
133.774 8.88178e-16 207.721 255 0 0
161.43 0 187.97 0 255 255
154.175 0 170.311 255 255 0
184.127 0 160.228 255 0 0
169.433 0 184.529 255 0 0
175.783 0 154.283 255 0 0
181.561 0 153.967 255 0 0
398.708 555 130.823 255 255 0
182.291 0 169.074 255 0 255
155.659 0 167.875 255 0 0
174.854 0 168.191 255 0 0
160.058 0 186.667 255 255 0
184.298 0 172.682 255 0 0
340.094 555 70.2269 0 0 255
188.08 0 169.586 0 255 255
162.972 0 200.788 0 255 0
194.045 0 163.587 0 255 255
155.505 0 174.581 255 255 0
108.876 4.44089e-16 27.2071 255 0 255
197.04 0 170.378 255 0 0
340.311 0 10.8622 255 255 255
316.639 99.0645 281.163 255 255 255
183.735 0 159.937 255 0 0
307.697 253.891 283.559 255 0 0
173.889 0 161.051 255 0 0
165.857 -4.44089e-16 192.711 255 255 0
147.628 1.77636e-15 172.472 255 0 0
178.879 0 152.616 255 0 0
177.277 0 163.101 0 255 0
29.9288 122.932 555 255 255 255
192.884 0 156.461 0 255 255
201.846 555 126.187 255 255 255
152.26 0 150.064 255 255 0
204.005 0 192.105 255 0 0
185.704 2.77556e-17 193.039 255 0 0
189.774 0 160.347 255 255 0
161.335 0 186.359 255 0 0
180.023 0 168.839 255 255 0
179.601 0 155.053 255 0 0
151.223 0 153.842 0 255 0
185.143 0 162.816 0 255 0
153.768 0 170.417 255 0 255
174.32 0 179.97 255 0 0
173.575 0 192.239 255 0 0
154.664 0 172.051 255 255 0
151.492 0 156.97 0 255 255
173.056 0 179.279 255 0 0
179.552 0 176.825 255 0 255
191.642 0 159.322 255 0 0
162.932 0 181.945 255 0 0
167.464 0 148.222 255 255 0
151.744 0 190.909 255 0 255
196.635 0 174.922 255 0 255
162.431 0 200.335 255 0 0
160.347 0 168.222 255 0 0
197.91 0 154.861 255 0 0
178.144 0 164.944 255 0 255
199.988 0 179.985 255 0 0
155.155 0 148.687 0 255 0
196.79 0 166.472 255 0 0
181.161 0 195.986 255 0 0
191.17 0 168.44 255 0 0
199.653 0 411.093 255 0 0
171.052 0 167.272 255 0 0
167.453 0 169.926 255 0 0
118.56 0 182.992 0 255 255
154.866 0 183.809 255 255 0
184.477 0 171.739 255 0 0
-1.42109e-14 61.3942 218.936 255 255 255
179.376 0 200.171 255 0 255
187.844 555 538.962 255 0 0
194.999 1.11022e-16 175.24 255 0 255
190.966 0 181.885 0 255 0
190.182 0 160.825 255 0 0
182.48 0 191.921 255 0 0
180.189 0 169.155 255 0 0
187.518 0 196.631 255 255 0
173.638 -8.88178e-16 156.258 255 255 0
174.897 0 106.475 255 0 0
168.323 0 168.315 255 255 0
165.763 0 166.082 255 0 0
177.517 0 178.793 255 0 0
176.688 4.44089e-16 165.289 255 0 255
61.4239 555 103.394 255 0 0
170.737 0 164.083 255 0 0
164.579 0 177.71 0 0 255
195.966 0 177.641 255 0 255
169.491 0 165.961 255 0 255
134.599 0 167.184 255 0 0
199.675 0 168.251 255 0 255
161.465 0 174.552 255 0 255
178.218 0 164.887 255 0 0
173.337 0 156.042 255 0 0
184.627 0 171.561 255 255 0
166.302 0 179.325 0 255 255
181.676 0 181.986 255 0 0
195.126 -5.55112e-17 197.467 0 255 0
205.117 0 154.78 255 0 0
170.33 0 166.323 255 0 0
194.561 0 151.618 255 0 255
170.302 0 157.896 0 255 255
206.208 -2.22045e-16 183.862 255 0 0
172.422 0 177.26 0 255 255
154.221 0 186.145 255 0 0
179.447 0 176.961 255 0 0
156.155 8.88178e-16 169.577 0 255 255
161.531 0 171.812 255 0 0
184.755 0 186.282 0 255 0
181.508 0 170.855 255 0 0
154.92 0 179.436 255 0 255
183.728 0 178.416 255 0 0
160.26 0 169.316 255 0 0
170.29 0 179.038 255 255 0
159.392 0 174.774 255 0 0
164.7 0 172.057 255 0 0
156.012 0 148.339 0 255 0
171.362 4.44089e-16 170.935 255 0 0
209.971 0 183.941 255 0 0
193.354 0 169.484 255 255 0
178.688 0 158.635 0 255 255
153.238 0 195.582 255 0 0
158.596 0 152.739 255 0 0
179.916 0 177.364 255 0 0
168.819 -4.44089e-16 182.262 255 0 0
158.266 0 175.435 255 0 0
193.962 0 169.454 255 0 0
207.044 0 184.667 255 0 0
195.469 0 202.927 255 0 0
166.122 0 195.287 0 0 255
190.299 0 182.19 255 0 0
194.728 0 183.418 255 0 0
150.826 0 178.3 255 0 255
173.225 0 188.62 0 255 255
178.877 0 167.673 0 255 255
192.306 0 175.39 0 255 0
163.244 0 174.797 255 0 0
202.813 0 181.175 0 255 0
171.91 0 164.838 0 255 0
179.995 0 164.72 255 0 0
152.558 0 174.407 255 0 255
161.429 0 163.71 255 0 0
157.984 0 153.087 255 0 0
172.892 0 154.56 255 0 255
157.632 0 166.309 255 0 0
177.957 0 171.304 255 0 0
160.547 0 160.01 255 0 0
176.965 0 196.047 255 0 0
174.478 0 202.227 255 0 0
151.831 0 153.357 0 255 255
171.546 0 185.856 255 0 255
175.643 0 179.084 255 0 0
183.735 0 182.508 0 255 0
163.209 0 180.051 255 0 255
68.275 36.7548 555 255 255 255
184.578 0 170.426 255 0 0
164.277 0 187.794 255 0 255
174.347 0 151.206 0 255 0
200.958 0 173.931 0 0 255
192.937 0 171.796 0 255 255
167.77 0 189.684 255 0 0
183.723 0 150.864 255 255 0
159.557 0 162.291 255 0 0
172.152 0 157.68 255 0 0
174.391 0 182.594 0 255 255
555 122.002 134.865 255 255 255
159.773 0 169.161 255 255 0
176.707 0 167.06 0 0 255
186.037 0 168.446 255 0 0
195.412 0 172.725 255 0 0
161.755 0 161.545 0 255 255
162.971 0 182.909 0 0 255
284.032 555 162.653 255 0 0
153.993 0 162.739 255 0 255
174.409 0 172.752 255 0 0
166.851 0 154.564 255 0 0
184.817 0 184.003 255 0 255
163.496 0 179.536 255 0 0
179.652 0 178.092 255 0 0
419.524 0 224.621 255 255 255
190.66 0 148.707 255 0 0
169.622 0 196.371 255 255 0
196.786 0 168.721 255 0 255
170.853 0 157.656 255 0 255
169.142 0 176.982 0 255 0
161.025 0 181.163 255 0 0
177.575 0 203.958 255 0 0
159.144 0 180.828 255 255 0
165.027 0 173.708 255 0 255
157.361 0 183.946 255 0 255
256.195 127.219 555 255 255 255
196.752 0 168.697 0 255 0
